sample_type,local_order_id,request_sequence,action,side,status,raw_price,order_price,reference_order_price,entry_buffer_pct,price_tick,quantity,cumulative_filled_quantity,signal_lag_id,terminal_lag_id,x_in_ns,x_out_ns,signal_to_x_in_us,signal_to_x_out_us,lead_quote_latency_ns,lag_quote_latency_ns,lead_freshness_ns,lag_freshness_ns,quote_latency_threshold_would_block,quote_latency_threshold_block_reason,runtime_freshness_threshold_would_block,runtime_freshness_threshold_block_reason,signal_book_ticker_id,signal_exchange_ns,signal_contra_price,signal_contra_volume,signal_raw_any,signal_raw_margin_ticks,signal_order_any,signal_order_margin_ticks,signal_reference_any,signal_reference_margin_ticks,x_in_book_ticker_id,x_in_exchange_ns,x_in_contra_price,x_in_contra_volume,x_in_raw_any,x_in_raw_margin_ticks,x_in_order_any,x_in_order_margin_ticks,x_in_reference_any,x_in_reference_margin_ticks,x_out_book_ticker_id,x_out_exchange_ns,x_out_contra_price,x_out_contra_volume,x_out_raw_any,x_out_raw_margin_ticks,x_out_order_any,x_out_order_margin_ticks,x_out_reference_any,x_out_reference_margin_ticks,raw_lifetime_valid,raw_lifetime_any,raw_lifetime_records,raw_lifetime_marketable_records,raw_last_marketable_id,raw_last_marketable_exchange_ns,raw_lifetime_us,order_lifetime_valid,order_lifetime_any,order_lifetime_records,order_lifetime_marketable_records,order_last_marketable_id,order_last_marketable_exchange_ns,order_lifetime_us,reference_lifetime_valid,reference_lifetime_any,reference_lifetime_records,reference_lifetime_marketable_records,reference_last_marketable_id,reference_last_marketable_exchange_ns,reference_lifetime_us
cancel_open_no_fill,288230376151711757,14,kOpenLong,kBuy,kCancelled,0.34192,0.34196,0.34527,0.00979117687733,1e-05,29,0,2251028758,2251028960,1781863960312308992,1781863960312463872,883.992,1038.872,1094912,125696,1095690,670690,false,-,false,-,2251028758,1781863960311425000,0.34192,20,true,0,true,4,true,335,2251028758,1781863960311425000,0.34192,20,true,0,true,4,true,335,2251028797,1781863960312355000,0.34204,61,false,-12,false,-8,true,323,true,true,4,1,2251028758,1781863960311425000,0,true,true,4,1,2251028758,1781863960311425000,0,true,true,4,4,2251028960,1781863960315619000,4194
cancel_open_no_fill,288230376151711759,16,kOpenShort,kSell,kCancelled,0.34142,0.34138,0.33807,0.00979117687733,1e-05,29,0,2251042844,2251042934,1781864108136753920,1781864108136898048,1200.92,1345.048,1504768,100352,1506242,953242,false,-,false,-,2251042844,1781864108135553000,0.34142,28,true,0,true,4,true,335,2251042917,1781864108136593000,0.34091,8,false,-51,false,-47,true,284,2251042917,1781864108136593000,0.34091,8,false,-51,false,-47,true,284,true,true,3,1,2251042844,1781864108135553000,0,true,true,3,1,2251042844,1781864108135553000,0,true,true,3,3,2251042934,1781864108138107000,2554
cancel_open_no_fill,288230376151711760,17,kOpenLong,kBuy,kCancelled,0.34104,0.34108,0.34438,0.00979117687733,1e-05,29,0,2251043017,2251043084,1781864108140229888,1781864108140328960,1046.888,1145.96,1020928,138752,1021782,838782,false,-,false,-,2251043017,1781864108139183000,0.34104,18,true,0,true,4,true,334,2251043032,1781864108140120000,0.34142,8,false,-38,false,-34,true,296,2251043032,1781864108140120000,0.34142,8,false,-38,false,-34,true,296,true,true,3,1,2251043017,1781864108139183000,0,true,true,3,1,2251043017,1781864108139183000,0,true,true,3,3,2251043084,1781864108141143000,1960
cancel_open_no_fill,288230376151711819,76,kOpenLong,kBuy,kCancelled,0.34243,0.34247,0.34579,0.00979117687733,1e-05,29,0,2251178025,2251178368,1781866070159660032,1781866070159770880,348.032,458.88,446208,139264,453194,141194,false,-,false,-,2251178025,1781866070159312000,0.34243,17,true,0,true,4,true,336,2251178025,1781866070159312000,0.34243,17,true,0,true,4,true,336,2251178025,1781866070159312000,0.34243,17,true,0,true,4,true,336,true,true,5,1,2251178025,1781866070159312000,0,true,true,5,1,2251178025,1781866070159312000,0,true,true,5,5,2251178368,1781866070164864000,5552
cancel_open_no_fill,288230376151711949,206,kOpenShort,kSell,kCancelled,0.34102,0.34098,0.33768,0.00979117687733,1e-05,29,0,2251643448,2251643587,1781871530097219072,1781871530097351936,680.072,812.936,1001216,89600,1002140,463140,false,-,false,-,2251643448,1781871530096539000,0.34102,17,true,5.55111512313e-12,true,4,true,334,2251643448,1781871530096539000,0.34102,17,true,5.55111512313e-12,true,4,true,334,2251643448,1781871530096539000,0.34102,17,true,5.55111512313e-12,true,4,true,334,true,true,6,1,2251643448,1781871530096539000,0,true,true,6,1,2251643448,1781871530096539000,0,true,true,6,6,2251643587,1781871530102964000,6425
cancel_open_no_fill,288230376151711986,243,kOpenLong,kBuy,kCancelled,0.34367,0.34371,0.34704,0.00979117687733,1e-05,29,0,2251729955,2251730043,1781872749138711040,1781872749138855936,1016.04,1160.936,502528,102400,504000,809000,false,-,false,-,2251729955,1781872749137695000,0.34367,18,false,-5.55111512313e-12,true,4,true,337,2251729955,1781872749137695000,0.34367,18,false,-5.55111512313e-12,true,4,true,337,2251729988,1781872749138853000,0.34385,28,false,-18,false,-14,true,319,true,false,3,,,,,true,true,3,1,2251729955,1781872749137695000,0,true,true,3,3,2251730043,1781872749139780000,2085
cancel_open_no_fill,288230376151711991,248,kOpenLong,kBuy,kCancelled,0.34503,0.34507,0.34841,0.00979117687733,1e-05,28,0,2251745464,2251745789,1781872837106704896,1781872837106838016,892.896,1026.016,1478656,185088,1479667,667667,false,-,false,-,2251745464,1781872837105812000,0.34503,8,true,0,true,4,true,338,2251745464,1781872837105812000,0.34503,8,true,0,true,4,true,338,2251745464,1781872837105812000,0.34503,8,true,0,true,4,true,338,true,true,4,1,2251745464,1781872837105812000,0,true,true,4,1,2251745464,1781872837105812000,0,true,true,4,4,2251745789,1781872837109018000,3206
cancel_open_no_fill,288230376151711992,249,kOpenLong,kBuy,kCancelled,0.34673,0.34677,0.35013,0.00979117687733,1e-05,28,0,2251752418,2251752684,1781872861877172992,1781872861877275904,1045.992,1148.904,946176,122112,947379,820379,false,-,false,-,2251752418,1781872861876127000,0.34673,8,false,-5.55111512313e-12,true,4,true,340,2251752447,1781872861877172000,0.34699,8,false,-26,false,-22,true,314,2251752447,1781872861877172000,0.34699,8,false,-26,false,-22,true,314,true,false,4,,,,,true,true,4,1,2251752418,1781872861876127000,0,true,true,4,4,2251752684,1781872861879362000,3235
cancel_open_no_fill,288230376151711994,251,kOpenLong,kBuy,kCancelled,0.34672,0.34676,0.35012,0.00979117687733,1e-05,28,0,2251782756,2251783342,1781873076566797056,1781873076566942976,494.056,639.976,1543680,140800,1545434,242434,false,-,false,-,2251782756,1781873076566303000,0.34672,8,false,-5.55111512313e-12,true,4,true,340,2251782756,1781873076566303000,0.34672,8,false,-5.55111512313e-12,true,4,true,340,2251782756,1781873076566303000,0.34672,8,false,-5.55111512313e-12,true,4,true,340,true,false,8,,,,,true,true,8,1,2251782756,1781873076566303000,0,true,true,8,8,2251783342,1781873076573876000,7573
cancel_open_no_fill,288230376151711997,254,kOpenLong,kBuy,kCancelled,0.35194,0.35198,0.35539,0.00979117687733,1e-05,28,0,2251821288,2251821658,1781873330169268992,1781873330172091904,15605.992,18428.904,999168,130048,999882,15336882,true,freshness_lag,false,-,2251821288,1781873330153663000,0.35194,23,false,-5.55111512313e-12,true,4,true,345,2251821288,1781873330153663000,0.35194,23,false,-5.55111512313e-12,true,4,true,345,2251821317,1781873330170713000,0.35194,23,false,-5.55111512313e-12,true,4,true,345,true,false,8,,,,,true,true,8,3,2251821328,1781873330173849000,20186,true,true,8,8,2251821658,1781873330184751000,31088
cancel_open_no_fill,288230376151711998,255,kOpenShort,kSell,kCancelled,0.35357,0.35353,0.3501,0.00979117687733,1e-05,28,0,2251823367,2251823486,1781873330911747072,1781873330912030976,3436.072,3719.976,1515008,137216,1516746,3205746,true,freshness_lag,false,-,2251823367,1781873330908311000,0.35357,20,true,5.55111512313e-12,true,4,true,347,2251823367,1781873330908311000,0.35357,20,true,5.55111512313e-12,true,4,true,347,2251823367,1781873330908311000,0.35357,20,true,5.55111512313e-12,true,4,true,347,true,true,3,1,2251823367,1781873330908311000,0,true,true,3,1,2251823367,1781873330908311000,0,true,true,3,3,2251823486,1781873330913934000,5623
cancel_open_no_fill,288230376151712051,308,kOpenLong,kBuy,kCancelled,0.36461,0.36465,0.36818,0.00979117687733,1e-05,27,0,2252131092,2252131371,1781874929914461952,1781874929914580992,1449.952,1568.992,1222656,188416,1223989,1211989,true,freshness_lag,false,-,2252131092,1781874929913012000,0.36461,8,false,-5.55111512313e-12,true,3.99999999999,true,357,2252131184,1781874929914065000,0.36511,8,false,-50,false,-46,true,307,2252131184,1781874929914065000,0.36511,8,false,-50,false,-46,true,307,true,false,5,,,,,true,true,5,1,2252131092,1781874929913012000,0,true,true,5,5,2252131371,1781874929918618000,5606
cancel_open_no_fill,288230376151712053,310,kOpenLong,kBuy,kCancelled,0.36766,0.3677,0.37126,0.00979117687733,1e-05,27,0,2252147684,2252147899,1781874968152036096,1781874968152257024,1056.096,1277.024,813312,195584,814050,834050,false,-,false,-,2252147684,1781874968150980000,0.36766,24,false,-5.55111512313e-12,true,4,true,360,2252147727,1781874968151917000,0.36794,24,false,-28,false,-24,true,332,2252147727,1781874968151917000,0.36794,24,false,-28,false,-24,true,332,true,false,4,,,,,true,true,4,1,2252147684,1781874968150980000,0,true,true,4,4,2252147899,1781874968153943000,2963
cancel_open_no_fill,288230376151712054,311,kOpenShort,kSell,kCancelled,0.36487,0.36483,0.36129,0.00979117687733,1e-05,27,0,2252159820,2252160003,1781874997738790912,1781874997738945024,626.912,781.024,1566976,256768,1568405,404405,false,-,false,-,2252159820,1781874997738164000,0.36487,8,true,0,true,4,true,358,2252159820,1781874997738164000,0.36487,8,true,0,true,4,true,358,2252159820,1781874997738164000,0.36487,8,true,0,true,4,true,358,true,true,4,1,2252159820,1781874997738164000,0,true,true,4,1,2252159820,1781874997738164000,0,true,true,4,4,2252160003,1781874997741384000,3220
cancel_open_no_fill,288230376151712055,312,kOpenLong,kBuy,kCancelled,0.35667,0.35671,0.36017,0.00979117687733,1e-05,28,0,2252177325,2252177404,1781875014152222976,1781875014152382976,1064.976,1224.976,1009152,221184,1010012,852012,false,-,false,-,2252177325,1781875014151158000,0.35667,847,false,-5.55111512313e-12,true,4,true,350,2252177325,1781875014151158000,0.35667,847,false,-5.55111512313e-12,true,4,true,350,2252177361,1781875014152276000,0.35667,810,false,-5.55111512313e-12,true,4,true,350,true,false,4,,,,,true,true,4,2,2252177361,1781875014152276000,1118,true,true,4,4,2252177404,1781875014154495000,3337
cancel_open_no_fill,288230376151712056,313,kOpenLong,kBuy,kCancelled,0.35484,0.35488,0.35832,0.00979117687733,1e-05,28,0,2252179554,2252179711,1781875015271272960,1781875015271502080,18609.96,18839.08,1032704,213760,1033582,18370582,true,freshness_lag,false,-,2252179554,1781875015252663000,0.35484,8,false,-5.55111512313e-12,true,3.99999999999,true,348,2252179624,1781875015270844000,0.355,267,false,-16,false,-12,true,332,2252179624,1781875015270844000,0.355,267,false,-16,false,-12,true,332,true,false,5,,,,,true,true,5,1,2252179554,1781875015252663000,0,true,true,5,5,2252179711,1781875015274701000,22038
cancel_open_no_fill,288230376151712057,314,kOpenLong,kBuy,kCancelled,0.35522,0.35526,0.3587,0.00979117687733,1e-05,28,0,2252182910,2252182971,1781875018733278976,1781875018733392896,1399.976,1513.896,1080320,187392,1081263,1202263,true,freshness_lag,false,-,2252182910,1781875018731879000,0.35522,8,false,-5.55111512313e-12,true,4,true,348,2252182913,1781875018733051000,0.35522,8,false,-5.55111512313e-12,true,4,true,348,2252182913,1781875018733051000,0.35522,8,false,-5.55111512313e-12,true,4,true,348,true,false,4,,,,,true,true,4,2,2252182913,1781875018733051000,1172,true,true,4,4,2252182971,1781875018735759000,3880
cancel_open_no_fill,288230376151712060,317,kOpenLong,kBuy,kCancelled,0.35227,0.35231,0.35572,0.00979117687733,1e-05,28,0,2252201683,2252201787,1781875047323762944,1781875047324133120,13293.944,13664.12,1505536,191488,1506974,13037974,true,freshness_lag,false,-,2252201683,1781875047310469000,0.35227,33,true,0,true,4,true,345,2252201683,1781875047310469000,0.35227,33,true,0,true,4,true,345,2252201726,1781875047323863000,0.35257,1542,false,-30,false,-26,true,315,true,true,3,1,2252201683,1781875047310469000,0,true,true,3,1,2252201683,1781875047310469000,0,true,true,3,3,2252201787,1781875047325279000,14810
cancel_open_no_fill,288230376151712062,319,kOpenShort,kSell,kCancelled,0.35522,0.35518,0.35174,0.00979117687733,1e-05,28,0,2252260107,2252260250,1781875113836244992,1781875113836359936,831.992,946.936,1010176,224256,1011475,598475,false,-,false,-,2252260107,1781875113835413000,0.35522,8,true,5.55111512313e-12,true,4,true,348,2252260107,1781875113835413000,0.35522,8,true,5.55111512313e-12,true,4,true,348,2252260107,1781875113835413000,0.35522,8,true,5.55111512313e-12,true,4,true,348,true,true,3,1,2252260107,1781875113835413000,0,true,true,3,1,2252260107,1781875113835413000,0,true,true,3,3,2252260250,1781875113837443000,2030
cancel_open_no_fill,288230376151712066,323,kOpenShort,kSell,kCancelled,0.35599,0.35595,0.3525,0.00979117687733,1e-05,28,0,2252328857,2252329211,1781875263957708032,1781875263957893120,1343.032,1528.12,1475072,194048,1476703,1111703,true,freshness_lag,false,-,2252328857,1781875263956365000,0.35599,8,true,5.55111512313e-12,true,4,true,349,2252328977,1781875263957490000,0.35491,8,false,-108,false,-104,true,241,2252328977,1781875263957490000,0.35491,8,false,-108,false,-104,true,241,true,true,10,1,2252328857,1781875263956365000,0,true,true,10,1,2252328857,1781875263956365000,0,true,true,10,10,2252329211,1781875263965715000,9350
cancel_open_no_fill,288230376151712086,343,kOpenLong,kBuy,kCancelled,0.3449,0.34494,0.34828,0.00979117687733,1e-05,28,0,2252531107,2252531248,1781875787575620096,1781875787575774976,640.096,794.976,1395200,218880,1396266,416266,false,-,false,-,2252531107,1781875787574980000,0.3449,425,false,-5.55111512313e-12,true,4,true,338,2252531107,1781875787574980000,0.3449,425,false,-5.55111512313e-12,true,4,true,338,2252531107,1781875787574980000,0.3449,425,false,-5.55111512313e-12,true,4,true,338,true,false,4,,,,,true,true,4,1,2252531107,1781875787574980000,0,true,true,4,4,2252531248,1781875787578044000,3064
cancel_open_no_fill,288230376151712088,345,kOpenLong,kBuy,kCancelled,0.3457,0.34574,0.34909,0.00979117687733,1e-05,28,0,2252536952,2252537105,1781875824326206976,1781875824326356992,1853.976,2003.992,994048,192000,995083,1642083,true,freshness_lag,false,-,2252536952,1781875824324353000,0.3457,135,true,0,true,4,true,339,2252536952,1781875824324353000,0.3457,135,true,0,true,4,true,339,2252536952,1781875824324353000,0.3457,135,true,0,true,4,true,339,true,true,3,1,2252536952,1781875824324353000,0,true,true,3,1,2252536952,1781875824324353000,0,true,true,3,3,2252537105,1781875824327440000,3087
cancel_open_no_fill,288230376151712112,369,kOpenShort,kSell,kCancelled,0.34541,0.34537,0.34202,0.00979117687733,1e-05,28,0,2252637937,2252638124,1781876376545474048,1781876376545587968,796.048,909.968,1258240,186112,1259642,581642,false,-,false,-,2252637937,1781876376544678000,0.34541,2542,true,5.55111512313e-12,true,4,true,339,2252637937,1781876376544678000,0.34541,2542,true,5.55111512313e-12,true,4,true,339,2252637937,1781876376544678000,0.34541,2542,true,5.55111512313e-12,true,4,true,339,true,true,5,3,2252637989,1781876376546678000,2000,true,true,5,3,2252637989,1781876376546678000,2000,true,true,5,5,2252638124,1781876376548706000,4028
cancel_open_no_fill,288230376151712114,371,kOpenLong,kBuy,kCancelled,0.34508,0.34512,0.34846,0.00979117687733,1e-05,28,0,2252717817,2252717926,1781876653357830912,1781876653358064128,2741.912,2975.128,1483264,233216,1484484,2395484,true,freshness_lag,false,-,2252717817,1781876653355089000,0.34508,27,false,-5.55111512313e-12,true,3.99999999999,true,338,2252717817,1781876653355089000,0.34508,27,false,-5.55111512313e-12,true,3.99999999999,true,338,2252717817,1781876653355089000,0.34508,27,false,-5.55111512313e-12,true,3.99999999999,true,338,true,false,3,,,,,true,true,3,1,2252717817,1781876653355089000,0,true,true,3,3,2252717926,1781876653375630000,20541
cancel_open_no_fill,288230376151712115,372,kOpenLong,kBuy,kCancelled,0.34561,0.34565,0.349,0.00979117687733,1e-05,28,0,2252717972,2252718140,1781876653377705984,1781876653377978112,1177.984,1450.112,1480192,260608,1481266,953266,false,-,false,-,2252717972,1781876653376528000,0.34561,8,false,-5.55111512313e-12,true,4,true,339,2252718004,1781876653377669000,0.34561,8,false,-5.55111512313e-12,true,4,true,339,2252718004,1781876653377669000,0.34561,8,false,-5.55111512313e-12,true,4,true,339,true,false,8,,,,,true,true,8,2,2252718004,1781876653377669000,1141,true,true,8,8,2252718140,1781876653390820000,14292
cancel_open_no_fill,288230376151712139,396,kOpenLong,kBuy,kCancelled,0.3519,0.35194,0.35535,0.00979117687733,1e-05,28,0,2252778488,2252778581,1781876898398906880,1781876898399075072,4543.88,4712.072,1670400,284672,1671379,4308379,true,freshness_lag,false,-,2252778488,1781876898394363000,0.3519,24,false,-5.55111512313e-12,true,3.99999999999,true,345,2252778488,1781876898394363000,0.3519,24,false,-5.55111512313e-12,true,3.99999999999,true,345,2252778488,1781876898394363000,0.3519,24,false,-5.55111512313e-12,true,3.99999999999,true,345,true,false,8,,,,,true,true,8,1,2252778488,1781876898394363000,0,true,true,8,8,2252778581,1781876898427986000,33623
cancel_open_no_fill,288230376151712141,398,kOpenShort,kSell,kCancelled,0.34259,0.34255,0.33923,0.00979117687733,1e-05,29,0,2252808187,2252808365,1781876992057540096,1781876992057838080,3593.096,3891.08,1315840,231424,1317316,3370316,true,freshness_lag,false,-,2252808187,1781876992053947000,0.34259,40,true,0,true,4,true,336,2252808206,1781876992057088000,0.34258,1971,false,-0.999999999995,true,3,true,335,2252808206,1781876992057088000,0.34258,1971,false,-0.999999999995,true,3,true,335,true,true,4,1,2252808187,1781876992053947000,0,true,true,4,2,2252808206,1781876992057088000,3141,true,true,4,4,2252808365,1781876992059300000,5353
cancel_open_no_fill,288230376151712142,399,kOpenShort,kSell,kCancelled,0.34253,0.34249,0.33917,0.00979117687733,1e-05,29,0,2252809422,2252809422,1781876992099226880,1781876992099341056,1149.88,1264.056,1023744,189696,1024459,947459,false,-,false,-,2252809422,1781876992098077000,0.34253,9,true,0,true,4,true,336,2252809422,1781876992098077000,0.34253,9,true,0,true,4,true,336,2252809422,1781876992098077000,0.34253,9,true,0,true,4,true,336,true,true,1,1,2252809422,1781876992098077000,0,true,true,1,1,2252809422,1781876992098077000,0,true,true,1,1,2252809422,1781876992098077000,0
cancel_open_no_fill,288230376151712143,400,kOpenShort,kSell,kCancelled,0.34257,0.34253,0.33921,0.00979117687733,1e-05,29,0,2252809498,2252809547,1781876992103706112,1781876992103866112,868.112,1028.112,1502464,239616,1503634,665634,false,-,false,-,2252809498,1781876992102838000,0.34257,533,true,5.55111512313e-12,true,4,true,336,2252809498,1781876992102838000,0.34257,533,true,5.55111512313e-12,true,4,true,336,2252809536,1781876992103829000,0.34197,18,false,-60,false,-56,true,276,true,true,3,1,2252809498,1781876992102838000,0,true,true,3,1,2252809498,1781876992102838000,0,true,true,3,3,2252809547,1781876992104865000,2027
cancel_open_no_fill,288230376151712144,401,kOpenShort,kSell,kCancelled,0.34241,0.34237,0.33905,0.00979117687733,1e-05,29,0,2252813598,2252813625,1781876994038158080,1781876994038297088,1248.08,1387.088,947712,240896,948867,1038867,true,freshness_lag,false,-,2252813598,1781876994036910000,0.34241,8,true,5.55111512313e-12,true,4,true,336,2252813611,1781876994037979000,0.34208,59,false,-33,false,-29,true,303,2252813611,1781876994037979000,0.34208,59,false,-33,false,-29,true,303,true,true,3,1,2252813598,1781876994036910000,0,true,true,3,1,2252813598,1781876994036910000,0,true,true,3,3,2252813625,1781876994038993000,2083
cancel_open_no_fill,288230376151712152,409,kOpenLong,kBuy,kCancelled,0.34263,0.34267,0.34599,0.00979117687733,1e-05,29,0,2252851590,2252851720,1781877266445424896,1781877266445574912,4557.896,4707.912,1221632,256256,1222195,4355195,true,freshness_lag,false,-,2252851590,1781877266440867000,0.34263,186,false,-5.55111512313e-12,true,3.99999999999,true,336,2252851590,1781877266440867000,0.34263,186,false,-5.55111512313e-12,true,3.99999999999,true,336,2252851590,1781877266440867000,0.34263,186,false,-5.55111512313e-12,true,3.99999999999,true,336,true,false,22,,,,,true,true,22,17,2252851696,1781877266591667000,150800,true,true,22,22,2252851720,1781877266616019000,175152
cancel_open_no_fill,288230376151712176,433,kOpenLong,kBuy,kCancelled,0.34588,0.34592,0.34927,0.00979117687733,1e-05,28,0,2252905550,2252905569,1781877405912679936,1781877405912867072,1612.936,1800.072,480512,199168,481636,1414636,true,freshness_lag,false,-,2252905550,1781877405911067000,0.34588,160,true,0,true,4,true,339,2252905551,1781877405912532000,0.34588,148,true,0,true,4,true,339,2252905551,1781877405912532000,0.34588,148,true,0,true,4,true,339,true,true,3,3,2252905569,1781877405913544000,2477,true,true,3,3,2252905569,1781877405913544000,2477,true,true,3,3,2252905569,1781877405913544000,2477
cancel_open_no_fill,288230376151712187,444,kOpenShort,kSell,kCancelled,0.35559,0.35555,0.3521,0.00979117687733,1e-05,28,0,2253196650,2253196690,1781877903764764928,1781877903764989952,1518.928,1743.952,1512448,218368,1513336,1267336,true,freshness_lag,false,-,2253196650,1781877903763246000,0.35559,3,true,0,true,4,true,349,2253196690,1781877903764313000,0.35541,8,false,-18,false,-14,true,331,2253196690,1781877903764313000,0.35541,8,false,-18,false,-14,true,331,true,true,2,1,2253196650,1781877903763246000,0,true,true,2,1,2253196650,1781877903763246000,0,true,true,2,2,2253196690,1781877903764313000,1067
cancel_open_no_fill,288230376151712208,465,kOpenShort,kSell,kCancelled,0.34687,0.34683,0.34347,0.00979117687733,1e-05,28,0,2253409671,2253409729,1781878671196807936,1781878671196982016,921.936,1096.016,1562624,210944,1563420,677420,false,-,false,-,2253409671,1781878671195886000,0.34687,8,true,0,true,4,true,340,2253409690,1781878671196803000,0.34672,151,false,-15,false,-11,true,325,2253409690,1781878671196803000,0.34672,151,false,-15,false,-11,true,325,true,true,3,1,2253409671,1781878671195886000,0,true,true,3,1,2253409671,1781878671195886000,0,true,true,3,3,2253409729,1781878671197872000,1986
cancel_open_no_fill,288230376151712212,469,kOpenShort,kSell,kCancelled,0.35265,0.35261,0.34919,0.00979117687733,1e-05,28,0,2253427934,2253428069,1781878719523014912,1781878719523184896,537.912,707.896,741888,226304,743027,266027,false,-,false,-,2253427934,1781878719522477000,0.35265,41,true,0,true,4,true,346,2253427934,1781878719522477000,0.35265,41,true,0,true,4,true,346,2253427934,1781878719522477000,0.35265,41,true,0,true,4,true,346,true,true,6,3,2253427973,1781878719526676000,4199,true,true,6,3,2253427973,1781878719526676000,4199,true,true,6,6,2253428069,1781878719534791000,12314
cancel_open_no_fill,288230376151712220,477,kOpenShort,kSell,kCancelled,0.35447,0.35443,0.35099,0.00979117687733,1e-05,28,0,2253510610,2253510729,1781879012234697984,1781879012234865920,3323.984,3491.92,1481216,180480,1482372,3108372,true,freshness_lag,false,-,2253510610,1781879012231374000,0.35447,16,true,0,true,4,true,348,2253510610,1781879012231374000,0.35447,16,true,0,true,4,true,348,2253510615,1781879012234722000,0.35447,16,true,0,true,4,true,348,true,true,8,3,2253510627,1781879012235644000,4270,true,true,8,3,2253510627,1781879012235644000,4270,true,true,8,8,2253510729,1781879012242805000,11431
cancel_open_no_fill,288230376151712226,483,kOpenShort,kSell,kCancelled,0.35488,0.35484,0.3514,0.00979117687733,1e-05,28,0,2253526197,2253526255,1781879098449423104,1781879098449862912,848.104,1287.912,990720,191232,992212,417212,false,-,false,-,2253526197,1781879098448575000,0.35488,11,true,5.55111512313e-12,true,4,true,348,2253526197,1781879098448575000,0.35488,11,true,5.55111512313e-12,true,4,true,348,2253526221,1781879098449689000,0.3547,22,false,-18,false,-14,true,330,true,true,3,1,2253526197,1781879098448575000,0,true,true,3,1,2253526197,1781879098448575000,0,true,true,3,3,2253526255,1781879098450737000,2162
cancel_open_no_fill,288230376151712227,484,kOpenLong,kBuy,kCancelled,0.35527,0.35531,0.35875,0.00979117687733,1e-05,28,0,2253528353,2253528353,1781879102481679872,1781879102481783040,1381.872,1485.04,1473024,243968,1473606,1175606,true,freshness_lag,false,-,2253528353,1781879102480298000,0.35527,225,false,-5.55111512313e-12,true,4,true,348,2253528353,1781879102480298000,0.35527,225,false,-5.55111512313e-12,true,4,true,348,2253528353,1781879102480298000,0.35527,225,false,-5.55111512313e-12,true,4,true,348,true,false,1,,,,,true,true,1,1,2253528353,1781879102480298000,0,true,true,1,1,2253528353,1781879102480298000,0
cancel_open_no_fill,288230376151712228,485,kOpenLong,kBuy,kCancelled,0.35527,0.35531,0.35875,0.00979117687733,1e-05,28,0,2253528353,2253528491,1781879102486310912,1781879102486448128,6012.912,6150.128,1104128,243968,1104658,5806658,true,freshness_lag,false,-,2253528353,1781879102480298000,0.35527,225,false,-5.55111512313e-12,true,4,true,348,2253528387,1781879102486198000,0.3558,8,false,-53,false,-49,true,295,2253528387,1781879102486198000,0.3558,8,false,-53,false,-49,true,295,true,false,4,,,,,true,true,4,1,2253528353,1781879102480298000,0,true,true,4,4,2253528491,1781879102488342000,8044
cancel_open_no_fill,288230376151712230,487,kOpenLong,kBuy,kCancelled,0.35542,0.35546,0.3589,0.00979117687733,1e-05,28,0,2253537563,2253537774,1781879153494849024,1781879153494999040,898.024,1048.04,1608192,239360,1609212,658212,false,-,false,-,2253537563,1781879153493951000,0.35542,14,true,0,true,4,true,348,2253537563,1781879153493951000,0.35542,14,true,0,true,4,true,348,2253537563,1781879153493951000,0.35542,14,true,0,true,4,true,348,true,true,7,1,2253537563,1781879153493951000,0,true,true,7,1,2253537563,1781879153493951000,0,true,true,7,7,2253537774,1781879153506906000,12955
cancel_open_no_fill,288230376151712243,500,kOpenShort,kSell,kCancelled,0.35386,0.35382,0.35039,0.00979117687733,1e-05,28,0,2253606578,2253606598,1781879640763154944,1781879640763284992,841.944,971.992,954880,200448,956180,643180,false,-,false,-,2253606578,1781879640762313000,0.35386,7,true,0,true,4,true,347,2253606578,1781879640762313000,0.35386,7,true,0,true,4,true,347,2253606578,1781879640762313000,0.35386,7,true,0,true,4,true,347,true,true,3,1,2253606578,1781879640762313000,0,true,true,3,1,2253606578,1781879640762313000,0,true,true,3,3,2253606598,1781879640764411000,2098
cancel_open_no_fill,288230376151712247,504,kOpenLong,kBuy,kCancelled,0.35614,0.35618,0.35963,0.00979117687733,1e-05,28,0,2253631138,2253631481,1781879857096398080,1781879857096536064,1260.08,1398.064,1190144,187904,1191620,1053620,true,freshness_lag,false,-,2253631138,1781879857095138000,0.35614,13,true,0,true,4,true,349,2253631140,1781879857096107000,0.35614,13,true,0,true,4,true,349,2253631140,1781879857096107000,0.35614,13,true,0,true,4,true,349,true,true,7,2,2253631140,1781879857096107000,969,true,true,7,2,2253631140,1781879857096107000,969,true,true,7,7,2253631481,1781879857101655000,6517
cancel_open_no_fill,288230376151712251,508,kOpenShort,kSell,kCancelled,0.35795,0.35791,0.35444,0.00979117687733,1e-05,27,0,2253678543,2253678574,1781880145959196928,1781880145959435008,1323.928,1562.008,969216,238592,971070,1098070,true,freshness_lag,false,-,2253678543,1781880145957873000,0.35795,152,true,5.55111512313e-12,true,4,true,351,2253678562,1781880145958875000,0.35795,111,true,5.55111512313e-12,true,4,true,351,2253678562,1781880145958875000,0.35795,111,true,5.55111512313e-12,true,4,true,351,true,true,3,2,2253678562,1781880145958875000,1002,true,true,3,2,2253678562,1781880145958875000,1002,true,true,3,3,2253678574,1781880145960450000,2577
cancel_open_no_fill,288230376151712261,518,kOpenShort,kSell,kCancelled,0.36174,0.3617,0.35819,0.00979117687733,1e-05,27,0,2253787854,2253787970,1781880848159225088,1781880848163642112,2077.088,6494.112,996352,190464,997999,1849999,true,freshness_lag,false,-,2253787854,1781880848157148000,0.36174,4,true,0,true,4,true,355,2253787868,1781880848159133000,0.36174,48,true,0,true,4,true,355,2253787948,1781880848163581000,0.3611,25,false,-64,false,-60,true,291,true,true,6,2,2253787868,1781880848159133000,1985,true,true,6,2,2253787868,1781880848159133000,1985,true,true,6,6,2253787970,1781880848164593000,7445
cancel_open_no_fill,288230376151712263,520,kOpenShort,kSell,kCancelled,0.36038,0.36034,0.35685,0.00979117687733,1e-05,27,0,2253798807,2253798868,1781880923412747008,1781880923412884992,4021.008,4158.992,1516800,243200,1518093,3792093,true,freshness_lag,false,-,2253798807,1781880923408726000,0.36038,8,true,5.55111512313e-12,true,4,true,353,2253798807,1781880923408726000,0.36038,8,true,5.55111512313e-12,true,4,true,353,2253798807,1781880923408726000,0.36038,8,true,5.55111512313e-12,true,4,true,353,true,true,3,1,2253798807,1781880923408726000,0,true,true,3,1,2253798807,1781880923408726000,0,true,true,3,3,2253798868,1781880923414012000,5286
cancel_open_no_fill,288230376151712264,521,kOpenLong,kBuy,kCancelled,0.36112,0.36116,0.36466,0.00979117687733,1e-05,27,0,2253801423,2253801576,1781880925954277120,1781880925954391040,499.12,613.04,1038080,218368,1038883,260883,false,-,false,-,2253801423,1781880925953778000,0.36112,20,false,-5.55111512313e-12,true,3.99999999999,true,354,2253801423,1781880925953778000,0.36112,20,false,-5.55111512313e-12,true,3.99999999999,true,354,2253801423,1781880925953778000,0.36112,20,false,-5.55111512313e-12,true,3.99999999999,true,354,true,false,5,,,,,true,true,5,1,2253801423,1781880925953778000,0,true,true,5,5,2253801576,1781880925958230000,4452
cancel_open_no_fill,288230376151712265,522,kOpenShort,kSell,kCancelled,0.36153,0.36149,0.35799,0.00979117687733,1e-05,27,0,2253801911,2253801953,1781880926147667968,1781880926147791872,1285.968,1409.872,1458176,260096,1458593,1076593,true,freshness_lag,false,-,2253801911,1781880926146382000,0.36153,7,true,0,true,4,true,354,2253801928,1781880926147419000,0.36118,8,false,-35,false,-31,true,319,2253801928,1781880926147419000,0.36118,8,false,-35,false,-31,true,319,true,true,3,1,2253801911,1781880926146382000,0,true,true,3,1,2253801911,1781880926146382000,0,true,true,3,3,2253801953,1781880926148555000,2173
cancel_open_no_fill,288230376151712271,528,kOpenShort,kSell,kCancelled,0.3557,0.35566,0.35221,0.00979117687733,1e-05,28,0,2253912445,2253912623,1781881563849841920,1781881563850050048,983.92,1192.048,1600000,183552,1601054,743054,false,-,false,-,2253912445,1781881563848858000,0.3557,19,true,0,true,4,true,349,2253912445,1781881563848858000,0.3557,19,true,0,true,4,true,349,2253912489,1781881563849877000,0.3555,2,false,-20,false,-16,true,329,true,true,4,1,2253912445,1781881563848858000,0,true,true,4,1,2253912445,1781881563848858000,0,true,true,4,4,2253912623,1781881563851986000,3128
cancel_open_no_fill,288230376151712276,533,kOpenShort,kSell,kCancelled,0.35738,0.35734,0.35388,0.00979117687733,1e-05,27,0,2253992606,2253992947,1781882056782686976,1781882056782836992,1012.976,1162.992,1470208,242688,1470991,796991,false,-,false,-,2253992606,1781882056781674000,0.35738,4,true,5.55111512313e-12,true,4,true,350,2253992647,1781882056782582000,0.35674,8,false,-64,false,-60,true,286,2253992647,1781882056782582000,0.35674,8,false,-64,false,-60,true,286,true,true,7,1,2253992606,1781882056781674000,0,true,true,7,1,2253992606,1781882056781674000,0,true,true,7,7,2253992947,1781882056788379000,6705
cancel_open_no_fill,288230376151712283,540,kOpenLong,kBuy,kCancelled,0.36152,0.36156,0.36506,0.00979117687733,1e-05,27,0,2254041541,2254041865,1781882280472369920,1781882280472489984,536.92,656.984,1147904,206848,1149324,316324,false,-,false,-,2254041541,1781882280471833000,0.36152,65,true,0,true,4,true,354,2254041541,1781882280471833000,0.36152,65,true,0,true,4,true,354,2254041541,1781882280471833000,0.36152,65,true,0,true,4,true,354,true,true,4,1,2254041541,1781882280471833000,0,true,true,4,1,2254041541,1781882280471833000,0,true,true,4,4,2254041865,1781882280475972000,4139
cancel_open_no_fill,288230376151712284,541,kOpenShort,kSell,kCancelled,0.36183,0.36179,0.35828,0.00979117687733,1e-05,27,0,2254041865,2254041956,1781882280477168128,1781882280477271040,1196.128,1299.04,980992,217856,981883,1009883,true,freshness_lag,false,-,2254041865,1781882280475972000,0.36183,10,true,5.55111512313e-12,true,4,true,355,2254041932,1781882280477077000,0.36153,65,false,-30,false,-26,true,325,2254041932,1781882280477077000,0.36153,65,false,-30,false,-26,true,325,true,true,3,1,2254041865,1781882280475972000,0,true,true,3,1,2254041865,1781882280475972000,0,true,true,3,3,2254041956,1781882280478005000,2033
cancel_open_no_fill,288230376151712292,549,kOpenLong,kBuy,kCancelled,0.36034,0.36038,0.36387,0.00979117687733,1e-05,27,0,2254109235,2254109644,1781882715555008000,1781882715555162112,13978,14132.112,1780480,216064,1781618,13751618,true,freshness_lag,false,-,2254109235,1781882715541030000,0.36034,21,false,-5.55111512313e-12,true,3.99999999999,true,353,2254109304,1781882715554920000,0.36063,8,false,-29,false,-25,true,324,2254109304,1781882715554920000,0.36063,8,false,-29,false,-25,true,324,true,false,8,,,,,true,true,8,1,2254109235,1781882715541030000,0,true,true,8,8,2254109644,1781882715566947000,25917
cancel_open_no_fill,288230376151712322,579,kOpenLong,kBuy,kCancelled,0.35845,0.35849,0.36196,0.00979117687733,1e-05,27,0,2254371705,2254371741,1781884919795183104,1781884919795297024,651.104,765.024,968448,207360,969919,437919,false,-,false,-,2254371705,1781884919794532000,0.35845,18,false,-5.55111512313e-12,true,3.99999999999,true,351,2254371705,1781884919794532000,0.35845,18,false,-5.55111512313e-12,true,3.99999999999,true,351,2254371705,1781884919794532000,0.35845,18,false,-5.55111512313e-12,true,3.99999999999,true,351,true,false,3,,,,,true,true,3,1,2254371705,1781884919794532000,0,true,true,3,3,2254371741,1781884919796647000,2115
cancel_open_no_fill,288230376151712323,580,kOpenLong,kBuy,kCancelled,0.35646,0.3565,0.35996,0.00979117687733,1e-05,28,0,2254377736,2254377813,1781884922473211904,1781884922473330944,1505.904,1624.944,990976,182272,992272,1286272,true,freshness_lag,false,-,2254377736,1781884922471706000,0.35646,79,false,-5.55111512313e-12,true,3.99999999999,true,350,2254377779,1781884922472804000,0.35659,6,false,-13,false,-9,true,337,2254377779,1781884922472804000,0.35659,6,false,-13,false,-9,true,337,true,false,3,,,,,true,true,3,1,2254377736,1781884922471706000,0,true,true,3,3,2254377813,1781884922473857000,2151
cancel_open_no_fill,288230376151712342,599,kOpenShort,kSell,kCancelled,0.36516,0.36512,0.36158,0.00979117687733,1e-05,27,0,2254572927,2254572984,1781885707357080064,1781885707357278976,767.064,965.976,1790976,196096,1792717,479717,false,-,false,-,2254572927,1781885707356313000,0.36516,20,true,5.55111512313e-12,true,4,true,358,2254572927,1781885707356313000,0.36516,20,true,5.55111512313e-12,true,4,true,358,2254572927,1781885707356313000,0.36516,20,true,5.55111512313e-12,true,4,true,358,true,true,3,1,2254572927,1781885707356313000,0,true,true,3,1,2254572927,1781885707356313000,0,true,true,3,3,2254572984,1781885707359812000,3499
cancel_open_no_fill,288230376151712344,601,kOpenShort,kSell,kCancelled,0.35988,0.35984,0.35635,0.00979117687733,1e-05,27,0,2254595742,2254595782,1781885810154781952,1781885810154907904,1082.952,1208.904,1547008,216320,1548066,849066,false,-,false,-,2254595742,1781885810153699000,0.35988,10,true,5.55111512313e-12,true,4,true,353,2254595742,1781885810153699000,0.35988,10,true,5.55111512313e-12,true,4,true,353,2254595769,1781885810154785000,0.35972,121,false,-16,false,-12,true,337,true,true,3,1,2254595742,1781885810153699000,0,true,true,3,1,2254595742,1781885810153699000,0,true,true,3,3,2254595782,1781885810155810000,2111
cancel_open_no_fill,288230376151712345,602,kOpenLong,kBuy,kCancelled,0.35965,0.35969,0.36318,0.00979117687733,1e-05,27,0,2254595782,2254595849,1781885810156779008,1781885810156929024,969.008,1119.024,1599744,215808,1600780,790780,false,-,false,-,2254595782,1781885810155810000,0.35965,56,true,0,true,4,true,353,2254595782,1781885810155810000,0.35965,56,true,0,true,4,true,353,2254595807,1781885810156837000,0.3599,8,false,-25,false,-21,true,328,true,true,3,1,2254595782,1781885810155810000,0,true,true,3,1,2254595782,1781885810155810000,0,true,true,3,3,2254595849,1781885810157930000,2120
cancel_open_no_fill,288230376151712351,608,kOpenShort,kSell,kCancelled,0.36037,0.36033,0.35684,0.00979117687733,1e-05,27,0,2254646341,2254646586,1781886151686699008,1781886151686848000,1241.008,1390,1474816,183552,1476176,1018176,true,freshness_lag,false,-,2254646341,1781886151685458000,0.36037,8,true,0,true,4,true,353,2254646444,1781886151686530000,0.35967,8,false,-70,false,-66,true,283,2254646444,1781886151686530000,0.35967,8,false,-70,false,-66,true,283,true,true,4,1,2254646341,1781886151685458000,0,true,true,4,1,2254646341,1781886151685458000,0,true,true,4,4,2254646586,1781886151690644000,5186
cancel_open_no_fill,288230376151712353,610,kOpenLong,kBuy,kCancelled,0.3604,0.36044,0.36393,0.00979117687733,1e-05,27,0,2254659944,2254660013,1781886220325711872,1781886220325850880,1356.872,1495.88,1495552,190976,1496956,1141956,true,freshness_lag,false,-,2254659944,1781886220324355000,0.3604,13,false,-5.55111512313e-12,true,3.99999999999,true,353,2254659965,1781886220325428000,0.36067,145,false,-27,false,-23,true,326,2254659965,1781886220325428000,0.36067,145,false,-27,false,-23,true,326,true,false,3,,,,,true,true,3,1,2254659944,1781886220324355000,0,true,true,3,3,2254660013,1781886220326394000,2039
cancel_open_no_fill,288230376151712357,614,kOpenShort,kSell,kCancelled,0.36048,0.36044,0.35695,0.00979117687733,1e-05,27,0,2254672400,2254672849,1781886316107752960,1781886316107889920,657.96,794.92,1520384,186624,1520956,425956,false,-,false,-,2254672400,1781886316107095000,0.36048,8,true,0,true,4,true,353,2254672400,1781886316107095000,0.36048,8,true,0,true,4,true,353,2254672400,1781886316107095000,0.36048,8,true,0,true,4,true,353,true,true,7,1,2254672400,1781886316107095000,0,true,true,7,1,2254672400,1781886316107095000,0,true,true,7,7,2254672849,1781886316113329000,6234
cancel_open_no_fill,288230376151712358,615,kOpenShort,kSell,kCancelled,0.35942,0.35938,0.3559,0.00979117687733,1e-05,27,0,2254678429,2254678507,1781886324604250112,1781886324604399104,1386.112,1535.104,1029120,205312,1030450,1166450,true,freshness_lag,false,-,2254678429,1781886324602864000,0.35942,8,true,0,true,4,true,352,2254678429,1781886324602864000,0.35942,8,true,0,true,4,true,352,2254678429,1781886324602864000,0.35942,8,true,0,true,4,true,352,true,true,3,1,2254678429,1781886324602864000,0,true,true,3,1,2254678429,1781886324602864000,0,true,true,3,3,2254678507,1781886324605707000,2843
cancel_open_no_fill,288230376151712359,616,kOpenShort,kSell,kCancelled,0.35517,0.35513,0.35169,0.00979117687733,1e-05,28,0,2254728625,2254728983,1781886424694781952,1781886424694905088,892.952,1016.088,549120,198656,549801,660801,false,-,false,-,2254728625,1781886424693889000,0.35517,225,true,5.55111512313e-12,true,4,true,348,2254728625,1781886424693889000,0.35517,225,true,5.55111512313e-12,true,4,true,348,2254728735,1781886424694898000,0.35417,57,false,-100,false,-96,true,248,true,true,4,1,2254728625,1781886424693889000,0,true,true,4,1,2254728625,1781886424693889000,0,true,true,4,4,2254728983,1781886424697074000,3185
cancel_open_no_fill,288230376151712360,617,kOpenShort,kSell,kCancelled,0.35304,0.353,0.34958,0.00979117687733,1e-05,28,0,2254751243,2254751326,1781886477378388992,1781886477378507008,6024.992,6143.008,1148160,217088,1149802,5785802,true,freshness_lag,false,-,2254751243,1781886477372364000,0.35304,52,true,0,true,4,true,346,2254751243,1781886477372364000,0.35304,52,true,0,true,4,true,346,2254751243,1781886477372364000,0.35304,52,true,0,true,4,true,346,true,true,5,3,2254751250,1781886477384444000,12080,true,true,5,3,2254751250,1781886477384444000,12080,true,true,5,5,2254751326,1781886477386703000,14339
cancel_open_no_fill,288230376151712361,618,kOpenShort,kSell,kCancelled,0.35206,0.35202,0.34861,0.00979117687733,1e-05,28,0,2254759865,2254759949,1781886495410327040,1781886495410477056,1455.04,1605.056,1085184,243968,1086336,1214336,true,freshness_lag,false,-,2254759865,1781886495408872000,0.35206,97,true,5.55111512313e-12,true,4,true,345,2254759887,1781886495409994000,0.35171,97,false,-35,false,-31,true,310,2254759887,1781886495409994000,0.35171,97,false,-35,false,-31,true,310,true,true,3,1,2254759865,1781886495408872000,0,true,true,3,1,2254759865,1781886495408872000,0,true,true,3,3,2254759949,1781886495411092000,2220
cancel_open_no_fill,288230376151712415,672,kOpenShort,kSell,kCancelled,0.34969,0.34965,0.34626,0.00979117687733,1e-05,28,0,2255042766,2255043072,1781889021742231040,1781889021742374912,560.04,703.912,1004544,184832,1006081,335081,false,-,false,-,2255042766,1781889021741671000,0.34969,8,true,5.55111512313e-12,true,4,true,343,2255042766,1781889021741671000,0.34969,8,true,5.55111512313e-12,true,4,true,343,2255042766,1781889021741671000,0.34969,8,true,5.55111512313e-12,true,4,true,343,true,true,4,1,2255042766,1781889021741671000,0,true,true,4,1,2255042766,1781889021741671000,0,true,true,4,4,2255043072,1781889021745938000,4267
cancel_open_no_fill,288230376151712425,682,kOpenLong,kBuy,kCancelled,0.34788,0.34792,0.35129,0.00979117687733,1e-05,28,0,2255094785,2255094866,1781889725707314944,1781889725707571968,693.944,950.968,1116160,267008,1117103,496103,false,-,false,-,2255094785,1781889725706621000,0.34788,21,true,0,true,4,true,341,2255094785,1781889725706621000,0.34788,21,true,0,true,4,true,341,2255094785,1781889725706621000,0.34788,21,true,0,true,4,true,341,true,true,3,1,2255094785,1781889725706621000,0,true,true,3,1,2255094785,1781889725706621000,0,true,true,3,3,2255094866,1781889725708637000,2016
cancel_open_no_fill,288230376151712449,706,kOpenLong,kBuy,kCancelled,0.34803,0.34807,0.35144,0.00979117687733,1e-05,28,0,2255270280,2255270422,1781891631934227968,1781891631934359040,916.968,1048.04,1008640,210688,1009478,698478,false,-,false,-,2255270280,1781891631933311000,0.34803,26,true,0,true,4,true,341,2255270280,1781891631933311000,0.34803,26,true,0,true,4,true,341,2255270280,1781891631933311000,0.34803,26,true,0,true,4,true,341,true,true,3,1,2255270280,1781891631933311000,0,true,true,3,1,2255270280,1781891631933311000,0,true,true,3,3,2255270422,1781891631935372000,2061
cancel_open_no_fill,288230376151712483,740,kOpenShort,kSell,kCancelled,0.34883,0.34879,0.34541,0.00979117687733,1e-05,28,0,2255688790,2255689770,1781896051304257024,1781896051310970880,572.024,7285.88,995584,184832,997570,312570,false,-,false,-,2255688790,1781896051303685000,0.34883,8,true,5.55111512313e-12,true,4,true,342,2255688790,1781896051303685000,0.34883,8,true,5.55111512313e-12,true,4,true,342,2255689507,1781896051310704000,0.34807,8,false,-76,false,-72,true,266,true,true,18,1,2255688790,1781896051303685000,0,true,true,18,1,2255688790,1781896051303685000,0,true,true,18,18,2255689770,1781896051323169000,19484
cancel_open_no_fill,288230376151712571,828,kOpenLong,kBuy,kCancelled,0.34699,0.34703,0.35039,0.00979117687733,1e-05,28,0,2256273377,2256273525,1781902319039319040,1781902319039425024,624.04,730.024,1074688,125696,1075725,380725,false,-,false,-,2256273377,1781902319038695000,0.34699,4,true,0,true,4,true,340,2256273377,1781902319038695000,0.34699,4,true,0,true,4,true,340,2256273377,1781902319038695000,0.34699,4,true,0,true,4,true,340,true,true,3,1,2256273377,1781902319038695000,0,true,true,3,2,2256273470,1781902319040740000,2045,true,true,3,3,2256273525,1781902319047406000,8711
cancel_open_no_fill,288230376151712598,855,kOpenLong,kBuy,kCancelled,0.34626,0.3463,0.34966,0.00979117687733,1e-05,28,0,2256598516,2256600032,1781907905746561024,1781907905746767104,395.024,601.104,1321728,143360,1323774,157774,false,-,false,-,2256598516,1781907905746166000,0.34626,141,true,0,true,4,true,340,2256598516,1781907905746166000,0.34626,141,true,0,true,4,true,340,2256598516,1781907905746166000,0.34626,141,true,0,true,4,true,340,true,true,15,1,2256598516,1781907905746166000,0,true,true,15,1,2256598516,1781907905746166000,0,true,true,15,9,2256599727,1781907905759469000,13303
cancel_open_no_fill,288230376151712599,856,kOpenLong,kBuy,kCancelled,0.35467,0.35471,0.35815,0.00979117687733,1e-05,28,0,2256609931,2256610156,1781907920707139072,1781907920707243008,1843.072,1947.008,896000,165120,897474,1601474,true,freshness_lag,false,-,2256609931,1781907920705296000,0.35467,8,false,-5.55111512313e-12,true,4,true,348,2256609931,1781907920705296000,0.35467,8,false,-5.55111512313e-12,true,4,true,348,2256610054,1781907920707203000,0.35525,49,false,-58,false,-54,true,290,true,false,3,,,,,true,true,3,1,2256609931,1781907920705296000,0,true,true,3,3,2256610156,1781907920708270000,2974
cancel_open_no_fill,288230376151712601,858,kOpenLong,kBuy,kCancelled,0.35595,0.35599,0.35944,0.00979117687733,1e-05,28,0,2256628541,2256629144,1781907950044314880,1781907950044559872,11754.88,11999.872,1085440,118272,1087065,11527065,true,freshness_lag,false,-,2256628541,1781907950032560000,0.35595,16,false,-5.55111512313e-12,true,3.99999999999,true,349,2256628541,1781907950032560000,0.35595,16,false,-5.55111512313e-12,true,3.99999999999,true,349,2256628639,1781907950044498000,0.35622,1,false,-27,false,-23,true,322,true,false,6,,,,,true,true,6,1,2256628541,1781907950032560000,0,true,true,6,6,2256629144,1781907950049729000,17169
cancel_open_no_fill,288230376151712603,860,kOpenLong,kBuy,kCancelled,0.35778,0.35782,0.36129,0.00979117687733,1e-05,27,0,2256655243,2256656578,1781908062079613952,1781908062097210880,1699.952,19296.88,1330432,124672,1332573,1418573,true,freshness_lag,false,-,2256655243,1781908062077914000,0.35778,14,false,-5.55111512313e-12,true,4,true,351,2256655243,1781908062077914000,0.35778,14,false,-5.55111512313e-12,true,4,true,351,2256656019,1781908062096029000,0.35999,7,false,-221,false,-217,true,130,true,false,24,,,,,true,true,24,1,2256655243,1781908062077914000,0,true,true,24,20,2256656578,1781908062103447000,25533
cancel_open_no_fill,288230376151712604,861,kOpenLong,kBuy,kCancelled,0.35917,0.35921,0.36269,0.00979117687733,1e-05,27,0,2256660924,2256661113,1781908072130392064,1781908072130521088,2662.064,2791.088,1134080,178944,1135076,2405076,true,freshness_lag,false,-,2256660924,1781908072127730000,0.35917,15,false,-5.55111512313e-12,true,3.99999999999,true,352,2256660967,1781908072130058000,0.35937,138,false,-20,false,-16,true,332,2256660967,1781908072130058000,0.35937,138,false,-20,false,-16,true,332,true,false,4,,,,,true,true,4,1,2256660924,1781908072127730000,0,true,true,4,4,2256661113,1781908072132294000,4564
cancel_open_no_fill,288230376151712605,862,kOpenLong,kBuy,kCancelled,0.35962,0.35966,0.36315,0.00979117687733,1e-05,27,0,2256662510,2256662616,1781908073159777024,1781908073159916032,9123.024,9262.032,1506048,204288,1507550,8853550,true,freshness_lag,false,-,2256662510,1781908073150654000,0.35962,23,false,-5.55111512313e-12,true,3.99999999999,true,353,2256662519,1781908073159663000,0.35962,8,false,-5.55111512313e-12,true,3.99999999999,true,353,2256662519,1781908073159663000,0.35962,8,false,-5.55111512313e-12,true,3.99999999999,true,353,true,false,4,,,,,true,true,4,3,2256662526,1781908073160675000,10021,true,true,4,4,2256662616,1781908073161745000,11091
cancel_open_no_fill,288230376151712608,865,kOpenLong,kBuy,kCancelled,0.35653,0.35657,0.36003,0.00979117687733,1e-05,28,0,2256702541,2256702756,1781908395253592064,1781908395253735936,591.064,734.936,1366272,159232,1367482,366482,false,-,false,-,2256702541,1781908395253001000,0.35653,8,true,0,true,4,true,350,2256702541,1781908395253001000,0.35653,8,true,0,true,4,true,350,2256702541,1781908395253001000,0.35653,8,true,0,true,4,true,350,true,true,3,1,2256702541,1781908395253001000,0,true,true,3,1,2256702541,1781908395253001000,0,true,true,3,3,2256702756,1781908395255344000,2343
cancel_open_no_fill,288230376151712609,866,kOpenShort,kSell,kCancelled,0.35774,0.3577,0.35423,0.00979117687733,1e-05,27,0,2256703517,2256703572,1781908395340272128,1781908395340378880,14237.128,14343.88,1061632,156416,1062988,14027988,true,freshness_lag,false,-,2256703517,1781908395326035000,0.35774,8,true,0,true,4,true,351,2256703517,1781908395326035000,0.35774,8,true,0,true,4,true,351,2256703517,1781908395326035000,0.35774,8,true,0,true,4,true,351,true,true,2,1,2256703517,1781908395326035000,0,true,true,2,1,2256703517,1781908395326035000,0,true,true,2,2,2256703572,1781908395340716000,14681
cancel_open_no_fill,288230376151712610,867,kOpenLong,kBuy,kCancelled,0.35696,0.357,0.36046,0.00979117687733,1e-05,28,0,2256728832,2256729123,1781908767873325056,1781908767879919104,731.056,7325.104,1057536,135424,1059010,465010,false,-,false,-,2256728832,1781908767872594000,0.35696,8,false,-5.55111512313e-12,true,3.99999999999,true,350,2256728832,1781908767872594000,0.35696,8,false,-5.55111512313e-12,true,3.99999999999,true,350,2256729040,1781908767877623000,0.35737,18,false,-41,false,-37,true,309,true,false,8,,,,,true,true,8,1,2256728832,1781908767872594000,0,true,true,8,8,2256729123,1781908767883469000,10875
cancel_open_no_fill,288230376151712612,869,kOpenLong,kBuy,kCancelled,0.35701,0.35705,0.36051,0.00979117687733,1e-05,28,0,2256749497,2256749728,1781908904075224064,1781908904075360000,1194.064,1330,968704,140800,970081,940081,false,-,false,-,2256749497,1781908904074030000,0.35701,8,false,-5.55111512313e-12,true,3.99999999999,true,350,2256749605,1781908904075094000,0.35767,146,false,-66,false,-62,true,284,2256749605,1781908904075094000,0.35767,146,false,-66,false,-62,true,284,true,false,4,,,,,true,true,4,1,2256749497,1781908904074030000,0,true,true,4,4,2256749728,1781908904077070000,3040
cancel_open_no_fill,288230376151712613,870,kOpenLong,kBuy,kCancelled,0.35555,0.35559,0.35904,0.00979117687733,1e-05,28,0,2256763848,2256764203,1781909091330352128,1781909091330537984,758.128,943.984,1090048,142080,1090883,496883,false,-,false,-,2256763848,1781909091329594000,0.35555,8,false,-5.55111512313e-12,true,4,true,349,2256763848,1781909091329594000,0.35555,8,false,-5.55111512313e-12,true,4,true,349,2256763848,1781909091329594000,0.35555,8,false,-5.55111512313e-12,true,4,true,349,true,false,6,,,,,true,true,6,1,2256763848,1781909091329594000,0,true,true,6,6,2256764203,1781909091334962000,5368
cancel_open_no_fill,288230376151712624,881,kOpenLong,kBuy,kCancelled,0.35551,0.35555,0.359,0.00979117687733,1e-05,28,0,2256934444,2256934790,1781910536079713024,1781910536079868928,831.024,986.928,1447936,115968,1449176,567176,false,-,false,-,2256934444,1781910536078882000,0.35551,8,false,-5.55111512313e-12,true,3.99999999999,true,349,2256934444,1781910536078882000,0.35551,8,false,-5.55111512313e-12,true,3.99999999999,true,349,2256934596,1781910536079864000,0.35607,8,false,-56,false,-52,true,293,true,false,5,,,,,true,true,5,1,2256934444,1781910536078882000,0,true,true,5,5,2256934790,1781910536082937000,4055
cancel_open_no_fill,288230376151712625,882,kOpenShort,kSell,kCancelled,0.35599,0.35595,0.3525,0.00979117687733,1e-05,28,0,2256938238,2256938383,1781910588335739904,1781910588335857920,1105.904,1223.92,1480448,101632,1481365,847365,false,-,false,-,2256938238,1781910588334634000,0.35599,27,true,5.55111512313e-12,true,4,true,349,2256938238,1781910588334634000,0.35599,27,true,5.55111512313e-12,true,4,true,349,2256938238,1781910588334634000,0.35599,27,true,5.55111512313e-12,true,4,true,349,true,true,3,1,2256938238,1781910588334634000,0,true,true,3,2,2256938282,1781910588336819000,2185,true,true,3,3,2256938383,1781910588337812000,3178
cancel_open_no_fill,288230376151712635,892,kOpenLong,kBuy,kCancelled,0.35539,0.35543,0.35887,0.00979117687733,1e-05,28,0,2257127861,2257128402,1781912766111666944,1781912766111831040,678.944,843.04,1433088,170752,1434117,446117,false,-,false,-,2257127861,1781912766110988000,0.35539,65,false,-5.55111512313e-12,true,4,true,348,2257127861,1781912766110988000,0.35539,65,false,-5.55111512313e-12,true,4,true,348,2257127861,1781912766110988000,0.35539,65,false,-5.55111512313e-12,true,4,true,348,true,false,12,,,,,true,true,12,1,2257127861,1781912766110988000,0,true,true,12,12,2257128402,1781912766127402000,16414
cancel_open_no_fill,288230376151712670,927,kOpenLong,kBuy,kCancelled,0.35654,0.35658,0.36004,0.00979117687733,1e-05,28,0,2257259822,2257260111,1781914461580859904,1781914461580993024,1129.904,1263.024,1608448,171520,1609531,879531,false,-,false,-,2257259822,1781914461579730000,0.35654,8,true,0,true,4,true,350,2257259972,1781914461580689000,0.3567,8,false,-16,false,-12,true,334,2257259972,1781914461580689000,0.3567,8,false,-16,false,-12,true,334,true,true,3,1,2257259822,1781914461579730000,0,true,true,3,1,2257259822,1781914461579730000,0,true,true,3,3,2257260111,1781914461582783000,3053
cancel_open_no_fill,288230376151712685,942,kOpenShort,kSell,kCancelled,0.35797,0.35793,0.35446,0.00979117687733,1e-05,27,0,2257373531,2257373856,1781915521517403904,1781915521517568000,1351.904,1516,1172992,192512,1174475,1122475,true,freshness_lag,false,-,2257373531,1781915521516052000,0.35797,8,true,0,true,4,true,351,2257373566,1781915521517060000,0.35783,10,false,-14,false,-10,true,337,2257373566,1781915521517060000,0.35783,10,false,-14,false,-10,true,337,true,true,6,1,2257373531,1781915521516052000,0,true,true,6,1,2257373531,1781915521516052000,0,true,true,6,6,2257373856,1781915521521358000,5306
cancel_open_no_fill,288230376151712690,947,kOpenShort,kSell,kCancelled,0.357,0.35696,0.3535,0.00979117687733,1e-05,28,0,2257416622,2257416794,1781915844235235072,1781915844235557120,1445.072,1767.12,980992,139776,982444,1192444,true,freshness_lag,false,-,2257416622,1781915844233790000,0.357,198,true,5.55111512313e-12,true,4,true,350,2257416647,1781915844234920000,0.357,50,true,5.55111512313e-12,true,4,true,350,2257416647,1781915844234920000,0.357,50,true,5.55111512313e-12,true,4,true,350,true,true,4,2,2257416647,1781915844234920000,1130,true,true,4,2,2257416647,1781915844234920000,1130,true,true,4,4,2257416794,1781915844236833000,3043
cancel_open_no_fill,288230376151712692,949,kOpenShort,kSell,kCancelled,0.35557,0.35553,0.35208,0.00979117687733,1e-05,28,0,2257434421,2257434659,1781916038345278976,1781916038349272064,2096.976,6090.064,1057792,110848,1059189,1877189,true,freshness_lag,false,-,2257434421,1781916038343182000,0.35557,10,true,5.55111512313e-12,true,4,true,349,2257434421,1781916038343182000,0.35557,10,true,5.55111512313e-12,true,4,true,349,2257434610,1781916038349021000,0.35489,8,false,-68,false,-64,true,281,true,true,6,1,2257434421,1781916038343182000,0,true,true,6,2,2257434444,1781916038346353000,3171,true,true,6,6,2257434659,1781916038350110000,6928
cancel_open_no_fill,288230376151712693,950,kOpenShort,kSell,kCancelled,0.35522,0.35518,0.35174,0.00979117687733,1e-05,28,0,2257435734,2257435952,1781916049714255104,1781916049714390016,395.104,530.016,1046016,186624,1051816,191816,false,-,false,-,2257435734,1781916049713860000,0.35522,17,true,5.55111512313e-12,true,4,true,348,2257435734,1781916049713860000,0.35522,17,true,5.55111512313e-12,true,4,true,348,2257435734,1781916049713860000,0.35522,17,true,5.55111512313e-12,true,4,true,348,true,true,4,1,2257435734,1781916049713860000,0,true,true,4,1,2257435734,1781916049713860000,0,true,true,4,4,2257435952,1781916049717661000,3801
cancel_open_no_fill,288230376151712694,951,kOpenShort,kSell,kCancelled,0.3539,0.35386,0.35043,0.00979117687733,1e-05,28,0,2257444198,2257444322,1781916102358205952,1781916102358354944,692.952,841.944,977920,191232,979205,466205,false,-,false,-,2257444198,1781916102357513000,0.3539,3,true,5.55111512313e-12,true,4,true,347,2257444198,1781916102357513000,0.3539,3,true,5.55111512313e-12,true,4,true,347,2257444272,1781916102358343000,0.35346,1,false,-44,false,-40,true,303,true,true,3,1,2257444198,1781916102357513000,0,true,true,3,1,2257444198,1781916102357513000,0,true,true,3,3,2257444322,1781916102360889000,3376
cancel_open_no_fill,288230376151712718,975,kOpenShort,kSell,kCancelled,0.35317,0.35313,0.34971,0.00979117687733,1e-05,28,0,2257675602,2257675771,1781917927174203904,1781917927174342912,1295.904,1434.912,995840,139264,997279,1089279,true,freshness_lag,false,-,2257675602,1781917927172908000,0.35317,11,true,5.55111512313e-12,true,4,true,346,2257675649,1781917927174101000,0.35293,8,false,-24,false,-20,true,322,2257675649,1781917927174101000,0.35293,8,false,-24,false,-20,true,322,true,true,7,1,2257675602,1781917927172908000,0,true,true,7,1,2257675602,1781917927172908000,0,true,true,7,7,2257675771,1781917927179467000,6559
cancel_open_no_fill,288230376151712719,976,kOpenShort,kSell,kCancelled,0.35248,0.35244,0.34902,0.00979117687733,1e-05,28,0,2257682207,2257682558,1781917987114958080,1781917987115069952,5658.08,5769.952,740352,120064,742611,5442611,true,freshness_lag,false,-,2257682207,1781917987109300000,0.35248,12,true,0,true,4,true,346,2257682207,1781917987109300000,0.35248,12,true,0,true,4,true,346,2257682207,1781917987109300000,0.35248,12,true,0,true,4,true,346,true,true,6,1,2257682207,1781917987109300000,0,true,true,6,1,2257682207,1781917987109300000,0,true,true,6,6,2257682558,1781917987119261000,9961
cancel_open_no_fill,288230376151712723,980,kOpenShort,kSell,kCancelled,0.35286,0.35282,0.3494,0.00979117687733,1e-05,28,0,2257718444,2257718481,1781918409764323072,1781918409764448000,1049.072,1174,1099008,112384,1101178,827178,false,-,false,-,2257718444,1781918409763274000,0.35286,14,true,0,true,4,true,346,2257718453,1781918409764266000,0.35244,8,false,-42,false,-38,true,304,2257718453,1781918409764266000,0.35244,8,false,-42,false,-38,true,304,true,true,3,1,2257718444,1781918409763274000,0,true,true,3,1,2257718444,1781918409763274000,0,true,true,3,3,2257718481,1781918409765327000,2053
cancel_open_no_fill,288230376151712725,982,kOpenShort,kSell,kCancelled,0.35382,0.35378,0.35035,0.00979117687733,1e-05,28,0,2257721894,2257721946,1781918419184805888,1781918419184961024,3190.888,3346.024,1560064,145920,1561246,2946246,true,freshness_lag,false,-,2257721894,1781918419181615000,0.35382,134,true,0,true,4,true,347,2257721906,1781918419184799000,0.35382,99,true,0,true,4,true,347,2257721906,1781918419184799000,0.35382,99,true,0,true,4,true,347,true,true,4,3,2257721913,1781918419185841000,4226,true,true,4,3,2257721913,1781918419185841000,4226,true,true,4,4,2257721946,1781918419186790000,5175
filled_open_control,288230376151712148,405,kOpenLong,kBuy,kFilled,0.34252,0.34256,0.34588,0.00979117687733,1e-05,29,0,2252842332,2252842436,1781877146559241984,1781877146559373056,762.984,894.056,1021696,218880,1022986,543986,false,-,false,-,2252842332,1781877146558479000,0.34252,2221,false,-5.55111512313e-12,true,3.99999999999,true,336,2252842332,1781877146558479000,0.34252,2221,false,-5.55111512313e-12,true,3.99999999999,true,336,2252842332,1781877146558479000,0.34252,2221,false,-5.55111512313e-12,true,3.99999999999,true,336,true,false,3,,,,,true,true,3,3,2252842436,1781877146560560000,2081,true,true,3,3,2252842436,1781877146560560000,2081
filled_open_control,288230376151712153,410,kOpenLong,kBuy,kFilled,0.34268,0.34272,0.34604,0.00979117687733,1e-05,29,0,2252854935,2252854964,1781877282570840064,1781877282571000064,625.064,785.064,1608192,192768,1609619,394619,false,-,false,-,2252854935,1781877282570215000,0.34268,99,false,-5.55111512313e-12,true,4,true,336,2252854935,1781877282570215000,0.34268,99,false,-5.55111512313e-12,true,4,true,336,2252854935,1781877282570215000,0.34268,99,false,-5.55111512313e-12,true,4,true,336,true,false,5,,,,,true,true,5,5,2252854964,1781877282575963000,5748,true,true,5,5,2252854964,1781877282575963000,5748
filled_open_control,288230376151712156,413,kOpenLong,kBuy,kFilled,0.3427,0.34274,0.34606,0.00979117687733,1e-05,29,0,2252857944,2252858044,1781877298842691072,1781877298842833920,8480.072,8622.92,1478400,196864,1479699,8268699,true,freshness_lag,false,-,2252857944,1781877298834211000,0.3427,4415,true,0,true,4,true,336,2252857944,1781877298834211000,0.3427,4415,true,0,true,4,true,336,2252857957,1781877298842810000,0.3427,4131,true,0,true,4,true,336,true,true,5,5,2252858044,1781877298846709000,12498,true,true,5,5,2252858044,1781877298846709000,12498,true,true,5,5,2252858044,1781877298846709000,12498
filled_open_control,288230376151712159,416,kOpenLong,kBuy,kFilled,0.34296,0.343,0.34632,0.00979117687733,1e-05,29,0,2252878637,2252878773,1781877357070480896,1781877357070618112,980.896,1118.112,1259776,227328,1260925,760925,false,-,false,-,2252878637,1781877357069500000,0.34296,9844,false,-5.55111512313e-12,true,4,true,336,2252878637,1781877357069500000,0.34296,9844,false,-5.55111512313e-12,true,4,true,336,2252878637,1781877357069500000,0.34296,9844,false,-5.55111512313e-12,true,4,true,336,true,false,4,,,,,true,true,4,4,2252878773,1781877357072735000,3235,true,true,4,4,2252878773,1781877357072735000,3235
filled_open_control,288230376151712172,429,kOpenLong,kBuy,kFilled,0.34333,0.34337,0.3467,0.00979117687733,1e-05,29,0,2252886685,2252886736,1781877385114743040,1781877385114906880,1921.04,2084.88,1485568,214784,1486487,1664487,true,freshness_lag,false,-,2252886685,1781877385112822000,0.34333,9116,true,0,true,4,true,337,2252886685,1781877385112822000,0.34333,9116,true,0,true,4,true,337,2252886685,1781877385112822000,0.34333,9116,true,0,true,4,true,337,true,true,3,3,2252886736,1781877385115934000,3112,true,true,3,3,2252886736,1781877385115934000,3112,true,true,3,3,2252886736,1781877385115934000,3112
filled_open_control,288230376151712174,431,kOpenLong,kBuy,kPartiallyCancelled,0.34452,0.34456,0.3479,0.00979117687733,1e-05,29,0,2252894097,2252894097,1781877397464187904,1781877397464304128,2447.904,2564.128,970496,202240,972125,2232125,true,freshness_lag,false,-,2252894097,1781877397461740000,0.34452,1,false,-5.55111512313e-12,true,3.99999999999,true,338,2252894097,1781877397461740000,0.34452,1,false,-5.55111512313e-12,true,3.99999999999,true,338,2252894097,1781877397461740000,0.34452,1,false,-5.55111512313e-12,true,3.99999999999,true,338,true,false,1,,,,,true,true,1,1,2252894097,1781877397461740000,0,true,true,1,1,2252894097,1781877397461740000,0
filled_open_control,288230376151712432,689,kOpenLong,kBuy,kPartiallyCancelled,0.34637,0.34641,0.34977,0.00979117687733,1e-05,28,0,2255148594,2255148699,1781890217213923072,1781890217214040064,1307.072,1424.064,704000,247296,705455,1089455,true,freshness_lag,false,-,2255148594,1781890217212616000,0.34637,8,true,0,true,4,true,340,2255148594,1781890217212616000,0.34637,8,true,0,true,4,true,340,2255148594,1781890217212616000,0.34637,8,true,0,true,4,true,340,true,true,2,1,2255148594,1781890217212616000,0,true,true,2,1,2255148594,1781890217212616000,0,true,true,2,2,2255148699,1781890217222206000,9590
filled_open_control,288230376151712497,754,kOpenShort,kSell,kFilled,0.35069,0.35065,0.34725,0.00979117687733,1e-05,28,0,2255887738,2255887749,1781897753069086976,1781897753069242880,2104.976,2260.88,1820672,201472,1821954,1839954,true,freshness_lag,false,-,2255887738,1781897753066982000,0.35069,2763,true,0,true,4,true,344,2255887738,1781897753066982000,0.35069,2763,true,0,true,4,true,344,2255887745,1781897753069225000,0.35069,2763,true,0,true,4,true,344,true,true,3,3,2255887749,1781897753071458000,4476,true,true,3,3,2255887749,1781897753071458000,4476,true,true,3,3,2255887749,1781897753071458000,4476
