run_id,local_order_id,text_order_id,request_sequence,encoded_request_id,exchange_order_id,symbol,symbol_id,trigger_ticker_id,trigger_exchange,trigger_symbol_id,trigger_exchange_ns,trigger_local_ns,on_book_ticker_entry_ns,signal_decision_ns,signal_role,order_role,position_id,position_event,position_direction,entry_local_order_id,action,side,reduce_only,time_in_force,status,finish_reason,reject_reason,raw_price,order_price,price_text,price_tick,slippage_ticks,order_offset_ticks,quantity,quantity_text,cumulative_filled_quantity,left_quantity,cancelled_quantity,fill_rate,average_fill_price,last_fill_price,contract_multiplier,filled_notional,fill_role,exec_slippage_price,exec_slippage_ticks,exec_slippage_bps,exec_slippage_quote,limit_improvement_ticks,fee_rate_config,fee_quote_estimated,fee_source,order_session_id,owner_thread_cpu,owner_thread_tid,local_ip,local_port,remote_ip,remote_port,send_cpu,ack_cpu,diagnostic_cpu,tcp_info_available,tcp_info_rtt_us,tcp_info_rttvar_us,tcp_info_retrans,tcp_info_total_retrans,tcp_info_unacked,tcp_info_snd_cwnd,ack_rtt_ns,latency_diagnostic_reason,latency_diagnostic_ack_rtt_ns,send_to_first_after_hook_ns,send_to_first_drive_read_ns,drive_read_duration_ns,max_observed_drive_read_duration_ns,latency_diagnostic_inflight_at_send,max_runtime_loop_gap_ns,runtime_loop_iterations_before_ack,order_encode_done_ns,ws_frame_encode_done_ns,write_enqueue_ns,drive_write_enter_ns,write_some_enter_ns,write_some_return_ns,write_complete_ns,write_some_bytes,write_complete_bytes,write_errno,write_eagain,pending_write_count_after,socket_send_queue_available,tcp_sendq_bytes,tcp_notsent_bytes,request_send_local_ns,ack_local_receive_ns,order_finished_local_ns,source_schema,warnings
20260601_105424_lab_usdt_200usdt_private_1h,288230376151711745,t-288230376151711745,2,144115188075855874,281193503312270499,LAB_USDT,15,10678455557772,kBinance,15,1780311381557000000,7510435698485938,1780311381558021413,1780311381558022454,kLead,entry,1,kEntrySubmit,kLong,288230376151711745,kOpenLong,kBuy,false,kImmediateOrCancel,kFilled,kUnknown,kUnknown,14.99579,14.99589,14.99589,1e-05,10,10,0.1,0.1,0.1,0,0,1,14.99577,14.99577,100.0,149.9577,kTaker,-0.00002,-2,-0.01333707660616746433499002053242944,-0.0002,12,0.00016,0.023993232,config_estimated,1,4,3362311,10.0.1.103,52772,10.0.1.154,80,4,4,,true,1626,2170,0,0,0,10,494792,,,,,,,,,,,,,,,,,,,,,,,,,1780311381558033481,1780311381558528273,1780311381577969724,submitted_v1,
20260601_105424_lab_usdt_200usdt_private_1h,288230376151711746,t-288230376151711746,3,144115188075855875,281193503312270558,LAB_USDT,15,3093252415,kGate,15,1780311381578928000,7510435720097196,1780311381579632127,1780311381579632371,kLag,exit,1,kExitSubmit,kLong,288230376151711745,kCloseLong,kSell,true,kImmediateOrCancel,kCancelled,kImmediateOrCancel,kUnknown,14.99578,14.99568,14.99568,1e-05,10,10,0.1,0.1,0,0.1,0.1,0,0,0,100.0,,kNone,,,,,,0.00016,,,1,4,3362311,10.0.1.103,52772,10.0.1.154,80,4,4,,true,1485,1909,0,0,0,10,502488,,,,,,,,,,,,,,,,,,,,,,,,,1780311381579634142,1780311381580136630,1780311381581609550,submitted_v1,
20260601_105424_lab_usdt_200usdt_private_1h,288230376151711747,t-288230376151711747,4,144115188075855876,281193503312272733,LAB_USDT,15,10678455613586,kBinance,15,1780311382404000000,7510436545785111,1780311382405320582,1780311382405320818,kLead,exit,1,kExitSubmit,kLong,288230376151711745,kCloseLong,kSell,true,kImmediateOrCancel,kCancelled,kImmediateOrCancel,kUnknown,14.94891,14.94881,14.94881,1e-05,10,10,0.1,0.1,0,0.1,0.1,0,0,0,100.0,,kNone,,,,,,0.00016,,,1,4,3362311,10.0.1.103,52772,10.0.1.154,80,4,4,,true,1368,1666,0,0,0,10,588579,,,,,,,,,,,,,,,,,,,,,,,,,1780311382405324080,1780311382405912659,1780311382407026993,submitted_v1,
20260601_105424_lab_usdt_200usdt_private_1h,288230376151711748,t-288230376151711748,5,144115188075855877,281193503312275581,LAB_USDT,15,3093262251,kGate,15,1780311383750984000,7510437892256024,1780311383751790850,1780311383751791077,kLag,exit,1,kExitSubmit,kLong,288230376151711745,kStoplossLong,kSell,true,kImmediateOrCancel,kFilled,kUnknown,kUnknown,14.7697402,14.76964,14.76964,1e-05,10,10.02,0.1,0.1,0.1,0,0,1,14.85016,14.85016,100.0,148.5016,kTaker,-0.0804198,-8041.98,-54.4490281555527970627404807025651,-0.804198,8052,0.00016,0.023760256,config_estimated,1,4,3362311,10.0.1.103,52772,10.0.1.154,80,4,4,,true,1254,1477,0,0,0,10,485962,,,,,,,,,,,,,,,,,,,,,,,,,1780311383751793032,1780311383752278994,1780311383754119909,submitted_v1,
20260601_105424_lab_usdt_200usdt_private_1h,288230376151711749,t-288230376151711749,6,144115188075855878,281193503312286592,LAB_USDT,15,10678456165414,kBinance,15,1780311389119000000,7510443260424042,1780311389119959583,1780311389119960434,kLead,entry,2,kEntrySubmit,kLong,288230376151711749,kOpenLong,kBuy,false,kImmediateOrCancel,kFilled,kUnknown,kUnknown,14.86886,14.86896,14.86896,1e-05,10,10,0.1,0.1,0.1,0,0,1,14.86887,14.86887,100.0,148.6887,kTaker,0.00001,1,0.006725465166798261601763685985341176,0.0001,9,0.00016,0.023790192,config_estimated,1,4,3362311,10.0.1.103,52772,10.0.1.154,80,4,4,,true,1077,1128,0,0,0,10,684910,,,,,,,,,,,,,,,,,,,,,,,,,1780311389119965276,1780311389120650186,1780311389123352620,submitted_v1,
20260601_105424_lab_usdt_200usdt_private_1h,288230376151711750,t-288230376151711750,7,144115188075855879,281193503312295287,LAB_USDT,15,10678456640547,kBinance,15,1780311395853000000,7510449995031199,1780311395854566647,1780311395854567173,kLead,exit,2,kExitSubmit,kLong,288230376151711749,kCloseLong,kSell,true,kImmediateOrCancel,kFilled,kUnknown,kUnknown,14.9207,14.9206,14.92060,1e-05,10,10,0.1,0.1,0.1,0,0,1,14.9207,14.9207,100.0,149.207,kTaker,0,0,0,0,10,0.00016,0.02387312,config_estimated,1,4,3362311,10.0.1.103,52772,10.0.1.154,80,4,4,,true,857,793,0,0,0,10,571172,,,,,,,,,,,,,,,,,,,,,,,,,1780311395854576266,1780311395855147438,1780311395856248653,submitted_v1,
20260601_105424_lab_usdt_200usdt_private_1h,288230376151711751,t-288230376151711751,8,144115188075855880,281193503312337579,LAB_USDT,15,10678458973196,kBinance,15,1780311424065000000,7510478206909372,1780311424066445074,1780311424066446156,kLead,entry,3,kEntrySubmit,kShort,288230376151711751,kOpenShort,kSell,false,kImmediateOrCancel,kCancelled,kImmediateOrCancel,kUnknown,14.79685,14.79675,14.79675,1e-05,10,10,0.1,0.1,0,0.1,0.1,0,0,0,100.0,,kNone,,,,,,0.00016,,,1,4,3362311,10.0.1.103,52772,10.0.1.154,80,4,4,,true,600,364,0,0,0,10,580554,,,,,,,,,,,,,,,,,,,,,,,,,1780311424066456152,1780311424067036706,1780311424073907672,submitted_v1,
20260601_105424_lab_usdt_200usdt_private_1h,288230376151711752,t-288230376151711752,9,144115188075855881,281193503312548145,LAB_USDT,15,10678469799670,kBinance,15,1780311554406000000,7510608547957960,1780311554407492987,1780311554407493982,kLead,entry,4,kEntrySubmit,kShort,288230376151711752,kOpenShort,kSell,false,kImmediateOrCancel,kCancelled,kImmediateOrCancel,kUnknown,14.48779,14.48769,14.48769,1e-05,10,10,0.1,0.1,0,0.1,0.1,0,0,0,100.0,,kNone,,,,,,0.00016,,,1,4,3362311,10.0.1.103,52772,10.0.1.154,80,4,4,,true,369,73,0,0,0,10,612091,,,,,,,,,,,,,,,,,,,,,,,,,1780311554407504689,1780311554408116780,1780311554415199337,submitted_v1,
20260601_105424_lab_usdt_200usdt_private_1h,288230376151711753,t-288230376151711753,10,144115188075855882,281193503312677254,LAB_USDT,15,10678476550931,kBinance,15,1780311618879000000,7510673020262497,1780311618879797812,1780311618879799454,kLead,entry,5,kEntrySubmit,kLong,288230376151711753,kOpenLong,kBuy,false,kImmediateOrCancel,kCancelled,kImmediateOrCancel,kUnknown,13.82547,13.82557,13.82557,1e-05,10,10,0.1,0.1,0,0.1,0.1,0,0,0,100.0,,kNone,,,,,,0.00016,,,1,4,3362311,10.0.1.103,52772,10.0.1.154,80,4,4,,true,396,134,0,0,0,10,814668,,,,,,,,,,,,,,,,,,,,,,,,,1780311618879808899,1780311618880623567,1780311618887651860,submitted_v1,
20260601_105424_lab_usdt_200usdt_private_1h,288230376151711754,t-288230376151711754,11,144115188075855883,281193503312776036,LAB_USDT,15,10678480603114,kBinance,15,1780311658612000000,7510712753995465,1780311658613530917,1780311658613531776,kLead,entry,6,kEntrySubmit,kShort,288230376151711754,kOpenShort,kSell,false,kImmediateOrCancel,kCancelled,kImmediateOrCancel,kUnknown,13.4949,13.4948,13.49480,1e-05,10,10,0.1,0.1,0,0.1,0.1,0,0,0,100.0,,kNone,,,,,,0.00016,,,1,4,3362311,10.0.1.103,52772,10.0.1.154,80,4,4,,true,397,106,0,0,0,10,626992,,,,,,,,,,,,,,,,,,,,,,,,,1780311658613550911,1780311658614177903,1780311658617283005,submitted_v1,
20260601_105424_lab_usdt_200usdt_private_1h,288230376151711755,t-288230376151711755,12,144115188075855884,281193503312776135,LAB_USDT,15,10678480604101,kBinance,15,1780311658618000000,7510712759932686,1780311658619467982,1780311658619468345,kLead,entry,7,kEntrySubmit,kShort,288230376151711755,kOpenShort,kSell,false,kImmediateOrCancel,kCancelled,kImmediateOrCancel,kUnknown,13.4949,13.4948,13.49480,1e-05,10,10,0.1,0.1,0,0.1,0.1,0,0,0,100.0,,kNone,,,,,,0.00016,,,1,4,3362311,10.0.1.103,52772,10.0.1.154,80,4,4,,true,436,158,0,0,0,10,738426,,,,,,,,,,,,,,,,,,,,,,,,,1780311658619470248,1780311658620208674,1780311658621101577,submitted_v1,
20260601_105424_lab_usdt_200usdt_private_1h,288230376151711756,t-288230376151711756,13,144115188075855885,281193503312776155,LAB_USDT,15,10678480604452,kBinance,15,1780311658621000000,7510712761926806,1780311658621462415,1780311658621462732,kLead,entry,8,kEntrySubmit,kShort,288230376151711756,kOpenShort,kSell,false,kImmediateOrCancel,kCancelled,kImmediateOrCancel,kUnknown,13.4949,13.4948,13.49480,1e-05,10,10,0.1,0.1,0,0.1,0.1,0,0,0,100.0,,kNone,,,,,,0.00016,,,1,4,3362311,10.0.1.103,52772,10.0.1.154,80,4,4,,true,442,130,0,0,0,10,486675,,,,,,,,,,,,,,,,,,,,,,,,,1780311658621463674,1780311658621950349,1780311658622696944,submitted_v1,
20260601_105424_lab_usdt_200usdt_private_1h,288230376151711757,t-288230376151711757,14,144115188075855886,281193503312776179,LAB_USDT,15,10678480604939,kBinance,15,1780311658622000000,7510712763862428,1780311658623397222,1780311658623397532,kLead,entry,9,kEntrySubmit,kShort,288230376151711757,kOpenShort,kSell,false,kImmediateOrCancel,kCancelled,kImmediateOrCancel,kUnknown,13.4949,13.4948,13.49480,1e-05,10,10,0.1,0.1,0,0.1,0.1,0,0,0,100.0,,kNone,,,,,,0.00016,,,1,4,3362311,10.0.1.103,52772,10.0.1.154,80,4,4,,true,459,131,0,0,0,10,608039,,,,,,,,,,,,,,,,,,,,,,,,,1780311658623398480,1780311658624006519,1780311658625716876,submitted_v1,
20260601_105424_lab_usdt_200usdt_private_1h,288230376151711758,t-288230376151711758,15,144115188075855887,281193503312829270,LAB_USDT,15,10678482747817,kBinance,15,1780311678058000000,7510732201442099,1780311678060977088,1780311678060977722,kLead,entry,10,kEntrySubmit,kLong,288230376151711758,kOpenLong,kBuy,false,kImmediateOrCancel,kCancelled,kImmediateOrCancel,kUnknown,12.89296,12.89306,12.89306,1e-05,10,10,0.1,0.1,0,0.1,0.1,0,0,0,100.0,,kNone,,,,,,0.00016,,,1,4,3362311,10.0.1.103,52772,10.0.1.154,80,4,4,,true,427,107,0,0,0,10,571514,,,,,,,,,,,,,,,,,,,,,,,,,1780311678060986519,1780311678061558033,1780311678063281116,submitted_v1,
20260601_105424_lab_usdt_200usdt_private_1h,288230376151711759,t-288230376151711759,16,144115188075855888,281193503313121705,LAB_USDT,15,10678493576042,kBinance,15,1780311772049000000,7510826190057059,1780311772049591884,1780311772049593243,kLead,entry,11,kEntrySubmit,kLong,288230376151711759,kOpenLong,kBuy,false,kImmediateOrCancel,kCancelled,kImmediateOrCancel,kUnknown,13.74,13.7401,13.74010,1e-05,10,10,0.1,0.1,0,0.1,0.1,0,0,0,100.0,,kNone,,,,,,0.00016,,,1,4,3362311,10.0.1.103,52772,10.0.1.154,80,4,4,,true,368,59,0,0,0,10,523077,,,,,,,,,,,,,,,,,,,,,,,,,1780311772049603399,1780311772050126476,1780311772062910022,submitted_v1,
20260601_105424_lab_usdt_200usdt_private_1h,288230376151711760,t-288230376151711760,17,144115188075855889,281193503313207060,LAB_USDT,15,10678497236599,kBinance,15,1780311801008000000,7510855150144214,1780311801009679087,1780311801009679948,kLead,entry,12,kEntrySubmit,kShort,288230376151711760,kOpenShort,kSell,false,kImmediateOrCancel,kCancelled,kImmediateOrCancel,kUnknown,14.37085,14.37075,14.37075,1e-05,10,10,0.1,0.1,0,0.1,0.1,0,0,0,100.0,,kNone,,,,,,0.00016,,,1,4,3362311,10.0.1.103,52772,10.0.1.154,80,4,4,,true,385,79,0,0,0,10,631840,,,,,,,,,,,,,,,,,,,,,,,,,1780311801009689951,1780311801010321791,1780311801015545640,submitted_v1,
20260601_105424_lab_usdt_200usdt_private_1h,288230376151711761,t-288230376151711761,18,144115188075855890,281193503313429854,LAB_USDT,15,10678508849644,kBinance,15,1780311914402000000,7510968543550483,1780311914403085860,1780311914403086628,kLead,entry,13,kEntrySubmit,kShort,288230376151711761,kOpenShort,kSell,false,kImmediateOrCancel,kCancelled,kImmediateOrCancel,kUnknown,14.49528,14.49518,14.49518,1e-05,10,10,0.1,0.1,0,0.1,0.1,0,0,0,100.0,,kNone,,,,,,0.00016,,,1,4,3362311,10.0.1.103,52772,10.0.1.154,80,4,4,,true,368,54,0,0,0,10,532737,,,,,,,,,,,,,,,,,,,,,,,,,1780311914403097290,1780311914403630027,1780311914428545757,submitted_v1,
20260601_105424_lab_usdt_200usdt_private_1h,288230376151711762,t-288230376151711762,19,144115188075855891,281193503313549674,LAB_USDT,15,10678515505063,kBinance,15,1780311984042000000,7511038183482493,1780311984043017644,1780311984043018829,kLead,entry,14,kEntrySubmit,kLong,288230376151711762,kOpenLong,kBuy,false,kImmediateOrCancel,kCancelled,kImmediateOrCancel,kUnknown,14.49332,14.49342,14.49342,1e-05,10,10,0.1,0.1,0,0.1,0.1,0,0,0,100.0,,kNone,,,,,,0.00016,,,1,4,3362311,10.0.1.103,52772,10.0.1.154,80,4,4,4,true,979,1271,0,0,0,10,5401767,kAckRttThreshold,5401767,20090,32023,14526,20045,1,49610,152,1780311984043029756,1780311984043031164,1780311984043031553,1780311984043031745,1780311984043031784,1780311984043038042,1780311984043042533,245,245,0,false,0,true,245,0,1780311984043030141,1780311984048431908,1780311984051986684,submitted_v1,
20260601_105424_lab_usdt_200usdt_private_1h,288230376151711763,t-288230376151711763,20,144115188075855892,281193503313550340,LAB_USDT,15,10678515519834,kBinance,15,1780311984185000000,7511038326821132,1780311984186356648,1780311984186357337,kLead,entry,15,kEntrySubmit,kLong,288230376151711763,kOpenLong,kBuy,false,kImmediateOrCancel,kCancelled,kImmediateOrCancel,kUnknown,14.53286,14.53296,14.53296,1e-05,10,10,0.1,0.1,0,0.1,0.1,0,0,0,100.0,,kNone,,,,,,0.00016,,,1,4,3362311,10.0.1.103,52772,10.0.1.154,80,4,4,,true,928,1056,0,0,0,10,580501,,,,,,,,,,,,,,,,,,,,,,,,,1780311984186359685,1780311984186940186,1780311984189859117,submitted_v1,
20260601_105424_lab_usdt_200usdt_private_1h,288230376151711764,t-288230376151711764,21,144115188075855893,281193503313562586,LAB_USDT,15,10678515926213,kBinance,15,1780311988859000000,7511043001077130,1780311988860612336,1780311988860612657,kLead,entry,16,kEntrySubmit,kLong,288230376151711764,kOpenLong,kBuy,false,kImmediateOrCancel,kCancelled,kImmediateOrCancel,kUnknown,14.54729,14.54739,14.54739,1e-05,10,10,0.1,0.1,0,0.1,0.1,0,0,0,100.0,,kNone,,,,,,0.00016,,,1,4,3362311,10.0.1.103,52772,10.0.1.154,80,4,4,,true,815,783,0,0,0,10,576164,,,,,,,,,,,,,,,,,,,,,,,,,1780311988860617446,1780311988861193610,1780311988865178753,submitted_v1,
20260601_105424_lab_usdt_200usdt_private_1h,288230376151711765,t-288230376151711765,22,144115188075855894,281193503313598870,LAB_USDT,15,10678518237277,kBinance,15,1780312011703000000,7511065844809250,1780312011704344694,1780312011704346200,kLead,entry,17,kEntrySubmit,kLong,288230376151711765,kOpenLong,kBuy,false,kImmediateOrCancel,kCancelled,kImmediateOrCancel,kUnknown,14.64392,14.64402,14.64402,1e-05,10,10,0.1,0.1,0,0.1,0.1,0,0,0,100.0,,kNone,,,,,,0.00016,,,1,4,3362311,10.0.1.103,52772,10.0.1.154,80,4,4,,true,610,367,0,0,0,10,749185,,,,,,,,,,,,,,,,,,,,,,,,,1780312011704354834,1780312011705104019,1780312011708241960,submitted_v1,
20260601_105424_lab_usdt_200usdt_private_1h,288230376151711766,t-288230376151711766,23,144115188075855895,281193503313599530,LAB_USDT,15,10678518240579,kBinance,15,1780312011710000000,7511065852312728,1780312011711848011,1780312011711848852,kLead,entry,18,kEntrySubmit,kLong,288230376151711766,kOpenLong,kBuy,false,kImmediateOrCancel,kCancelled,kImmediateOrCancel,kUnknown,14.67462,14.67472,14.67472,1e-05,10,10,0.1,0.1,0,0.1,0.1,0,0,0,100.0,,kNone,,,,,,0.00016,,,1,4,3362311,10.0.1.103,52772,10.0.1.154,80,4,4,,true,624,302,0,0,0,10,759603,,,,,,,,,,,,,,,,,,,,,,,,,1780312011711850224,1780312011712609827,1780312011716225649,submitted_v1,
20260601_105424_lab_usdt_200usdt_private_1h,288230376151711767,t-288230376151711767,24,144115188075855896,281193503313599635,LAB_USDT,15,10678518242445,kBinance,15,1780312011715000000,7511065856968591,1780312011716504107,1780312011716504323,kLead,entry,19,kEntrySubmit,kLong,288230376151711767,kOpenLong,kBuy,false,kImmediateOrCancel,kCancelled,kImmediateOrCancel,kUnknown,14.67462,14.67472,14.67472,1e-05,10,10,0.1,0.1,0,0.1,0.1,0,0,0,100.0,,kNone,,,,,,0.00016,,,1,4,3362311,10.0.1.103,52772,10.0.1.154,80,4,4,,true,627,234,0,0,0,10,680954,,,,,,,,,,,,,,,,,,,,,,,,,1780312011716505239,1780312011717186193,1780312011719898378,submitted_v1,
20260601_105424_lab_usdt_200usdt_private_1h,288230376151711768,t-288230376151711768,25,144115188075855897,281193503313599792,LAB_USDT,15,10678518243471,kBinance,15,1780312011719000000,7511065860688698,1780312011720224244,1780312011720224605,kLead,entry,20,kEntrySubmit,kLong,288230376151711768,kOpenLong,kBuy,false,kImmediateOrCancel,kCancelled,kImmediateOrCancel,kUnknown,14.67462,14.67472,14.67472,1e-05,10,10,0.1,0.1,0,0.1,0.1,0,0,0,100.0,,kNone,,,,,,0.00016,,,1,4,3362311,10.0.1.103,52772,10.0.1.154,80,4,4,,true,653,227,0,0,1,10,875359,,,,,,,,,,,,,,,,,,,,,,,,,1780312011720225631,1780312011721100990,1780312011723355818,submitted_v1,
20260601_105424_lab_usdt_200usdt_private_1h,288230376151711769,t-288230376151711769,26,144115188075855898,281193503313600019,LAB_USDT,15,10678518244190,kBinance,15,1780312011722000000,7511065863948914,1780312011723483860,1780312011723484106,kLead,entry,21,kEntrySubmit,kLong,288230376151711769,kOpenLong,kBuy,false,kImmediateOrCancel,kCancelled,kImmediateOrCancel,kUnknown,14.67462,14.67472,14.67472,1e-05,10,10,0.1,0.1,0,0.1,0.1,0,0,0,100.0,,kNone,,,,,,0.00016,,,1,4,3362311,10.0.1.103,52772,10.0.1.154,80,4,4,,true,857,577,0,0,1,10,2307886,,,,,,,,,,,,,,,,,,,,,,,,,1780312011723485149,1780312011725793035,1780312011727420808,submitted_v1,
20260601_105424_lab_usdt_200usdt_private_1h,288230376151711770,t-288230376151711770,27,144115188075855899,281193503313600086,LAB_USDT,15,10678518245155,kBinance,15,1780312011726000000,7511065867955158,1780312011727490494,1780312011727490677,kLead,entry,22,kEntrySubmit,kLong,288230376151711770,kOpenLong,kBuy,false,kImmediateOrCancel,kCancelled,kImmediateOrCancel,kUnknown,14.67462,14.67472,14.67472,1e-05,10,10,0.1,0.1,0,0.1,0.1,0,0,0,100.0,,kNone,,,,,,0.00016,,,1,4,3362311,10.0.1.103,52772,10.0.1.154,80,4,4,,true,833,480,0,0,0,10,699747,,,,,,,,,,,,,,,,,,,,,,,,,1780312011727491705,1780312011728191452,1780312011729712680,submitted_v1,
20260601_105424_lab_usdt_200usdt_private_1h,288230376151711771,t-288230376151711771,28,144115188075855900,281193503313600164,LAB_USDT,15,10678518246068,kBinance,15,1780312011728000000,7511065870284964,1780312011729819989,1780312011729820331,kLead,entry,23,kEntrySubmit,kLong,288230376151711771,kOpenLong,kBuy,false,kImmediateOrCancel,kCancelled,kImmediateOrCancel,kUnknown,14.67462,14.67472,14.67472,1e-05,10,10,0.1,0.1,0,0.1,0.1,0,0,0,100.0,,kNone,,,,,,0.00016,,,1,4,3362311,10.0.1.103,52772,10.0.1.154,80,4,4,,true,813,401,0,0,0,10,675054,,,,,,,,,,,,,,,,,,,,,,,,,1780312011729821475,1780312011730496529,1780312011732491093,submitted_v1,
20260601_105424_lab_usdt_200usdt_private_1h,288230376151711772,t-288230376151711772,29,144115188075855901,281193503313600244,LAB_USDT,15,10678518247316,kBinance,15,1780312011732000000,7511065873378872,1780312011732913772,1780312011732914165,kLead,entry,24,kEntrySubmit,kLong,288230376151711772,kOpenLong,kBuy,false,kImmediateOrCancel,kCancelled,kImmediateOrCancel,kUnknown,14.67462,14.67472,14.67472,1e-05,10,10,0.1,0.1,0,0.1,0.1,0,0,0,100.0,,kNone,,,,,,0.00016,,,1,4,3362311,10.0.1.103,52772,10.0.1.154,80,4,4,,true,803,320,0,0,0,10,764344,,,,,,,,,,,,,,,,,,,,,,,,,1780312011732915075,1780312011733679419,1780312011737402805,submitted_v1,
20260601_105424_lab_usdt_200usdt_private_1h,288230376151711773,t-288230376151711773,30,144115188075855902,281193503313600304,LAB_USDT,15,10678518248216,kBinance,15,1780312011736000000,7511065877983573,1780312011737518798,1780312011737519285,kLead,entry,25,kEntrySubmit,kLong,288230376151711773,kOpenLong,kBuy,false,kImmediateOrCancel,kCancelled,kImmediateOrCancel,kUnknown,14.68891,14.68901,14.68901,1e-05,10,10,0.1,0.1,0,0.1,0.1,0,0,0,100.0,,kNone,,,,,,0.00016,,,1,4,3362311,10.0.1.103,52772,10.0.1.154,80,4,4,,true,784,278,0,0,0,10,658445,,,,,,,,,,,,,,,,,,,,,,,,,1780312011737520180,1780312011738178625,1780312011740631738,submitted_v1,
20260601_105424_lab_usdt_200usdt_private_1h,288230376151711774,t-288230376151711774,31,144115188075855903,281193503313609687,LAB_USDT,15,10678518652464,kBinance,15,1780312015667000000,7511069808925952,1780312015668461226,1780312015668461475,kLead,entry,26,kEntrySubmit,kLong,288230376151711774,kOpenLong,kBuy,false,kImmediateOrCancel,kCancelled,kImmediateOrCancel,kUnknown,14.76079,14.76089,14.76089,1e-05,10,10,0.1,0.1,0,0.1,0.1,0,0,0,100.0,,kNone,,,,,,0.00016,,,1,4,3362311,10.0.1.103,52772,10.0.1.154,80,4,4,,true,702,261,0,0,0,10,546234,,,,,,,,,,,,,,,,,,,,,,,,,1780312015668464983,1780312015669011217,1780312015672952716,submitted_v1,
20260601_105424_lab_usdt_200usdt_private_1h,288230376151711775,t-288230376151711775,32,144115188075855904,281193503313620940,LAB_USDT,15,10678519326478,kBinance,15,1780312019936000000,7511074078039095,1780312019937574543,1780312019937575068,kLead,entry,27,kEntrySubmit,kLong,288230376151711775,kOpenLong,kBuy,false,kImmediateOrCancel,kCancelled,kImmediateOrCancel,kUnknown,14.80635,14.80645,14.80645,1e-05,10,10,0.1,0.1,0,0.1,0.1,0,0,0,100.0,,kNone,,,,,,0.00016,,,1,4,3362311,10.0.1.103,52772,10.0.1.154,80,4,4,,true,686,226,0,0,0,10,598128,,,,,,,,,,,,,,,,,,,,,,,,,1780312019937581947,1780312019938180075,1780312019953907905,submitted_v1,
20260601_105424_lab_usdt_200usdt_private_1h,288230376151711776,t-288230376151711776,33,144115188075855905,281193503313754345,LAB_USDT,15,10678527240167,kBinance,15,1780312102746000000,7511156887903856,1780312102747439392,1780312102747440697,kLead,entry,28,kEntrySubmit,kShort,288230376151711776,kOpenShort,kSell,false,kImmediateOrCancel,kCancelled,kImmediateOrCancel,kUnknown,14.51101,14.51091,14.51091,1e-05,10,10,0.1,0.1,0,0.1,0.1,0,0,0,100.0,,kNone,,,,,,0.00016,,,1,4,3362311,10.0.1.103,52772,10.0.1.154,80,4,4,,true,414,119,0,0,0,10,593674,,,,,,,,,,,,,,,,,,,,,,,,,1780312102747450944,1780312102748044618,1780312102780571186,submitted_v1,
20260601_105424_lab_usdt_200usdt_private_1h,288230376151711777,t-288230376151711777,34,144115188075855906,281193503313814871,LAB_USDT,15,10678530822197,kBinance,15,1780312137306000000,7511191448162596,1780312137307698117,1780312137307699102,kLead,entry,29,kEntrySubmit,kShort,288230376151711777,kOpenShort,kSell,false,kImmediateOrCancel,kFilled,kUnknown,kUnknown,14.07107,14.07097,14.07097,1e-05,10,10,0.1,0.1,0.1,0,0,1,14.0713,14.0713,100.0,140.713,kTaker,-0.00023,-23,-0.1634559418722243582044577988738596,-0.0023,33,0.00016,0.02251408,config_estimated,1,4,3362311,10.0.1.103,52772,10.0.1.154,80,4,4,,true,386,73,0,0,0,10,547428,,,,,,,,,,,,,,,,,,,,,,,,,1780312137307709024,1780312137308256452,1780312137309704715,submitted_v1,
20260601_105424_lab_usdt_200usdt_private_1h,288230376151711778,t-288230376151711778,35,144115188075855907,281193503313821818,LAB_USDT,15,3096297177,kGate,15,1780312140254895000,7511194396188407,1780312140255723487,1780312140255723732,kLag,exit,29,kExitSubmit,kShort,288230376151711777,kCloseShort,kBuy,true,kImmediateOrCancel,kCancelled,kImmediateOrCancel,kUnknown,13.85218,13.85228,13.85228,1e-05,10,10,0.1,0.1,0,0.1,0.1,0,0,0,100.0,,kNone,,,,,,0.00016,,,1,4,3362311,10.0.1.103,52772,10.0.1.154,80,4,4,,true,398,89,0,0,0,10,544030,,,,,,,,,,,,,,,,,,,,,,,,,1780312140255729749,1780312140256273779,1780312140258397537,submitted_v1,
20260601_105424_lab_usdt_200usdt_private_1h,288230376151711779,t-288230376151711779,36,144115188075855908,281193503313821943,LAB_USDT,15,3096297388,kGate,15,1780312140264963000,7511194407042704,1780312140266577781,1780312140266578046,kLag,exit,29,kExitSubmit,kShort,288230376151711777,kCloseShort,kBuy,true,kImmediateOrCancel,kCancelled,kImmediateOrCancel,kUnknown,13.85139,13.85149,13.85149,1e-05,10,10,0.1,0.1,0,0.1,0.1,0,0,0,100.0,,kNone,,,,,,0.00016,,,1,4,3362311,10.0.1.103,52772,10.0.1.154,80,4,4,,true,415,102,0,0,0,10,566426,,,,,,,,,,,,,,,,,,,,,,,,,1780312140266579528,1780312140267145954,1780312140268084150,submitted_v1,
20260601_105424_lab_usdt_200usdt_private_1h,288230376151711780,t-288230376151711780,37,144115188075855909,281193503313822216,LAB_USDT,15,3096297837,kGate,15,1780312140287145000,7511194428660763,1780312140288195781,1780312140288196019,kLag,exit,29,kExitSubmit,kShort,288230376151711777,kCloseShort,kBuy,true,kImmediateOrCancel,kFilled,kUnknown,kUnknown,13.83896,13.83906,13.83906,1e-05,10,10,0.1,0.1,0.1,0,0,1,13.83896,13.83896,100.0,138.3896,kTaker,0,0,0,0,10,0.00016,0.022142336,config_estimated,1,4,3362311,10.0.1.103,52772,10.0.1.154,80,4,4,,true,479,204,0,0,0,10,942632,,,,,,,,,,,,,,,,,,,,,,,,,1780312140288197164,1780312140289139796,1780312140290117980,submitted_v1,
20260601_105424_lab_usdt_200usdt_private_1h,288230376151711781,t-288230376151711781,38,144115188075855910,281193503314161460,LAB_USDT,15,10678548524676,kBinance,15,1780312308749000000,7511362890252550,1780312308749787924,1780312308749788909,kLead,entry,30,kEntrySubmit,kLong,288230376151711781,kOpenLong,kBuy,false,kImmediateOrCancel,kCancelled,kImmediateOrCancel,kUnknown,14.35737,14.35747,14.35747,1e-05,10,10,0.1,0.1,0,0.1,0.1,0,0,0,100.0,,kNone,,,,,,0.00016,,,1,4,3362311,10.0.1.103,52772,10.0.1.154,80,4,4,,true,376,76,0,0,0,10,626779,,,,,,,,,,,,,,,,,,,,,,,,,1780312308749799119,1780312308750425898,1780312308792880718,submitted_v1,
20260601_105424_lab_usdt_200usdt_private_1h,288230376151711782,t-288230376151711782,39,144115188075855911,281193503314242240,LAB_USDT,15,10678552971170,kBinance,15,1780312361404000000,7511415545123386,1780312361404658756,1780312361404659985,kLead,entry,31,kEntrySubmit,kLong,288230376151711782,kOpenLong,kBuy,false,kImmediateOrCancel,kCancelled,kImmediateOrCancel,kUnknown,14.2446,14.2447,14.24470,1e-05,10,10,0.1,0.1,0,0.1,0.1,0,0,0,100.0,,kNone,,,,,,0.00016,,,1,4,3362311,10.0.1.103,52772,10.0.1.154,80,4,4,,true,362,53,0,0,0,10,530635,,,,,,,,,,,,,,,,,,,,,,,,,1780312361404670945,1780312361405201580,1780312361408846910,submitted_v1,
20260601_105424_lab_usdt_200usdt_private_1h,288230376151711783,t-288230376151711783,40,144115188075855912,281193503314453523,LAB_USDT,15,10678563545468,kBinance,15,1780312489258000000,7511543399472894,1780312489259007779,1780312489259008745,kLead,entry,32,kEntrySubmit,kLong,288230376151711783,kOpenLong,kBuy,false,kImmediateOrCancel,kCancelled,kImmediateOrCancel,kUnknown,13.84328,13.84338,13.84338,1e-05,10,10,0.1,0.1,0,0.1,0.1,0,0,0,100.0,,kNone,,,,,,0.00016,,,1,4,3362311,10.0.1.103,52772,10.0.1.154,80,4,4,,true,353,47,0,0,0,10,507653,,,,,,,,,,,,,,,,,,,,,,,,,1780312489259020283,1780312489259527936,1780312489261839633,submitted_v1,
20260601_105424_lab_usdt_200usdt_private_1h,288230376151711784,t-288230376151711784,41,144115188075855913,281193503314954692,LAB_USDT,15,10678592358578,kBinance,15,1780312789380000000,7511843521697463,1780312789381232897,1780312789381234534,kLead,entry,33,kEntrySubmit,kShort,288230376151711784,kOpenShort,kSell,false,kImmediateOrCancel,kCancelled,kImmediateOrCancel,kUnknown,14.18981,14.18971,14.18971,1e-05,10,10,0.1,0.1,0,0.1,0.1,0,0,0,100.0,,kNone,,,,,,0.00016,,,1,4,3362311,10.0.1.103,52772,10.0.1.154,80,4,4,4,true,2087,3516,0,0,0,10,14396432,kAckRttThreshold,14396432,23404,35060,13818,20270,1,51717,396,1780312789381244112,1780312789381245619,1780312789381245790,1780312789381246312,1780312789381246349,1780312789381253814,1780312789381258246,246,246,0,false,0,true,246,0,1780312789381244606,1780312789395641038,1780312789411260203,submitted_v1,
20260601_105424_lab_usdt_200usdt_private_1h,288230376151711785,t-288230376151711785,42,144115188075855914,281193503315270590,LAB_USDT,15,10678610911753,kBinance,15,1780312961200000000,7512015342277892,1780312961201813104,1780312961201814208,kLead,entry,34,kEntrySubmit,kShort,288230376151711785,kOpenShort,kSell,false,kImmediateOrCancel,kCancelled,kImmediateOrCancel,kUnknown,13.44036,13.44026,13.44026,1e-05,10,10,0.1,0.1,0,0.1,0.1,0,0,0,100.0,,kNone,,,,,,0.00016,,,1,4,3362311,10.0.1.103,52772,10.0.1.154,80,4,4,,true,377,64,0,0,0,10,535033,,,,,,,,,,,,,,,,,,,,,,,,,1780312961201824273,1780312961202359306,1780312961253274509,submitted_v1,
20260601_105424_lab_usdt_200usdt_private_1h,288230376151711786,t-288230376151711786,43,144115188075855915,281193503315440186,LAB_USDT,15,10678619899715,kBinance,15,1780313055173000000,7512109315106316,1780313055174641202,1780313055174642098,kLead,entry,35,kEntrySubmit,kShort,288230376151711786,kOpenShort,kSell,false,kImmediateOrCancel,kCancelled,kImmediateOrCancel,kUnknown,13.88018,13.88008,13.88008,1e-05,10,10,0.1,0.1,0,0.1,0.1,0,0,0,100.0,,kNone,,,,,,0.00016,,,1,4,3362311,10.0.1.103,52772,10.0.1.154,80,4,4,,true,362,48,0,0,0,10,496726,,,,,,,,,,,,,,,,,,,,,,,,,1780313055174652527,1780313055175149253,1780313055177521103,submitted_v1,
20260601_105424_lab_usdt_200usdt_private_1h,288230376151711787,t-288230376151711787,44,144115188075855916,281193503315554801,LAB_USDT,15,10678627642615,kBinance,15,1780313144026000000,7512198167914666,1780313144027450180,1780313144027451851,kLead,entry,36,kEntrySubmit,kShort,288230376151711787,kOpenShort,kSell,false,kImmediateOrCancel,kCancelled,kImmediateOrCancel,kUnknown,13.83482,13.83472,13.83472,1e-05,10,10,0.1,0.1,0,0.1,0.1,0,0,0,100.0,,kNone,,,,,,0.00016,,,1,4,3362311,10.0.1.103,52772,10.0.1.154,80,4,4,,true,371,59,0,0,0,10,520965,,,,,,,,,,,,,,,,,,,,,,,,,1780313144027462400,1780313144027983365,1780313144040650795,submitted_v1,
20260601_105424_lab_usdt_200usdt_private_1h,288230376151711788,t-288230376151711788,45,144115188075855917,281193503315565828,LAB_USDT,15,10678628084909,kBinance,15,1780313149575000000,7512203716410938,1780313149575946523,1780313149575946952,kLead,entry,37,kEntrySubmit,kShort,288230376151711788,kOpenShort,kSell,false,kImmediateOrCancel,kCancelled,kImmediateOrCancel,kUnknown,13.73607,13.73597,13.73597,1e-05,10,10,0.1,0.1,0,0.1,0.1,0,0,0,100.0,,kNone,,,,,,0.00016,,,1,4,3362311,10.0.1.103,52772,10.0.1.154,80,4,4,,true,384,82,0,0,0,10,550557,,,,,,,,,,,,,,,,,,,,,,,,,1780313149575953598,1780313149576504155,1780313149589156621,submitted_v1,
20260601_105424_lab_usdt_200usdt_private_1h,288230376151711789,t-288230376151711789,46,144115188075855918,281193503315596968,LAB_USDT,15,10678629326974,kBinance,15,1780313167247000000,7512221388494134,1780313167248029358,1780313167248030269,kLead,entry,38,kEntrySubmit,kShort,288230376151711789,kOpenShort,kSell,false,kImmediateOrCancel,kCancelled,kImmediateOrCancel,kUnknown,13.6087,13.6086,13.60860,1e-05,10,10,0.1,0.1,0,0.1,0.1,0,0,0,100.0,,kNone,,,,,,0.00016,,,1,4,3362311,10.0.1.103,52772,10.0.1.154,80,4,4,,true,395,83,0,0,0,10,576675,,,,,,,,,,,,,,,,,,,,,,,,,1780313167248039178,1780313167248615853,1780313167253008477,submitted_v1,
20260601_105424_lab_usdt_200usdt_private_1h,288230376151711790,t-288230376151711790,47,144115188075855919,281193503315605968,LAB_USDT,15,10678630105300,kBinance,15,1780313173101000000,7512227241949543,1780313173101484568,1780313173101485291,kLead,entry,39,kEntrySubmit,kShort,288230376151711790,kOpenShort,kSell,false,kImmediateOrCancel,kCancelled,kImmediateOrCancel,kUnknown,13.67718,13.67708,13.67708,1e-05,10,10,0.1,0.1,0,0.1,0.1,0,0,0,100.0,,kNone,,,,,,0.00016,,,1,4,3362311,10.0.1.103,52772,10.0.1.154,80,4,4,,true,402,84,0,0,0,10,516668,,,,,,,,,,,,,,,,,,,,,,,,,1780313173101491371,1780313173102008039,1780313173106880364,submitted_v1,
20260601_105424_lab_usdt_200usdt_private_1h,288230376151711791,t-288230376151711791,48,144115188075855920,281193503315951362,LAB_USDT,15,10678650588692,kBinance,15,1780313413075000000,7512467216934313,1780313413076469673,1780313413076470857,kLead,entry,40,kEntrySubmit,kLong,288230376151711791,kOpenLong,kBuy,false,kImmediateOrCancel,kCancelled,kImmediateOrCancel,kUnknown,13.6875,13.6876,13.68760,1e-05,10,10,0.1,0.1,0,0.1,0.1,0,0,0,100.0,,kNone,,,,,,0.00016,,,1,4,3362311,10.0.1.103,52772,10.0.1.154,80,4,4,,true,894,1125,0,0,0,10,4842202,,,,,,,,,,,,,,,,,,,,,,,,,1780313413076480898,1780313413081323100,1780313413084832048,submitted_v1,
20260601_105424_lab_usdt_200usdt_private_1h,288230376151711792,t-288230376151711792,49,144115188075855921,281193503315956230,LAB_USDT,15,10678650720404,kBinance,15,1780313414755000000,7512468896501482,1780313414756036886,1780313414756037350,kLead,entry,41,kEntrySubmit,kLong,288230376151711792,kOpenLong,kBuy,false,kImmediateOrCancel,kCancelled,kImmediateOrCancel,kUnknown,13.74331,13.74341,13.74341,1e-05,10,10,0.1,0.1,0,0.1,0.1,0,0,0,100.0,,kNone,,,,,,0.00016,,,1,4,3362311,10.0.1.103,52772,10.0.1.154,80,4,4,,true,851,931,0,0,0,10,564960,,,,,,,,,,,,,,,,,,,,,,,,,1780313414756043075,1780313414756608035,1780313414759510260,submitted_v1,
20260601_105424_lab_usdt_200usdt_private_1h,288230376151711793,t-288230376151711793,50,144115188075855922,281193503315991547,LAB_USDT,15,10678652231032,kBinance,15,1780313429100000000,7512483241488506,1780313429101023348,1780313429101023828,kLead,entry,42,kEntrySubmit,kLong,288230376151711793,kOpenLong,kBuy,false,kImmediateOrCancel,kCancelled,kImmediateOrCancel,kUnknown,13.46,13.4601,13.46010,1e-05,10,10,0.1,0.1,0,0.1,0.1,0,0,0,100.0,,kNone,,,,,,0.00016,,,1,4,3362311,10.0.1.103,52772,10.0.1.154,80,4,4,,true,670,507,0,0,0,10,605044,,,,,,,,,,,,,,,,,,,,,,,,,1780313429101031661,1780313429101636705,1780313429103456688,submitted_v1,
20260601_105424_lab_usdt_200usdt_private_1h,288230376151711794,t-288230376151711794,51,144115188075855923,281193503316425871,LAB_USDT,15,10678673846666,kBinance,15,1780313646209000000,7512700350114574,1780313646209650037,1780313646209650871,kLead,entry,43,kEntrySubmit,kShort,288230376151711794,kOpenShort,kSell,false,kImmediateOrCancel,kCancelled,kImmediateOrCancel,kUnknown,12.9523,12.9522,12.95220,1e-05,10,10,0.1,0.1,0,0.1,0.1,0,0,0,100.0,,kNone,,,,,,0.00016,,,1,4,3362311,10.0.1.103,52772,10.0.1.154,80,4,4,,true,364,50,0,0,0,10,509996,,,,,,,,,,,,,,,,,,,,,,,,,1780313646209662839,1780313646210172835,1780313646216818065,submitted_v1,
20260601_105424_lab_usdt_200usdt_private_1h,288230376151711795,t-288230376151711795,52,144115188075855924,281193503316464221,LAB_USDT,15,10678675513775,kBinance,15,1780313659748000000,7512713889981380,1780313659749516906,1780313659749517765,kLead,entry,44,kEntrySubmit,kShort,288230376151711795,kOpenShort,kSell,false,kImmediateOrCancel,kCancelled,kImmediateOrCancel,kUnknown,13.40116,13.40106,13.40106,1e-05,10,10,0.1,0.1,0,0.1,0.1,0,0,0,100.0,,kNone,,,,,,0.00016,,,1,4,3362311,10.0.1.103,52772,10.0.1.154,80,4,4,,true,380,87,0,0,0,10,583476,,,,,,,,,,,,,,,,,,,,,,,,,1780313659749526004,1780313659750109480,1780313659758947359,submitted_v1,
20260601_105424_lab_usdt_200usdt_private_1h,288230376151711796,t-288230376151711796,53,144115188075855925,281193503316466679,LAB_USDT,15,10678675713387,kBinance,15,1780313660855000000,7512714996530875,1780313660856066513,1780313660856067082,kLead,entry,45,kEntrySubmit,kShort,288230376151711796,kOpenShort,kSell,false,kImmediateOrCancel,kCancelled,kImmediateOrCancel,kUnknown,13.38806,13.38796,13.38796,1e-05,10,10,0.1,0.1,0,0.1,0.1,0,0,0,100.0,,kNone,,,,,,0.00016,,,1,4,3362311,10.0.1.103,52772,10.0.1.154,80,4,4,,true,406,99,0,0,0,10,580497,,,,,,,,,,,,,,,,,,,,,,,,,1780313660856071969,1780313660856652466,1780313660862069621,submitted_v1,
20260601_105424_lab_usdt_200usdt_private_1h,288230376151711797,t-288230376151711797,54,144115188075855926,281193503316470884,LAB_USDT,15,10678675865763,kBinance,15,1780313662726000000,7512716867583651,1780313662727118413,1780313662727118997,kLead,entry,46,kEntrySubmit,kShort,288230376151711797,kOpenShort,kSell,false,kImmediateOrCancel,kCancelled,kImmediateOrCancel,kUnknown,13.39591,13.39581,13.39581,1e-05,10,10,0.1,0.1,0,0.1,0.1,0,0,0,100.0,,kNone,,,,,,0.00016,,,1,4,3362311,10.0.1.103,52772,10.0.1.154,80,4,4,,true,422,106,0,0,0,10,563668,,,,,,,,,,,,,,,,,,,,,,,,,1780313662727121310,1780313662727684978,1780313662728723699,submitted_v1,
20260601_105424_lab_usdt_200usdt_private_1h,288230376151711798,t-288230376151711798,55,144115188075855927,281193503316484960,LAB_USDT,15,10678676420077,kBinance,15,1780313669267000000,7512723407857400,1780313669267392858,1780313669267393374,kLead,entry,47,kEntrySubmit,kShort,288230376151711798,kOpenShort,kSell,false,kImmediateOrCancel,kCancelled,kImmediateOrCancel,kUnknown,13.46652,13.46642,13.46642,1e-05,10,10,0.1,0.1,0,0.1,0.1,0,0,0,100.0,,kNone,,,,,,0.00016,,,1,4,3362311,10.0.1.103,52772,10.0.1.154,80,4,4,,true,427,110,0,0,0,10,560548,,,,,,,,,,,,,,,,,,,,,,,,,1780313669267397537,1780313669267958085,1780313669269600475,submitted_v1,
20260601_105424_lab_usdt_200usdt_private_1h,288230376151711799,t-288230376151711799,56,144115188075855928,281193503316763730,LAB_USDT,15,10678691856320,kBinance,15,1780313827449000000,7512881590580461,1780313827450115864,1780313827450116622,kLead,entry,48,kEntrySubmit,kLong,288230376151711799,kOpenLong,kBuy,false,kImmediateOrCancel,kCancelled,kImmediateOrCancel,kUnknown,12.99002,12.99012,12.99012,1e-05,10,10,0.1,0.1,0,0.1,0.1,0,0,0,100.0,,kNone,,,,,,0.00016,,,1,4,3362311,10.0.1.103,52772,10.0.1.154,80,4,4,,true,356,54,0,0,0,10,536671,,,,,,,,,,,,,,,,,,,,,,,,,1780313827450126520,1780313827450663191,1780313827484503945,submitted_v1,
20260601_105424_lab_usdt_200usdt_private_1h,288230376151711800,t-288230376151711800,57,144115188075855929,281193503316845155,LAB_USDT,15,10678697081542,kBinance,15,1780313882405000000,7512936546706589,1780313882406242107,1780313882406243002,kLead,entry,49,kEntrySubmit,kShort,288230376151711800,kOpenShort,kSell,false,kImmediateOrCancel,kCancelled,kImmediateOrCancel,kUnknown,13.1785,13.1784,13.17840,1e-05,10,10,0.1,0.1,0,0.1,0.1,0,0,0,100.0,,kNone,,,,,,0.00016,,,1,4,3362311,10.0.1.103,52772,10.0.1.154,80,4,4,,true,360,60,0,0,0,10,535784,,,,,,,,,,,,,,,,,,,,,,,,,1780313882406252756,1780313882406788540,1780313882412770884,submitted_v1,
20260601_105424_lab_usdt_200usdt_private_1h,288230376151711801,t-288230376151711801,58,144115188075855930,281193503317246668,LAB_USDT,15,10678728336816,kBinance,15,1780314189851000000,7513243992234498,1780314189851770133,1780314189851771059,kLead,entry,50,kEntrySubmit,kLong,288230376151711801,kOpenLong,kBuy,false,kImmediateOrCancel,kCancelled,kImmediateOrCancel,kUnknown,13.08489,13.08499,13.08499,1e-05,10,10,0.1,0.1,0,0.1,0.1,0,0,0,100.0,,kNone,,,,,,0.00016,,,1,4,3362311,10.0.1.103,52772,10.0.1.154,80,4,4,,true,813,961,0,0,0,10,4187919,,,,,,,,,,,,,,,,,,,,,,,,,1780314189851781888,1780314189855969807,1780314189861035828,submitted_v1,
20260601_105424_lab_usdt_200usdt_private_1h,288230376151711802,t-288230376151711802,59,144115188075855931,281193503317357391,LAB_USDT,15,10678734407224,kBinance,15,1780314263096000000,7513317237478162,1780314263097013013,1780314263097014124,kLead,entry,51,kEntrySubmit,kShort,288230376151711802,kOpenShort,kSell,false,kImmediateOrCancel,kCancelled,kImmediateOrCancel,kUnknown,13.00051,13.00041,13.00041,1e-05,10,10,0.1,0.1,0,0.1,0.1,0,0,0,100.0,,kNone,,,,,,0.00016,,,1,4,3362311,10.0.1.103,52772,10.0.1.154,80,4,4,,true,434,159,0,0,0,10,636473,,,,,,,,,,,,,,,,,,,,,,,,,1780314263097024379,1780314263097660852,1780314263103854502,submitted_v1,
20260601_105424_lab_usdt_200usdt_private_1h,288230376151711803,t-288230376151711803,60,144115188075855932,281193503317392383,LAB_USDT,15,10678735825432,kBinance,15,1780314282993000000,7513337134848514,1780314282994383552,1780314282994384056,kLead,entry,52,kEntrySubmit,kLong,288230376151711803,kOpenLong,kBuy,false,kImmediateOrCancel,kCancelled,kImmediateOrCancel,kUnknown,12.92013,12.92023,12.92023,1e-05,10,10,0.1,0.1,0,0.1,0.1,0,0,0,100.0,,kNone,,,,,,0.00016,,,1,4,3362311,10.0.1.103,52772,10.0.1.154,80,4,4,,true,425,117,0,0,0,10,563547,,,,,,,,,,,,,,,,,,,,,,,,,1780314282994394057,1780314282994957604,1780314282999729079,submitted_v1,
20260601_105424_lab_usdt_200usdt_private_1h,288230376151711804,t-288230376151711804,61,144115188075855933,281193503317392584,LAB_USDT,15,10678735827766,kBinance,15,1780314282999000000,7513337140324501,1780314282999859522,1780314282999860224,kLead,entry,53,kEntrySubmit,kLong,288230376151711804,kOpenLong,kBuy,false,kImmediateOrCancel,kCancelled,kImmediateOrCancel,kUnknown,12.92013,12.92023,12.92023,1e-05,10,10,0.1,0.1,0,0.1,0.1,0,0,0,100.0,,kNone,,,,,,0.00016,,,1,4,3362311,10.0.1.103,52772,10.0.1.154,80,4,4,,true,425,117,0,0,0,10,554005,,,,,,,,,,,,,,,,,,,,,,,,,1780314282999861495,1780314283000415500,1780314283007002619,submitted_v1,
20260601_105424_lab_usdt_200usdt_private_1h,288230376151711805,t-288230376151711805,62,144115188075855934,281193503317404614,LAB_USDT,15,10678736667386,kBinance,15,1780314291781000000,7513345922957802,1780314291782493076,1780314291782493945,kLead,entry,54,kEntrySubmit,kLong,288230376151711805,kOpenLong,kBuy,false,kImmediateOrCancel,kCancelled,kImmediateOrCancel,kUnknown,12.93309,12.93319,12.93319,1e-05,10,10,0.1,0.1,0,0.1,0.1,0,0,0,100.0,,kNone,,,,,,0.00016,,,1,4,3362311,10.0.1.103,52772,10.0.1.154,80,4,4,,true,422,109,0,0,0,10,555794,,,,,,,,,,,,,,,,,,,,,,,,,1780314291782499693,1780314291783055487,1780314291788561518,submitted_v1,
20260601_105424_lab_usdt_200usdt_private_1h,288230376151711806,t-288230376151711806,63,144115188075855935,281193503317582863,LAB_USDT,15,10678747336358,kBinance,15,1780314403384000000,7513457526252519,1780314403385788177,1780314403385789072,kLead,entry,55,kEntrySubmit,kShort,288230376151711806,kOpenShort,kSell,false,kImmediateOrCancel,kCancelled,kImmediateOrCancel,kUnknown,12.95546,12.95536,12.95536,1e-05,10,10,0.1,0.1,0,0.1,0.1,0,0,0,100.0,,kNone,,,,,,0.00016,,,1,4,3362311,10.0.1.103,52772,10.0.1.154,80,4,4,,true,369,62,0,0,0,10,592077,,,,,,,,,,,,,,,,,,,,,,,,,1780314403385798568,1780314403386390645,1780314403387386086,submitted_v1,
20260601_105424_lab_usdt_200usdt_private_1h,288230376151711807,t-288230376151711807,64,144115188075855936,281193503317587014,LAB_USDT,15,10678747498081,kBinance,15,1780314405005000000,7513459146644365,1780314405006179166,1780314405006179682,kLead,entry,56,kEntrySubmit,kShort,288230376151711807,kOpenShort,kSell,false,kImmediateOrCancel,kCancelled,kImmediateOrCancel,kUnknown,12.8881,12.888,12.88800,1e-05,10,10,0.1,0.1,0,0.1,0.1,0,0,0,100.0,,kNone,,,,,,0.00016,,,1,4,3362311,10.0.1.103,52772,10.0.1.154,80,4,4,,true,378,65,0,0,0,10,474626,,,,,,,,,,,,,,,,,,,,,,,,,1780314405006184952,1780314405006659578,1780314405009546637,submitted_v1,
20260601_105424_lab_usdt_200usdt_private_1h,288230376151711808,t-288230376151711808,65,144115188075855937,281193503317769270,LAB_USDT,15,10678757267612,kBinance,15,1780314508120000000,7513562261977182,1780314508121512582,1780314508121513257,kLead,entry,57,kEntrySubmit,kLong,288230376151711808,kOpenLong,kBuy,false,kImmediateOrCancel,kCancelled,kImmediateOrCancel,kUnknown,12.8064,12.8065,12.80650,1e-05,10,10,0.1,0.1,0,0.1,0.1,0,0,0,100.0,,kNone,,,,,,0.00016,,,1,4,3362311,10.0.1.103,52772,10.0.1.154,80,4,4,,true,374,83,0,0,0,10,670532,,,,,,,,,,,,,,,,,,,,,,,,,1780314508121524919,1780314508122195451,1780314508129773704,submitted_v1,
20260601_105424_lab_usdt_200usdt_private_1h,288230376151711809,t-288230376151711809,66,144115188075855938,281193503317885723,LAB_USDT,15,10678763397206,kBinance,15,1780314563075000000,7513617216420960,1780314563075956212,1780314563075956838,kLead,entry,58,kEntrySubmit,kShort,288230376151711809,kOpenShort,kSell,false,kImmediateOrCancel,kCancelled,kImmediateOrCancel,kUnknown,12.8594,12.8593,12.85930,1e-05,10,10,0.1,0.1,0,0.1,0.1,0,0,0,100.0,,kNone,,,,,,0.00016,,,1,4,3362311,10.0.1.103,52772,10.0.1.154,80,4,4,,true,462,200,0,0,0,10,748165,,,,,,,,,,,,,,,,,,,,,,,,,1780314563075967372,1780314563076715537,1780314563078414279,submitted_v1,
20260601_105424_lab_usdt_200usdt_private_1h,288230376151711810,t-288230376151711810,67,144115188075855939,281193503317885745,LAB_USDT,15,10678763397622,kBinance,15,1780314563077000000,7513617218926397,1780314563078461462,1780314563078461770,kLead,entry,59,kEntrySubmit,kShort,288230376151711810,kOpenShort,kSell,false,kImmediateOrCancel,kCancelled,kImmediateOrCancel,kUnknown,12.8594,12.8593,12.85930,1e-05,10,10,0.1,0.1,0,0.1,0.1,0,0,0,100.0,,kNone,,,,,,0.00016,,,1,4,3362311,10.0.1.103,52772,10.0.1.154,80,4,4,,true,462,200,0,0,0,10,801612,,,,,,,,,,,,,,,,,,,,,,,,,1780314563078463291,1780314563079264903,1780314563080229603,submitted_v1,
20260601_105424_lab_usdt_200usdt_private_1h,288230376151711811,t-288230376151711811,68,144115188075855940,281193503317885792,LAB_USDT,15,10678763398272,kBinance,15,1780314563081000000,7513617222062274,1780314563081597180,1780314563081597493,kLead,entry,60,kEntrySubmit,kShort,288230376151711811,kOpenShort,kSell,false,kImmediateOrCancel,kCancelled,kImmediateOrCancel,kUnknown,12.8594,12.8593,12.85930,1e-05,10,10,0.1,0.1,0,0.1,0.1,0,0,0,100.0,,kNone,,,,,,0.00016,,,1,4,3362311,10.0.1.103,52772,10.0.1.154,80,4,4,,true,492,211,0,0,0,10,733162,,,,,,,,,,,,,,,,,,,,,,,,,1780314563081598661,1780314563082331823,1780314563083386202,submitted_v1,
20260601_105424_lab_usdt_200usdt_private_1h,288230376151711812,t-288230376151711812,69,144115188075855941,281193503318203208,LAB_USDT,15,10678781324103,kBinance,15,1780314729055000000,7513783196942885,1780314729056478095,1780314729056478706,kLead,entry,61,kEntrySubmit,kShort,288230376151711812,kOpenShort,kSell,false,kImmediateOrCancel,kCancelled,kImmediateOrCancel,kUnknown,13.20765,13.20755,13.20755,1e-05,10,10,0.1,0.1,0,0.1,0.1,0,0,0,100.0,,kNone,,,,,,0.00016,,,1,4,3362311,10.0.1.103,52772,10.0.1.154,80,4,4,,true,362,54,0,0,0,10,523943,,,,,,,,,,,,,,,,,,,,,,,,,1780314729056488988,1780314729057012931,1780314729059638725,submitted_v1,
20260601_105424_lab_usdt_200usdt_private_1h,288230376151711813,t-288230376151711813,70,144115188075855942,281193503318303383,LAB_USDT,15,10678786860783,kBinance,15,1780314785323000000,7513839464398200,1780314785323933273,1780314785323933878,kLead,entry,62,kEntrySubmit,kShort,288230376151711813,kOpenShort,kSell,false,kImmediateOrCancel,kCancelled,kImmediateOrCancel,kUnknown,13.1331,13.133,13.13300,1e-05,10,10,0.1,0.1,0,0.1,0.1,0,0,0,100.0,,kNone,,,,,,0.00016,,,1,4,3362311,10.0.1.103,52772,10.0.1.154,80,4,4,,true,379,72,0,0,0,10,569201,,,,,,,,,,,,,,,,,,,,,,,,,1780314785323944945,1780314785324514146,1780314785328625058,submitted_v1,
20260601_105424_lab_usdt_200usdt_private_1h,288230376151711814,t-288230376151711814,71,144115188075855943,281193503318450594,LAB_USDT,15,10678794939737,kBinance,15,1780314878929000000,7513933071106564,1780314878930641644,1780314878930642369,kLead,entry,63,kEntrySubmit,kShort,288230376151711814,kOpenShort,kSell,false,kImmediateOrCancel,kCancelled,kImmediateOrCancel,kUnknown,13.54047,13.54037,13.54037,1e-05,10,10,0.1,0.1,0,0.1,0.1,0,0,0,100.0,,kNone,,,,,,0.00016,,,1,4,3362311,10.0.1.103,52772,10.0.1.154,80,4,4,,true,800,921,0,0,0,10,4009900,,,,,,,,,,,,,,,,,,,,,,,,,1780314878930653936,1780314878934663836,1780314878935676078,submitted_v1,
