run_id,signal_index,log_time,trigger_ticker_id,trigger_exchange,trigger_symbol_id,trigger_exchange_ns,trigger_local_ns,on_book_ticker_entry_ns,signal_decision_ns,symbol,symbol_id,signal_role,action,side,reduce_only,signal_position_id,raw_price,local_order_id,request_sequence,request_send_local_ns,bbo_to_strategy_ns,strategy_to_signal_ns,signal_to_request_send_ns,trigger_to_request_send_ns,exchange_order_id,order_role,order_position_id,position_event,position_direction,order_price,price_tick,slippage_ticks,quantity,status,cumulative_filled_quantity,average_fill_price,exec_slippage_ticks,ack_rtt_ns,order_finished_local_ns,warnings
20260601_105424_lab_usdt_200usdt_private_1h,1,2026-06-01 10:56:21.558023477,10678455557772,kBinance,15,1780311381557000000,7510435698485938,1780311381558021413,1780311381558022454,LAB_USDT,15,kLead,kOpenLong,kBuy,false,0,14.99579,288230376151711745,2,1780311381558033481,1772800945859535475,1041,11027,1772800945859547543,281193503312270499,entry,1,kEntrySubmit,kLong,14.99589,1e-05,10,0.1,kFilled,0.1,14.99577,-2,494792,1780311381577969724,
20260601_105424_lab_usdt_200usdt_private_1h,2,2026-06-01 10:56:21.579632433,3093252415,kGate,15,1780311381578928000,7510435720097196,1780311381579632127,1780311381579632371,LAB_USDT,15,kLag,kCloseLong,kSell,true,1,14.99578,288230376151711746,3,1780311381579634142,1772800945859534931,244,1771,1772800945859536946,281193503312270558,exit,1,kExitSubmit,kLong,14.99568,1e-05,10,0.1,kCancelled,0,0,,502488,1780311381581609550,
20260601_105424_lab_usdt_200usdt_private_1h,3,2026-06-01 10:56:22.405320981,10678455613586,kBinance,15,1780311382404000000,7510436545785111,1780311382405320582,1780311382405320818,LAB_USDT,15,kLead,kCloseLong,kSell,true,1,14.94891,288230376151711747,4,1780311382405324080,1772800945859535471,236,3262,1772800945859538969,281193503312272733,exit,1,kExitSubmit,kLong,14.94881,1e-05,10,0.1,kCancelled,0,0,,588579,1780311382407026993,
20260601_105424_lab_usdt_200usdt_private_1h,4,2026-06-01 10:56:23.751791148,3093262251,kGate,15,1780311383750984000,7510437892256024,1780311383751790850,1780311383751791077,LAB_USDT,15,kLag,kStoplossLong,kSell,true,1,14.7697402,288230376151711748,5,1780311383751793032,1772800945859534826,227,1955,1772800945859537008,281193503312275581,exit,1,kExitSubmit,kLong,14.76964,1e-05,10,0.1,kFilled,0.1,14.85016,-8041.98,485962,1780311383754119909,
20260601_105424_lab_usdt_200usdt_private_1h,5,2026-06-01 10:56:29.119960650,10678456165414,kBinance,15,1780311389119000000,7510443260424042,1780311389119959583,1780311389119960434,LAB_USDT,15,kLead,kOpenLong,kBuy,false,0,14.86886,288230376151711749,6,1780311389119965276,1772800945859535541,851,4842,1772800945859541234,281193503312286592,entry,2,kEntrySubmit,kLong,14.86896,1e-05,10,0.1,kFilled,0.1,14.86887,1,684910,1780311389123352620,
20260601_105424_lab_usdt_200usdt_private_1h,6,2026-06-01 10:56:35.854567997,10678456640547,kBinance,15,1780311395853000000,7510449995031199,1780311395854566647,1780311395854567173,LAB_USDT,15,kLead,kCloseLong,kSell,true,2,14.9207,288230376151711750,7,1780311395854576266,1772800945859535448,526,9093,1772800945859545067,281193503312295287,exit,2,kExitSubmit,kLong,14.9206,1e-05,10,0.1,kFilled,0.1,14.9207,0,571172,1780311395856248653,
20260601_105424_lab_usdt_200usdt_private_1h,7,2026-06-01 10:57:04.066446427,10678458973196,kBinance,15,1780311424065000000,7510478206909372,1780311424066445074,1780311424066446156,LAB_USDT,15,kLead,kOpenShort,kSell,false,0,14.79685,288230376151711751,8,1780311424066456152,1772800945859535702,1082,9996,1772800945859546780,281193503312337579,entry,3,kEntrySubmit,kShort,14.79675,1e-05,10,0.1,kCancelled,0,0,,580554,1780311424073907672,
20260601_105424_lab_usdt_200usdt_private_1h,8,2026-06-01 10:59:14.407494491,10678469799670,kBinance,15,1780311554406000000,7510608547957960,1780311554407492987,1780311554407493982,LAB_USDT,15,kLead,kOpenShort,kSell,false,0,14.48779,288230376151711752,9,1780311554407504689,1772800945859535027,995,10707,1772800945859546729,281193503312548145,entry,4,kEntrySubmit,kShort,14.48769,1e-05,10,0.1,kCancelled,0,0,,612091,1780311554415199337,
20260601_105424_lab_usdt_200usdt_private_1h,9,2026-06-01 11:00:18.879799780,10678476550931,kBinance,15,1780311618879000000,7510673020262497,1780311618879797812,1780311618879799454,LAB_USDT,15,kLead,kOpenLong,kBuy,false,0,13.82547,288230376151711753,10,1780311618879808899,1772800945859535315,1642,9445,1772800945859546402,281193503312677254,entry,5,kEntrySubmit,kLong,13.82557,1e-05,10,0.1,kCancelled,0,0,,814668,1780311618887651860,
20260601_105424_lab_usdt_200usdt_private_1h,10,2026-06-01 11:00:58.613532300,10678480603114,kBinance,15,1780311658612000000,7510712753995465,1780311658613530917,1780311658613531776,LAB_USDT,15,kLead,kOpenShort,kSell,false,0,13.4949,288230376151711754,11,1780311658613550911,1772800945859535452,859,19135,1772800945859555446,281193503312776036,entry,6,kEntrySubmit,kShort,13.4948,1e-05,10,0.1,kCancelled,0,0,,626992,1780311658617283005,
20260601_105424_lab_usdt_200usdt_private_1h,11,2026-06-01 11:00:58.619468429,10678480604101,kBinance,15,1780311658618000000,7510712759932686,1780311658619467982,1780311658619468345,LAB_USDT,15,kLead,kOpenShort,kSell,false,0,13.4949,288230376151711755,12,1780311658619470248,1772800945859535296,363,1903,1772800945859537562,281193503312776135,entry,7,kEntrySubmit,kShort,13.4948,1e-05,10,0.1,kCancelled,0,0,,738426,1780311658621101577,
20260601_105424_lab_usdt_200usdt_private_1h,12,2026-06-01 11:00:58.621462784,10678480604452,kBinance,15,1780311658621000000,7510712761926806,1780311658621462415,1780311658621462732,LAB_USDT,15,kLead,kOpenShort,kSell,false,0,13.4949,288230376151711756,13,1780311658621463674,1772800945859535609,317,942,1772800945859536868,281193503312776155,entry,8,kEntrySubmit,kShort,13.4948,1e-05,10,0.1,kCancelled,0,0,,486675,1780311658622696944,
20260601_105424_lab_usdt_200usdt_private_1h,13,2026-06-01 11:00:58.623397586,10678480604939,kBinance,15,1780311658622000000,7510712763862428,1780311658623397222,1780311658623397532,LAB_USDT,15,kLead,kOpenShort,kSell,false,0,13.4949,288230376151711757,14,1780311658623398480,1772800945859534794,310,948,1772800945859536052,281193503312776179,entry,9,kEntrySubmit,kShort,13.4948,1e-05,10,0.1,kCancelled,0,0,,608039,1780311658625716876,
20260601_105424_lab_usdt_200usdt_private_1h,14,2026-06-01 11:01:18.060978152,10678482747817,kBinance,15,1780311678058000000,7510732201442099,1780311678060977088,1780311678060977722,LAB_USDT,15,kLead,kOpenLong,kBuy,false,0,12.89296,288230376151711758,15,1780311678060986519,1772800945859534989,634,8797,1772800945859544420,281193503312829270,entry,10,kEntrySubmit,kLong,12.89306,1e-05,10,0.1,kCancelled,0,0,,571514,1780311678063281116,
20260601_105424_lab_usdt_200usdt_private_1h,15,2026-06-01 11:02:52.049594197,10678493576042,kBinance,15,1780311772049000000,7510826190057059,1780311772049591884,1780311772049593243,LAB_USDT,15,kLead,kOpenLong,kBuy,false,0,13.74,288230376151711759,16,1780311772049603399,1772800945859534825,1359,10156,1772800945859546340,281193503313121705,entry,11,kEntrySubmit,kLong,13.7401,1e-05,10,0.1,kCancelled,0,0,,523077,1780311772062910022,
20260601_105424_lab_usdt_200usdt_private_1h,16,2026-06-01 11:03:21.009680261,10678497236599,kBinance,15,1780311801008000000,7510855150144214,1780311801009679087,1780311801009679948,LAB_USDT,15,kLead,kOpenShort,kSell,false,0,14.37085,288230376151711760,17,1780311801009689951,1772800945859534873,861,10003,1772800945859545737,281193503313207060,entry,12,kEntrySubmit,kShort,14.37075,1e-05,10,0.1,kCancelled,0,0,,631840,1780311801015545640,
20260601_105424_lab_usdt_200usdt_private_1h,17,2026-06-01 11:05:14.403087284,10678508849644,kBinance,15,1780311914402000000,7510968543550483,1780311914403085860,1780311914403086628,LAB_USDT,15,kLead,kOpenShort,kSell,false,0,14.49528,288230376151711761,18,1780311914403097290,1772800945859535377,768,10662,1772800945859546807,281193503313429854,entry,13,kEntrySubmit,kShort,14.49518,1e-05,10,0.1,kCancelled,0,0,,532737,1780311914428545757,
20260601_105424_lab_usdt_200usdt_private_1h,18,2026-06-01 11:06:24.043019228,10678515505063,kBinance,15,1780311984042000000,7511038183482493,1780311984043017644,1780311984043018829,LAB_USDT,15,kLead,kOpenLong,kBuy,false,0,14.49332,288230376151711762,19,1780311984043030141,1772800945859535151,1185,11312,1772800945859547648,281193503313549674,entry,14,kEntrySubmit,kLong,14.49342,1e-05,10,0.1,kCancelled,0,0,,5401767,1780311984051986684,
20260601_105424_lab_usdt_200usdt_private_1h,19,2026-06-01 11:06:24.186357463,10678515519834,kBinance,15,1780311984185000000,7511038326821132,1780311984186356648,1780311984186357337,LAB_USDT,15,kLead,kOpenLong,kBuy,false,0,14.53286,288230376151711763,20,1780311984186359685,1772800945859535516,689,2348,1772800945859538553,281193503313550340,entry,15,kEntrySubmit,kLong,14.53296,1e-05,10,0.1,kCancelled,0,0,,580501,1780311984189859117,
20260601_105424_lab_usdt_200usdt_private_1h,20,2026-06-01 11:06:28.860612721,10678515926213,kBinance,15,1780311988859000000,7511043001077130,1780311988860612336,1780311988860612657,LAB_USDT,15,kLead,kOpenLong,kBuy,false,0,14.54729,288230376151711764,21,1780311988860617446,1772800945859535206,321,4789,1772800945859540316,281193503313562586,entry,16,kEntrySubmit,kLong,14.54739,1e-05,10,0.1,kCancelled,0,0,,576164,1780311988865178753,
20260601_105424_lab_usdt_200usdt_private_1h,21,2026-06-01 11:06:51.704347000,10678518237277,kBinance,15,1780312011703000000,7511065844809250,1780312011704344694,1780312011704346200,LAB_USDT,15,kLead,kOpenLong,kBuy,false,0,14.64392,288230376151711765,22,1780312011704354834,1772800945859535444,1506,8634,1772800945859545584,281193503313598870,entry,17,kEntrySubmit,kLong,14.64402,1e-05,10,0.1,kCancelled,0,0,,749185,1780312011708241960,
20260601_105424_lab_usdt_200usdt_private_1h,22,2026-06-01 11:06:51.711848908,10678518240579,kBinance,15,1780312011710000000,7511065852312728,1780312011711848011,1780312011711848852,LAB_USDT,15,kLead,kOpenLong,kBuy,false,0,14.67462,288230376151711766,23,1780312011711850224,1772800945859535283,841,1372,1772800945859537496,281193503313599530,entry,18,kEntrySubmit,kLong,14.67472,1e-05,10,0.1,kCancelled,0,0,,759603,1780312011716225649,
20260601_105424_lab_usdt_200usdt_private_1h,23,2026-06-01 11:06:51.716504379,10678518242445,kBinance,15,1780312011715000000,7511065856968591,1780312011716504107,1780312011716504323,LAB_USDT,15,kLead,kOpenLong,kBuy,false,0,14.67462,288230376151711767,24,1780312011716505239,1772800945859535516,216,916,1772800945859536648,281193503313599635,entry,19,kEntrySubmit,kLong,14.67472,1e-05,10,0.1,kCancelled,0,0,,680954,1780312011719898378,
20260601_105424_lab_usdt_200usdt_private_1h,24,2026-06-01 11:06:51.720224660,10678518243471,kBinance,15,1780312011719000000,7511065860688698,1780312011720224244,1780312011720224605,LAB_USDT,15,kLead,kOpenLong,kBuy,false,0,14.67462,288230376151711768,25,1780312011720225631,1772800945859535546,361,1026,1772800945859536933,281193503313599792,entry,20,kEntrySubmit,kLong,14.67472,1e-05,10,0.1,kCancelled,0,0,,875359,1780312011723355818,
20260601_105424_lab_usdt_200usdt_private_1h,25,2026-06-01 11:06:51.723484163,10678518244190,kBinance,15,1780312011722000000,7511065863948914,1780312011723483860,1780312011723484106,LAB_USDT,15,kLead,kOpenLong,kBuy,false,0,14.67462,288230376151711769,26,1780312011723485149,1772800945859534946,246,1043,1772800945859536235,281193503313600019,entry,21,kEntrySubmit,kLong,14.67472,1e-05,10,0.1,kCancelled,0,0,,2307886,1780312011727420808,
20260601_105424_lab_usdt_200usdt_private_1h,26,2026-06-01 11:06:51.727490734,10678518245155,kBinance,15,1780312011726000000,7511065867955158,1780312011727490494,1780312011727490677,LAB_USDT,15,kLead,kOpenLong,kBuy,false,0,14.67462,288230376151711770,27,1780312011727491705,1772800945859535336,183,1028,1772800945859536547,281193503313600086,entry,22,kEntrySubmit,kLong,14.67472,1e-05,10,0.1,kCancelled,0,0,,699747,1780312011729712680,
20260601_105424_lab_usdt_200usdt_private_1h,27,2026-06-01 11:06:51.729820385,10678518246068,kBinance,15,1780312011728000000,7511065870284964,1780312011729819989,1780312011729820331,LAB_USDT,15,kLead,kOpenLong,kBuy,false,0,14.67462,288230376151711771,28,1780312011729821475,1772800945859535025,342,1144,1772800945859536511,281193503313600164,entry,23,kEntrySubmit,kLong,14.67472,1e-05,10,0.1,kCancelled,0,0,,675054,1780312011732491093,
20260601_105424_lab_usdt_200usdt_private_1h,28,2026-06-01 11:06:51.732914218,10678518247316,kBinance,15,1780312011732000000,7511065873378872,1780312011732913772,1780312011732914165,LAB_USDT,15,kLead,kOpenLong,kBuy,false,0,14.67462,288230376151711772,29,1780312011732915075,1772800945859534900,393,910,1772800945859536203,281193503313600244,entry,24,kEntrySubmit,kLong,14.67472,1e-05,10,0.1,kCancelled,0,0,,764344,1780312011737402805,
20260601_105424_lab_usdt_200usdt_private_1h,29,2026-06-01 11:06:51.737519339,10678518248216,kBinance,15,1780312011736000000,7511065877983573,1780312011737518798,1780312011737519285,LAB_USDT,15,kLead,kOpenLong,kBuy,false,0,14.68891,288230376151711773,30,1780312011737520180,1772800945859535225,487,895,1772800945859536607,281193503313600304,entry,25,kEntrySubmit,kLong,14.68901,1e-05,10,0.1,kCancelled,0,0,,658445,1780312011740631738,
20260601_105424_lab_usdt_200usdt_private_1h,30,2026-06-01 11:06:55.668462039,10678518652464,kBinance,15,1780312015667000000,7511069808925952,1780312015668461226,1780312015668461475,LAB_USDT,15,kLead,kOpenLong,kBuy,false,0,14.76079,288230376151711774,31,1780312015668464983,1772800945859535274,249,3508,1772800945859539031,281193503313609687,entry,26,kEntrySubmit,kLong,14.76089,1e-05,10,0.1,kCancelled,0,0,,546234,1780312015672952716,
20260601_105424_lab_usdt_200usdt_private_1h,31,2026-06-01 11:06:59.937575035,10678519326478,kBinance,15,1780312019936000000,7511074078039095,1780312019937574543,1780312019937575068,LAB_USDT,15,kLead,kOpenLong,kBuy,false,0,14.80635,288230376151711775,32,1780312019937581947,1772800945859535448,525,6879,1772800945859542852,281193503313620940,entry,27,kEntrySubmit,kLong,14.80645,1e-05,10,0.1,kCancelled,0,0,,598128,1780312019953907905,
20260601_105424_lab_usdt_200usdt_private_1h,32,2026-06-01 11:08:22.747441498,10678527240167,kBinance,15,1780312102746000000,7511156887903856,1780312102747439392,1780312102747440697,LAB_USDT,15,kLead,kOpenShort,kSell,false,0,14.51101,288230376151711776,33,1780312102747450944,1772800945859535536,1305,10247,1772800945859547088,281193503313754345,entry,28,kEntrySubmit,kShort,14.51091,1e-05,10,0.1,kCancelled,0,0,,593674,1780312102780571186,
20260601_105424_lab_usdt_200usdt_private_1h,33,2026-06-01 11:08:57.307699596,10678530822197,kBinance,15,1780312137306000000,7511191448162596,1780312137307698117,1780312137307699102,LAB_USDT,15,kLead,kOpenShort,kSell,false,0,14.07107,288230376151711777,34,1780312137307709024,1772800945859535521,985,9922,1772800945859546428,281193503313814871,entry,29,kEntrySubmit,kShort,14.07097,1e-05,10,0.1,kFilled,0.1,14.0713,-23,547428,1780312137309704715,
20260601_105424_lab_usdt_200usdt_private_1h,34,2026-06-01 11:09:00.255724271,3096297177,kGate,15,1780312140254895000,7511194396188407,1780312140255723487,1780312140255723732,LAB_USDT,15,kLag,kCloseShort,kBuy,true,29,13.85218,288230376151711778,35,1780312140255729749,1772800945859535080,245,6017,1772800945859541342,281193503313821818,exit,29,kExitSubmit,kShort,13.85228,1e-05,10,0.1,kCancelled,0,0,,544030,1780312140258397537,
20260601_105424_lab_usdt_200usdt_private_1h,35,2026-06-01 11:09:00.266578110,3096297388,kGate,15,1780312140264963000,7511194407042704,1780312140266577781,1780312140266578046,LAB_USDT,15,kLag,kCloseShort,kBuy,true,29,13.85139,288230376151711779,36,1780312140266579528,1772800945859535077,265,1482,1772800945859536824,281193503313821943,exit,29,kExitSubmit,kShort,13.85149,1e-05,10,0.1,kCancelled,0,0,,566426,1780312140268084150,
20260601_105424_lab_usdt_200usdt_private_1h,36,2026-06-01 11:09:00.288196077,3096297837,kGate,15,1780312140287145000,7511194428660763,1780312140288195781,1780312140288196019,LAB_USDT,15,kLag,kCloseShort,kBuy,true,29,13.83896,288230376151711780,37,1780312140288197164,1772800945859535018,238,1145,1772800945859536401,281193503313822216,exit,29,kExitSubmit,kShort,13.83906,1e-05,10,0.1,kFilled,0.1,13.83896,0,942632,1780312140290117980,
20260601_105424_lab_usdt_200usdt_private_1h,37,2026-06-01 11:11:48.749789607,10678548524676,kBinance,15,1780312308749000000,7511362890252550,1780312308749787924,1780312308749788909,LAB_USDT,15,kLead,kOpenLong,kBuy,false,0,14.35737,288230376151711781,38,1780312308749799119,1772800945859535374,985,10210,1772800945859546569,281193503314161460,entry,30,kEntrySubmit,kLong,14.35747,1e-05,10,0.1,kCancelled,0,0,,626779,1780312308792880718,
20260601_105424_lab_usdt_200usdt_private_1h,38,2026-06-01 11:12:41.404660388,10678552971170,kBinance,15,1780312361404000000,7511415545123386,1780312361404658756,1780312361404659985,LAB_USDT,15,kLead,kOpenLong,kBuy,false,0,14.2446,288230376151711782,39,1780312361404670945,1772800945859535370,1229,10960,1772800945859547559,281193503314242240,entry,31,kEntrySubmit,kLong,14.2447,1e-05,10,0.1,kCancelled,0,0,,530635,1780312361408846910,
20260601_105424_lab_usdt_200usdt_private_1h,39,2026-06-01 11:14:49.259009371,10678563545468,kBinance,15,1780312489258000000,7511543399472894,1780312489259007779,1780312489259008745,LAB_USDT,15,kLead,kOpenLong,kBuy,false,0,13.84328,288230376151711783,40,1780312489259020283,1772800945859534885,966,11538,1772800945859547389,281193503314453523,entry,32,kEntrySubmit,kLong,13.84338,1e-05,10,0.1,kCancelled,0,0,,507653,1780312489261839633,
20260601_105424_lab_usdt_200usdt_private_1h,40,2026-06-01 11:19:49.381235278,10678592358578,kBinance,15,1780312789380000000,7511843521697463,1780312789381232897,1780312789381234534,LAB_USDT,15,kLead,kOpenShort,kSell,false,0,14.18981,288230376151711784,41,1780312789381244606,1772800945859535434,1637,10072,1772800945859547143,281193503314954692,entry,33,kEntrySubmit,kShort,14.18971,1e-05,10,0.1,kCancelled,0,0,,14396432,1780312789411260203,
20260601_105424_lab_usdt_200usdt_private_1h,41,2026-06-01 11:22:41.201814463,10678610911753,kBinance,15,1780312961200000000,7512015342277892,1780312961201813104,1780312961201814208,LAB_USDT,15,kLead,kOpenShort,kSell,false,0,13.44036,288230376151711785,42,1780312961201824273,1772800945859535212,1104,10065,1772800945859546381,281193503315270590,entry,34,kEntrySubmit,kShort,13.44026,1e-05,10,0.1,kCancelled,0,0,,535033,1780312961253274509,
20260601_105424_lab_usdt_200usdt_private_1h,42,2026-06-01 11:24:15.174642761,10678619899715,kBinance,15,1780313055173000000,7512109315106316,1780313055174641202,1780313055174642098,LAB_USDT,15,kLead,kOpenShort,kSell,false,0,13.88018,288230376151711786,43,1780313055174652527,1772800945859534886,896,10429,1772800945859546211,281193503315440186,entry,35,kEntrySubmit,kShort,13.88008,1e-05,10,0.1,kCancelled,0,0,,496726,1780313055177521103,
20260601_105424_lab_usdt_200usdt_private_1h,43,2026-06-01 11:25:44.027452121,10678627642615,kBinance,15,1780313144026000000,7512198167914666,1780313144027450180,1780313144027451851,LAB_USDT,15,kLead,kOpenShort,kSell,false,0,13.83482,288230376151711787,44,1780313144027462400,1772800945859535514,1671,10549,1772800945859547734,281193503315554801,entry,36,kEntrySubmit,kShort,13.83472,1e-05,10,0.1,kCancelled,0,0,,520965,1780313144040650795,
20260601_105424_lab_usdt_200usdt_private_1h,44,2026-06-01 11:25:49.575947213,10678628084909,kBinance,15,1780313149575000000,7512203716410938,1780313149575946523,1780313149575946952,LAB_USDT,15,kLead,kOpenShort,kSell,false,0,13.73607,288230376151711788,45,1780313149575953598,1772800945859535585,429,6646,1772800945859542660,281193503315565828,entry,37,kEntrySubmit,kShort,13.73597,1e-05,10,0.1,kCancelled,0,0,,550557,1780313149589156621,
20260601_105424_lab_usdt_200usdt_private_1h,45,2026-06-01 11:26:07.248030911,10678629326974,kBinance,15,1780313167247000000,7512221388494134,1780313167248029358,1780313167248030269,LAB_USDT,15,kLead,kOpenShort,kSell,false,0,13.6087,288230376151711789,46,1780313167248039178,1772800945859535224,911,8909,1772800945859545044,281193503315596968,entry,38,kEntrySubmit,kShort,13.6086,1e-05,10,0.1,kCancelled,0,0,,576675,1780313167253008477,
20260601_105424_lab_usdt_200usdt_private_1h,46,2026-06-01 11:26:13.101485936,10678630105300,kBinance,15,1780313173101000000,7512227241949543,1780313173101484568,1780313173101485291,LAB_USDT,15,kLead,kOpenShort,kSell,false,0,13.67718,288230376151711790,47,1780313173101491371,1772800945859535025,723,6080,1772800945859541828,281193503315605968,entry,39,kEntrySubmit,kShort,13.67708,1e-05,10,0.1,kCancelled,0,0,,516668,1780313173106880364,
20260601_105424_lab_usdt_200usdt_private_1h,47,2026-06-01 11:30:13.076472192,10678650588692,kBinance,15,1780313413075000000,7512467216934313,1780313413076469673,1780313413076470857,LAB_USDT,15,kLead,kOpenLong,kBuy,false,0,13.6875,288230376151711791,48,1780313413076480898,1772800945859535360,1184,10041,1772800945859546585,281193503315951362,entry,40,kEntrySubmit,kLong,13.6876,1e-05,10,0.1,kCancelled,0,0,,4842202,1780313413084832048,
20260601_105424_lab_usdt_200usdt_private_1h,48,2026-06-01 11:30:14.756037509,10678650720404,kBinance,15,1780313414755000000,7512468896501482,1780313414756036886,1780313414756037350,LAB_USDT,15,kLead,kOpenLong,kBuy,false,0,13.74331,288230376151711792,49,1780313414756043075,1772800945859535404,464,5725,1772800945859541593,281193503315956230,entry,41,kEntrySubmit,kLong,13.74341,1e-05,10,0.1,kCancelled,0,0,,564960,1780313414759510260,
20260601_105424_lab_usdt_200usdt_private_1h,49,2026-06-01 11:30:29.101024391,10678652231032,kBinance,15,1780313429100000000,7512483241488506,1780313429101023348,1780313429101023828,LAB_USDT,15,kLead,kOpenLong,kBuy,false,0,13.46,288230376151711793,50,1780313429101031661,1772800945859534842,480,7833,1772800945859543155,281193503315991547,entry,42,kEntrySubmit,kLong,13.4601,1e-05,10,0.1,kCancelled,0,0,,605044,1780313429103456688,
20260601_105424_lab_usdt_200usdt_private_1h,50,2026-06-01 11:34:06.209651763,10678673846666,kBinance,15,1780313646209000000,7512700350114574,1780313646209650037,1780313646209650871,LAB_USDT,15,kLead,kOpenShort,kSell,false,0,12.9523,288230376151711794,51,1780313646209662839,1772800945859535463,834,11968,1772800945859548265,281193503316425871,entry,43,kEntrySubmit,kShort,12.9522,1e-05,10,0.1,kCancelled,0,0,,509996,1780313646216818065,
20260601_105424_lab_usdt_200usdt_private_1h,51,2026-06-01 11:34:19.749518410,10678675513775,kBinance,15,1780313659748000000,7512713889981380,1780313659749516906,1780313659749517765,LAB_USDT,15,kLead,kOpenShort,kSell,false,0,13.40116,288230376151711795,52,1780313659749526004,1772800945859535526,859,8239,1772800945859544624,281193503316464221,entry,44,kEntrySubmit,kShort,13.40106,1e-05,10,0.1,kCancelled,0,0,,583476,1780313659758947359,
20260601_105424_lab_usdt_200usdt_private_1h,52,2026-06-01 11:34:20.856067242,10678675713387,kBinance,15,1780313660855000000,7512714996530875,1780313660856066513,1780313660856067082,LAB_USDT,15,kLead,kOpenShort,kSell,false,0,13.38806,288230376151711796,53,1780313660856071969,1772800945859535638,569,4887,1772800945859541094,281193503316466679,entry,45,kEntrySubmit,kShort,13.38796,1e-05,10,0.1,kCancelled,0,0,,580497,1780313660862069621,
20260601_105424_lab_usdt_200usdt_private_1h,53,2026-06-01 11:34:22.727119048,10678675865763,kBinance,15,1780313662726000000,7512716867583651,1780313662727118413,1780313662727118997,LAB_USDT,15,kLead,kOpenShort,kSell,false,0,13.39591,288230376151711797,54,1780313662727121310,1772800945859534762,584,2313,1772800945859537659,281193503316470884,entry,46,kEntrySubmit,kShort,13.39581,1e-05,10,0.1,kCancelled,0,0,,563668,1780313662728723699,
20260601_105424_lab_usdt_200usdt_private_1h,54,2026-06-01 11:34:29.267393710,10678676420077,kBinance,15,1780313669267000000,7512723407857400,1780313669267392858,1780313669267393374,LAB_USDT,15,kLead,kOpenShort,kSell,false,0,13.46652,288230376151711798,55,1780313669267397537,1772800945859535458,516,4163,1772800945859540137,281193503316484960,entry,47,kEntrySubmit,kShort,13.46642,1e-05,10,0.1,kCancelled,0,0,,560548,1780313669269600475,
20260601_105424_lab_usdt_200usdt_private_1h,55,2026-06-01 11:37:07.450117150,10678691856320,kBinance,15,1780313827449000000,7512881590580461,1780313827450115864,1780313827450116622,LAB_USDT,15,kLead,kOpenLong,kBuy,false,0,12.99002,288230376151711799,56,1780313827450126520,1772800945859535403,758,9898,1772800945859546059,281193503316763730,entry,48,kEntrySubmit,kLong,12.99012,1e-05,10,0.1,kCancelled,0,0,,536671,1780313827484503945,
20260601_105424_lab_usdt_200usdt_private_1h,56,2026-06-01 11:38:02.406243629,10678697081542,kBinance,15,1780313882405000000,7512936546706589,1780313882406242107,1780313882406243002,LAB_USDT,15,kLead,kOpenShort,kSell,false,0,13.1785,288230376151711800,57,1780313882406252756,1772800945859535518,895,9754,1772800945859546167,281193503316845155,entry,49,kEntrySubmit,kShort,13.1784,1e-05,10,0.1,kCancelled,0,0,,535784,1780313882412770884,
20260601_105424_lab_usdt_200usdt_private_1h,57,2026-06-01 11:43:09.851771543,10678728336816,kBinance,15,1780314189851000000,7513243992234498,1780314189851770133,1780314189851771059,LAB_USDT,15,kLead,kOpenLong,kBuy,false,0,13.08489,288230376151711801,58,1780314189851781888,1772800945859535635,926,10829,1772800945859547390,281193503317246668,entry,50,kEntrySubmit,kLong,13.08499,1e-05,10,0.1,kCancelled,0,0,,4187919,1780314189861035828,
20260601_105424_lab_usdt_200usdt_private_1h,58,2026-06-01 11:44:23.097014693,10678734407224,kBinance,15,1780314263096000000,7513317237478162,1780314263097013013,1780314263097014124,LAB_USDT,15,kLead,kOpenShort,kSell,false,0,13.00051,288230376151711802,59,1780314263097024379,1772800945859534851,1111,10255,1772800945859546217,281193503317357391,entry,51,kEntrySubmit,kShort,13.00041,1e-05,10,0.1,kCancelled,0,0,,636473,1780314263103854502,
20260601_105424_lab_usdt_200usdt_private_1h,59,2026-06-01 11:44:42.994384737,10678735825432,kBinance,15,1780314282993000000,7513337134848514,1780314282994383552,1780314282994384056,LAB_USDT,15,kLead,kOpenLong,kBuy,false,0,12.92013,288230376151711803,60,1780314282994394057,1772800945859535038,504,10001,1772800945859545543,281193503317392383,entry,52,kEntrySubmit,kLong,12.92023,1e-05,10,0.1,kCancelled,0,0,,563547,1780314282999729079,
20260601_105424_lab_usdt_200usdt_private_1h,60,2026-06-01 11:44:42.999860298,10678735827766,kBinance,15,1780314282999000000,7513337140324501,1780314282999859522,1780314282999860224,LAB_USDT,15,kLead,kOpenLong,kBuy,false,0,12.92013,288230376151711804,61,1780314282999861495,1772800945859535021,702,1271,1772800945859536994,281193503317392584,entry,53,kEntrySubmit,kLong,12.92023,1e-05,10,0.1,kCancelled,0,0,,554005,1780314283007002619,
20260601_105424_lab_usdt_200usdt_private_1h,61,2026-06-01 11:44:51.782494481,10678736667386,kBinance,15,1780314291781000000,7513345922957802,1780314291782493076,1780314291782493945,LAB_USDT,15,kLead,kOpenLong,kBuy,false,0,12.93309,288230376151711805,62,1780314291782499693,1772800945859535274,869,5748,1772800945859541891,281193503317404614,entry,54,kEntrySubmit,kLong,12.93319,1e-05,10,0.1,kCancelled,0,0,,555794,1780314291788561518,
20260601_105424_lab_usdt_200usdt_private_1h,62,2026-06-01 11:46:43.385789912,10678747336358,kBinance,15,1780314403384000000,7513457526252519,1780314403385788177,1780314403385789072,LAB_USDT,15,kLead,kOpenShort,kSell,false,0,12.95546,288230376151711806,63,1780314403385798568,1772800945859535658,895,9496,1772800945859546049,281193503317582863,entry,55,kEntrySubmit,kShort,12.95536,1e-05,10,0.1,kCancelled,0,0,,592077,1780314403387386086,
20260601_105424_lab_usdt_200usdt_private_1h,63,2026-06-01 11:46:45.006179868,10678747498081,kBinance,15,1780314405005000000,7513459146644365,1780314405006179166,1780314405006179682,LAB_USDT,15,kLead,kOpenShort,kSell,false,0,12.8881,288230376151711807,64,1780314405006184952,1772800945859534801,516,5270,1772800945859540587,281193503317587014,entry,56,kEntrySubmit,kShort,12.888,1e-05,10,0.1,kCancelled,0,0,,474626,1780314405009546637,
20260601_105424_lab_usdt_200usdt_private_1h,64,2026-06-01 11:48:28.121514077,10678757267612,kBinance,15,1780314508120000000,7513562261977182,1780314508121512582,1780314508121513257,LAB_USDT,15,kLead,kOpenLong,kBuy,false,0,12.8064,288230376151711808,65,1780314508121524919,1772800945859535400,675,11662,1772800945859547737,281193503317769270,entry,57,kEntrySubmit,kLong,12.8065,1e-05,10,0.1,kCancelled,0,0,,670532,1780314508129773704,
20260601_105424_lab_usdt_200usdt_private_1h,65,2026-06-01 11:49:23.075957665,10678763397206,kBinance,15,1780314563075000000,7513617216420960,1780314563075956212,1780314563075956838,LAB_USDT,15,kLead,kOpenShort,kSell,false,0,12.8594,288230376151711809,66,1780314563075967372,1772800945859535252,626,10534,1772800945859546412,281193503317885723,entry,58,kEntrySubmit,kShort,12.8593,1e-05,10,0.1,kCancelled,0,0,,748165,1780314563078414279,
20260601_105424_lab_usdt_200usdt_private_1h,66,2026-06-01 11:49:23.078461836,10678763397622,kBinance,15,1780314563077000000,7513617218926397,1780314563078461462,1780314563078461770,LAB_USDT,15,kLead,kOpenShort,kSell,false,0,12.8594,288230376151711810,67,1780314563078463291,1772800945859535065,308,1521,1772800945859536894,281193503317885745,entry,59,kEntrySubmit,kShort,12.8593,1e-05,10,0.1,kCancelled,0,0,,801612,1780314563080229603,
20260601_105424_lab_usdt_200usdt_private_1h,67,2026-06-01 11:49:23.081597541,10678763398272,kBinance,15,1780314563081000000,7513617222062274,1780314563081597180,1780314563081597493,LAB_USDT,15,kLead,kOpenShort,kSell,false,0,12.8594,288230376151711811,68,1780314563081598661,1772800945859534906,313,1168,1772800945859536387,281193503317885792,entry,60,kEntrySubmit,kShort,12.8593,1e-05,10,0.1,kCancelled,0,0,,733162,1780314563083386202,
20260601_105424_lab_usdt_200usdt_private_1h,68,2026-06-01 11:52:09.056479359,10678781324103,kBinance,15,1780314729055000000,7513783196942885,1780314729056478095,1780314729056478706,LAB_USDT,15,kLead,kOpenShort,kSell,false,0,13.20765,288230376151711812,69,1780314729056488988,1772800945859535210,611,10282,1772800945859546103,281193503318203208,entry,61,kEntrySubmit,kShort,13.20755,1e-05,10,0.1,kCancelled,0,0,,523943,1780314729059638725,
20260601_105424_lab_usdt_200usdt_private_1h,69,2026-06-01 11:53:05.323934810,10678786860783,kBinance,15,1780314785323000000,7513839464398200,1780314785323933273,1780314785323933878,LAB_USDT,15,kLead,kOpenShort,kSell,false,0,13.1331,288230376151711813,70,1780314785323944945,1772800945859535073,605,11067,1772800945859546745,281193503318303383,entry,62,kEntrySubmit,kShort,13.133,1e-05,10,0.1,kCancelled,0,0,,569201,1780314785328625058,
20260601_105424_lab_usdt_200usdt_private_1h,70,2026-06-01 11:54:38.930643274,10678794939737,kBinance,15,1780314878929000000,7513933071106564,1780314878930641644,1780314878930642369,LAB_USDT,15,kLead,kOpenShort,kSell,false,0,13.54047,288230376151711814,71,1780314878930653936,1772800945859535080,725,11567,1772800945859547372,281193503318450594,entry,63,kEntrySubmit,kShort,13.54037,1e-05,10,0.1,kCancelled,0,0,,4009900,1780314878935676078,
