run_id,local_order_id,parent_id,route_id,text_order_id,request_sequence,encoded_request_id,exchange_order_id,symbol,symbol_id,trigger_exchange,trigger_symbol_id,trigger_exchange_ns,trigger_local_ns,on_book_ticker_entry_ns,signal_decision_ns,lead_exchange_ns,lead_local_ns,signal_lead_id,lead_freshness_ns,lag_exchange_ns,lag_local_ns,signal_lag_id,lag_freshness_ns,max_lead_freshness_ns,max_lag_freshness_ns,freshness_guard_pass,freshness_reject_reason,signal_role,order_role,position_id,position_event,position_direction,entry_local_order_id,action,side,reduce_only,time_in_force,status,finish_reason,reject_reason,raw_price,order_price,price_text,price_tick,slippage_ticks,order_offset_ticks,quantity,quantity_text,cumulative_filled_quantity,left_quantity,cancelled_quantity,fill_rate,average_fill_price,last_fill_price,contract_multiplier,filled_notional,fill_role,exec_slippage_price,exec_slippage_ticks,exec_slippage_bps,exec_slippage_quote,limit_improvement_ticks,fee_rate_config,fee_quote_estimated,fee_source,order_session_id,owner_thread_cpu,owner_thread_tid,local_ip,local_port,remote_ip,remote_port,send_cpu,ack_cpu,diagnostic_cpu,tcp_info_available,tcp_info_rtt_us,tcp_info_rttvar_us,tcp_info_retrans,tcp_info_total_retrans,tcp_info_unacked,tcp_info_snd_cwnd,ack_rtt_ns,ack_exchange_request_ingress_ns,ack_exchange_response_egress_ns,ack_exchange_process_ns,ack_lead_id,ack_lag_id,accepted_lead_id,accepted_lag_id,partial_filled_lead_id,partial_filled_lag_id,filled_lead_id,filled_lag_id,cancelled_lead_id,cancelled_lag_id,rejected_lead_id,rejected_lag_id,unknown_result_lead_id,unknown_result_lag_id,cancel_accepted_lead_id,cancel_accepted_lag_id,cancel_rejected_lead_id,cancel_rejected_lag_id,continuity_lost_lead_id,continuity_lost_lag_id,latency_diagnostic_reason,latency_diagnostic_ack_rtt_ns,send_to_first_after_hook_ns,send_to_first_drive_read_ns,drive_read_duration_ns,max_observed_drive_read_duration_ns,latency_diagnostic_inflight_at_send,max_runtime_loop_gap_ns,runtime_loop_iterations_before_ack,order_encode_done_ns,ws_frame_encode_done_ns,write_enqueue_ns,drive_write_enter_ns,write_some_enter_ns,write_some_return_ns,write_complete_ns,write_some_bytes,write_complete_bytes,write_errno,write_eagain,pending_write_count_after,socket_send_queue_available,tcp_sendq_bytes,tcp_notsent_bytes,request_send_local_ns,ack_local_receive_ns,order_finished_local_ns,source_schema,warnings
bitget_lead_lag_top20_20260715T125649Z,432345564227567617,1,0,t-432345564227567617,,,1461273393439059973,VELVETUSDT,449,kBinance,449,1784120646811000000,1784120646812490042,1784120646812490454,1784120646812491387,1784120646811000000,1784120646812490042,11053359799162,1491387,1784120646809000000,1784120646809810866,370679673125,3491387,5000000,200000000,true,-,kLead,entry,1,kEntrySubmit,kLong,432345564227567617,kOpenLong,kBuy,false,,kCancelled,kImmediateOrCancel,kUnknown,0.51245,0.51257,0.51257,1e-05,11,12,10,10,0,10,10,0,0,0,,,kNone,,,,,,,,,,,,,,,,,,,,,,,,,,10211816,,,,11053359801084,370679673672,,,,,,,11053359801359,370679673672,,,,,,,,,,,,,,,,,,,,,,,,,,,,,,,,,,,1784120646812511609,1784120646822723425,1784120646823051569,submitted_v1,
bitget_lead_lag_top20_20260715T125649Z,432345564227567618,2,0,t-432345564227567618,,,1461274138112569433,SOLUSDT,384,kBinance,384,1784120824360000000,1784120824361040925,1784120824361041355,1784120824361042560,1784120824360000000,1784120824361040925,11053385312830,1042560,1784120824357000000,1784120824357806114,139752005125,4042560,5000000,200000000,true,-,kLead,entry,1,kEntrySubmit,kLong,432345564227567618,kOpenLong,kBuy,false,,kCancelled,kImmediateOrCancel,kUnknown,78.726,78.742,78.742,0.001,16,16,0.1,0.1,0,0.1,0.1,0,0,0,,,kNone,,,,,,,,,,,,,,,,,,,,,,,,,,0,,,,,,,,,,,,11053385314837,139752006072,,,,,,,,,,,,,,,,,,,,,,,,,,,,,,,,,,,1784120824361061807,0,1784120824367691563,submitted_v1,
bitget_lead_lag_top20_20260715T125649Z,432345564227567619,3,0,t-432345564227567619,,,1461274149013565442,ORDIUSDT,316,kBinance,316,1784120826958000000,1784120826958953815,1784120826958954355,1784120826958955550,1784120826958000000,1784120826958953815,11053385833782,955550,1784120826844000000,1784120826845179642,198725410460,114955550,5000000,200000000,true,-,kLead,entry,1,kEntrySubmit,kShort,432345564227567619,kOpenShort,kSell,false,,kCancelled,kImmediateOrCancel,kUnknown,3.508,3.507,3.507,0.001,1,1,1.5,1.50,0,1.5,1.5,0,0,0,,,kNone,,,,,,,,,,,,,,,,,,,,,,,,,,6330558,,,,11053385835137,198725411279,,,,,,,11053385835201,198725411308,,,,,,,,,,,,,,,,,,,,,,,,,,,,,,,,,,,1784120826958972725,1784120826965303283,1784120826965712224,submitted_v1,
bitget_lead_lag_top20_20260715T125649Z,432345564227567620,4,0,t-432345564227567620,,,1461275433934401537,RAVEUSDT,347,kBinance,347,1784121133308000000,1784121133309047052,1784121133309047430,1784121133309048170,1784121133308000000,1784121133309047052,11053426685214,1048170,1784121133192000000,1784121133192381413,657183553461,117048170,5000000,200000000,true,-,kLead,entry,1,kEntrySubmit,kLong,432345564227567620,kOpenLong,kBuy,false,,kCancelled,kImmediateOrCancel,kUnknown,0.30139,0.30146,0.30146,1e-05,6,7,17,17,0,17,17,0,0,0,,,kNone,,,,,,,,,,,,,,,,,,,,,,,,,,5496081,,,,11053426686453,657183555657,,,,,,,11053426686464,657183555721,,,,,,,,,,,,,,,,,,,,,,,,,,,,,,,,,,,1784121133309067040,1784121133314563121,1784121133314954080,submitted_v1,
bitget_lead_lag_top20_20260715T125649Z,432345564227567621,5,0,t-432345564227567621,,,1461275870733414412,UBUSDT,438,kBinance,438,1784121237449000000,1784121237449974040,1784121237449974971,1784121237449976129,1784121237449000000,1784121237449974040,11053437558843,976129,1784121237364000000,1784121237364341721,370684901869,85976129,5000000,200000000,true,-,kLead,entry,1,kEntrySubmit,kShort,432345564227567621,kOpenShort,kSell,false,,kCancelled,kImmediateOrCancel,kUnknown,0.08553,0.08551,0.08551,1e-05,2,2,61,61,0,61,61,0,0,0,,,kNone,,,,,,,,,,,,,,,,,,,,,,,,,,5796319,,,,11053437560276,370684903560,,,,,,,11053437560399,370684903599,,,,,,,,,,,,,,,,,,,,,,,,,,,,,,,,,,,1784121237449994209,1784121237455790528,1784121237456227224,submitted_v1,
bitget_lead_lag_top20_20260715T125649Z,432345564227567622,6,0,t-432345564227567622,,,1461276267304857601,UBUSDT,438,kBinance,438,1784121331999000000,1784121332000248348,1784121332000248810,1784121332000249408,1784121331999000000,1784121332000248348,11053449172040,1249408,1784121331811000000,1784121331811318961,370685685957,189249408,5000000,200000000,true,-,kLead,entry,2,kEntrySubmit,kShort,432345564227567622,kOpenShort,kSell,false,,kCancelled,kImmediateOrCancel,kUnknown,0.08566,0.08564,0.08564,1e-05,2,2,61,61,0,61,61,0,0,0,,,kNone,,,,,,,,,,,,,,,,,,,,,,,,,,5336412,,,,11053449173299,370685687687,,,,,,,11053449173299,370685687708,,,,,,,,,,,,,,,,,,,,,,,,,,,,,,,,,,,1784121332000266698,1784121332005603110,1784121332006206615,submitted_v1,
bitget_lead_lag_top20_20260715T125649Z,432345564227567623,7,0,t-432345564227567623,,,1461276708755353604,HUSDT,211,kBinance,211,1784121437249000000,1784121437250414500,1784121437250415004,1784121437250416092,1784121437249000000,1784121437250414500,11053461362576,1416092,1784121437242000000,1784121437243013021,370686516023,8416092,5000000,200000000,true,-,kLead,entry,1,kEntrySubmit,kLong,432345564227567623,kOpenLong,kBuy,false,,kCancelled,kImmediateOrCancel,kUnknown,0.0675,0.06752,0.06752,1e-05,2,2,78,78,0,78,78,0,0,0,,,kNone,,,,,,,,,,,,,,,,,,,,,,,,,,5425544,,,,11053461363284,370686516145,,,,,,,11053461363360,370686516148,,,,,,,,,,,,,,,,,,,,,,,,,,,,,,,,,,,1784121437250434103,1784121437255859647,1784121437256417809,submitted_v1,
bitget_lead_lag_top20_20260715T125649Z,432345564227567624,8,0,t-432345564227567624,,,1461276708788908040,HUSDT,211,kBinance,211,1784121437258000000,1784121437258885749,1784121437258886126,1784121437258886556,1784121437258000000,1784121437258885749,11053461363691,886556,1784121437258000000,1784121437258765591,370686516190,886556,5000000,200000000,true,-,kLead,entry,2,kEntrySubmit,kLong,432345564227567624,kOpenLong,kBuy,false,,kCancelled,kImmediateOrCancel,kUnknown,0.0676,0.06762,0.06762,1e-05,2,2,78,78,0,78,78,0,0,0,,,kNone,,,,,,,,,,,,,,,,,,,,,,,,,,5055379,,,,11053461364133,370686516279,,,,,,,11053461364133,370686516279,,,,,,,,,,,,,,,,,,,,,,,,,,,,,,,,,,,1784121437258888776,1784121437263944155,1784121437264422113,submitted_v1,
bitget_lead_lag_top20_20260715T125649Z,432345564227567625,9,0,t-432345564227567625,,,1461277681448005635,VELVETUSDT,449,kBinance,449,1784121669157000000,1784121669158105154,1784121669158105607,1784121669158106896,1784121669157000000,1784121669158105154,11053491036386,1106896,1784121669123000000,1784121669123983170,370688478097,35106896,5000000,200000000,true,-,kLead,entry,2,kEntrySubmit,kLong,432345564227567625,kOpenLong,kBuy,false,,kCancelled,kImmediateOrCancel,kUnknown,0.51922,0.51933,0.51933,1e-05,11,11,10,10,0,10,10,0,0,0,,,kNone,,,,,,,,,,,,,,,,,,,,,,,,,,5212048,,,,11053491038247,370688479017,,,,,,,11053491038472,370688479073,,,,,,,,,,,,,,,,,,,,,,,,,,,,,,,,,,,1784121669158124821,1784121669163336869,1784121669163927480,submitted_v1,
bitget_lead_lag_top20_20260715T125649Z,432345564227567626,10,0,t-432345564227567626,,,1461277821697142793,UBUSDT,438,kBinance,438,1784121702595000000,1784121702596998889,1784121702596999330,1784121702597000152,1784121702595000000,1784121702596998889,11053495984437,2000152,1784121702594000000,1784121702594530587,370688842078,3000152,5000000,200000000,true,-,kLead,entry,3,kEntrySubmit,kShort,432345564227567626,kOpenShort,kSell,false,,kCancelled,kImmediateOrCancel,kUnknown,0.08634,0.08632,0.08632,1e-05,2,2,61,61,0,61,61,0,0,0,,,kNone,,,,,,,,,,,,,,,,,,,,,,,,,,5191337,,,,11053495985205,370688842670,,,,,,,11053495985442,370688842670,,,,,,,,,,,,,,,,,,,,,,,,,,,,,,,,,,,1784121702597018172,1784121702602209509,1784121702602594506,submitted_v1,
bitget_lead_lag_top20_20260715T125649Z,432345564227567627,11,0,t-432345564227567627,,,1461278122969804829,ZECUSDT,480,kBinance,480,1784121774424000000,1784121774425076289,1784121774425076563,1784121774425078406,1784121774424000000,1784121774425076289,11053504228161,1078406,1784121774419000000,1784121774419870977,416733715227,6078406,5000000,200000000,true,-,kLead,entry,1,kEntrySubmit,kShort,432345564227567627,kOpenShort,kSell,false,,kCancelled,kImmediateOrCancel,kUnknown,583.95,583.83,583.83,0.01,12,12,0.009,0.009,0,0.009,0.009,0,0,0,,,kNone,,,,,,,,,,,,,,,,,,,,,,,,,,5587239,,,,11053504231544,416733716372,,,,,,,11053504231583,416733716460,,,,,,,,,,,,,,,,,,,,,,,,,,,,,,,,,,,1784121774425097130,1784121774430684369,1784121774431262394,submitted_v1,
bitget_lead_lag_top20_20260715T125649Z,432345564227567628,12,0,t-432345564227567628,,,1461278172525506568,TACUSDT,411,kBinance,411,1784121786239000000,1784121786240390362,1784121786240390775,1784121786240391500,1784121786239000000,1784121786240390362,11053506047110,1391500,1784121786239000000,1784121786240361309,370689592292,1391500,5000000,200000000,true,-,kLead,entry,1,kEntrySubmit,kShort,432345564227567628,kOpenShort,kSell,false,,kCancelled,kImmediateOrCancel,kUnknown,0.003022,0.003021,0.003021,1e-06,1,1,1742,1742,0,1742,1742,0,0,0,,,kNone,,,,,,,,,,,,,,,,,,,,,,,,,,5803686,,,,11053506048591,370689592432,,,,,,,11053506048591,370689592470,,,,,,,,,,,,,,,,,,,,,,,,,,,,,,,,,,,1784121786240405422,1784121786246209108,1784121786246587976,submitted_v1,
bitget_lead_lag_top20_20260715T125649Z,432345564227567629,13,0,t-432345564227567629,,,1461278351278354442,RAVEUSDT,347,kBinance,347,1784121828857000000,1784121828858545810,1784121828858546349,1784121828858547209,1784121828857000000,1784121828858545810,11053511170317,1547209,1784121828855000000,1784121828857222238,657200771808,3547209,5000000,200000000,true,-,kLead,entry,2,kEntrySubmit,kShort,432345564227567629,kOpenShort,kSell,false,,kFilled,kUnknown,kUnknown,0.30783,0.30777,0.30777,1e-05,6,6,17,17,17,0,0,1,0.30833,0.30833,,,kNone,-0.0005,-50,-16.24273137770847545723288828249358,,56,,,,,,,,,,,,,,,,,,,,,5360143,,,,11053511171327,657200772388,,,,,11053511171327,657200772388,,,,,,,,,,,,,,,,,,,,,,,,,,,,,,,,,,,,,1784121828858564579,1784121828863924722,1784121828864252353,submitted_v1,
bitget_lead_lag_top20_20260715T125649Z,432345564227567630,13,0,t-432345564227567630,,,1461278351341269043,RAVEUSDT,347,kBitget,347,1784121828872000000,1784121828873827768,1784121828873828096,1784121828873828314,1784121828873000000,1784121828873546257,11053511172908,828314,1784121828872000000,1784121828873827768,657200773538,1828314,5000000,200000000,true,-,kLag,exit,2,kExitSubmit,kShort,432345564227567629,kCloseShort,kBuy,true,,kCancelled,kImmediateOrCancel,kUnknown,0.30741,0.30747,0.30747,1e-05,6,6,17,17,0,17,17,0,0,0,,,kNone,,,,,,,,,,,,,,,,,,,,,,,,,,5076177,,,,11053511173628,657200773939,,,,,,,11053511173744,657200774019,,,,,,,,,,,,,,,,,,,,,,,,,,,,,,,,,,,1784121828873829443,1784121828878905620,1784121828879372808,submitted_v1,
bitget_lead_lag_top20_20260715T125649Z,432345564227567631,13,0,t-432345564227567631,,,1461278352859607041,RAVEUSDT,347,kBinance,347,1784121829234000000,1784121829235620550,1784121829235620949,1784121829235621169,1784121829234000000,1784121829235620550,11053511208998,1621169,1784121829232000000,1784121829234050759,657200782691,3621169,5000000,200000000,true,-,kLead,exit,2,kExitSubmit,kShort,432345564227567629,kCloseShort,kBuy,true,,kFilled,kUnknown,kUnknown,0.3068,0.30692,0.30692,1e-05,12,12,17,17,17,0,0,1,0.30692,0.30692,,,kNone,0.00012,12,3.91134289439374185136897001303781,,0,,,,,,,,,,,,,,,,,,,,,5141069,,,,11053511209540,657200782769,,,,,11053511209540,657200782769,,,,,,,,,,,,,,,,,,,,,,,,,,,,,,,,,,,,,1784121829235622444,1784121829240763513,1784121829241201405,submitted_v1,
bitget_lead_lag_top20_20260715T125649Z,432345564227567632,14,0,t-432345564227567632,,,1461278355946614786,RAVEUSDT,347,kBinance,347,1784121829971000000,1784121829971977821,1784121829971978313,1784121829971978623,1784121829971000000,1784121829971977821,11053511269557,978623,1784121829968000000,1784121829970320872,657200795402,3978623,5000000,200000000,true,-,kLead,entry,3,kEntrySubmit,kShort,432345564227567632,kOpenShort,kSell,false,,kCancelled,kImmediateOrCancel,kUnknown,0.30876,0.3087,0.30870,1e-05,6,6,17,17,0,17,17,0,0,0,,,kNone,,,,,,,,,,,,,,,,,,,,,,,,,,5102985,,,,11053511270049,657200795563,,,,,,,11053511270134,657200795591,,,,,,,,,,,,,,,,,,,,,,,,,,,,,,,,,,,1784121829971984185,1784121829977087170,1784121829977755472,submitted_v1,
bitget_lead_lag_top20_20260715T125649Z,432345564227567633,15,0,t-432345564227567633,,,1461278852631900160,VELVETUSDT,449,kBinance,449,1784121948389000000,1784121948390061679,1784121948390062073,1784121948390063152,1784121948389000000,1784121948390061679,11053527751711,1063152,1784121948389000000,1784121948389968873,370691188193,1063152,5000000,200000000,true,-,kLead,entry,3,kEntrySubmit,kShort,432345564227567633,kOpenShort,kSell,false,,kCancelled,kImmediateOrCancel,kUnknown,0.5163,0.51619,0.51619,1e-05,11,11,10,10,0,10,10,0,0,0,,,kNone,,,,,,,,,,,,,,,,,,,,,,,,,,5330496,,,,11053527752306,370691188409,,,,,,,11053527752306,370691188618,,,,,,,,,,,,,,,,,,,,,,,,,,,,,,,,,,,1784121948390081558,1784121948395412054,1784121948395811159,submitted_v1,
bitget_lead_lag_top20_20260715T125649Z,432345564227567634,16,0,t-432345564227567634,,,1461278896802115587,RAVEUSDT,347,kBinance,347,1784121958920000000,1784121958921329449,1784121958921330062,1784121958921330884,1784121958920000000,1784121958921329449,11053528757888,1330884,1784121958919000000,1784121958919943176,657204043834,2330884,5000000,200000000,true,-,kLead,entry,4,kEntrySubmit,kShort,432345564227567634,kOpenShort,kSell,false,,kCancelled,kImmediateOrCancel,kUnknown,0.30546,0.30539,0.30539,1e-05,6,7,17,17,0,17,17,0,0,0,,,kNone,,,,,,,,,,,,,,,,,,,,,,,,,,5432425,,,,11053528758414,657204044106,,,,,,,11053528758462,657204044106,,,,,,,,,,,,,,,,,,,,,,,,,,,,,,,,,,,1784121958921347374,1784121958926779799,1784121958927148726,submitted_v1,
bitget_lead_lag_top20_20260715T125649Z,432345564227567635,17,0,t-432345564227567635,,,1461280077335113740,RAVEUSDT,347,kBinance,347,1784122240382000000,1784122240382625546,1784122240382625999,1784122240382626891,1784122240382000000,1784122240382625546,11053570722280,626891,1784122240285000000,1784122240286010750,657211763921,97626891,5000000,200000000,true,-,kLead,entry,5,kEntrySubmit,kLong,432345564227567635,kOpenLong,kBuy,false,,kCancelled,kImmediateOrCancel,kUnknown,0.30648,0.30654,0.30654,1e-05,6,6,17,17,0,17,17,0,0,0,,,kNone,,,,,,,,,,,,,,,,,,,,,,,,,,5344931,,,,11053570722988,657211765838,,,,,,,11053570723173,657211765844,,,,,,,,,,,,,,,,,,,,,,,,,,,,,,,,,,,1784122240382644139,1784122240387989070,1784122240388773524,submitted_v1,
bitget_lead_lag_top20_20260715T125649Z,432345564227567636,18,0,t-432345564227567636,,,1461280549865402369,BTWUSDT,95,kBinance,95,1784122353041000000,1784122353041888546,1784122353041888953,1784122353041889382,1784122353041000000,1784122353041888546,11053593233064,889382,1784122353041000000,1784122353041606810,416758211959,889382,5000000,200000000,true,-,kLead,entry,1,kEntrySubmit,kShort,432345564227567636,kOpenShort,kSell,false,,kCancelled,kImmediateOrCancel,kUnknown,0.060349,0.060336,0.060336,1e-06,13,13,87,87,0,87,87,0,0,0,,,kNone,,,,,,,,,,,,,,,,,,,,,,,,,,5580496,,,,11053593234409,416758212558,,,,,,,11053593234545,416758212562,,,,,,,,,,,,,,,,,,,,,,,,,,,,,,,,,,,1784122353041904258,1784122353047484754,1784122353047814753,submitted_v1,
bitget_lead_lag_top20_20260715T125649Z,432345564227567637,19,0,t-432345564227567637,,,1461280988027564037,VELVETUSDT,449,kBinance,449,1784122457508000000,1784122457508671104,1784122457508671458,1784122457508672278,1784122457508000000,1784122457508671104,11053612363821,672278,1784122457506000000,1784122457507190525,370696050907,2672278,5000000,200000000,true,-,kLead,entry,4,kEntrySubmit,kLong,432345564227567637,kOpenLong,kBuy,false,,kCancelled,kImmediateOrCancel,kUnknown,0.51332,0.51343,0.51343,1e-05,11,11,10,10,0,10,10,0,0,0,,,kNone,,,,,,,,,,,,,,,,,,,,,,,,,,5235166,,,,11053612364646,370696051369,,,,,,,11053612364664,370696051418,,,,,,,,,,,,,,,,,,,,,,,,,,,,,,,,,,,1784122457508690276,1784122457513925442,1784122457514356139,submitted_v1,
bitget_lead_lag_top20_20260715T125649Z,432345564227567638,20,0,t-432345564227567638,,,1461281458850770950,VELVETUSDT,449,kBinance,449,1784122569760000000,1784122569761630454,1784122569761630877,1784122569761631304,1784122569760000000,1784122569761630454,11053632682545,1631304,1784122569761000000,1784122569761608330,370697155758,631304,5000000,200000000,true,-,kLead,entry,5,kEntrySubmit,kShort,432345564227567638,kOpenShort,kSell,false,,kCancelled,kImmediateOrCancel,kUnknown,0.5133,0.51319,0.51319,1e-05,11,11,10,10,0,10,10,0,0,0,,,kNone,,,,,,,,,,,,,,,,,,,,,,,,,,5200891,,,,11053632684192,370697156527,,,,,,,11053632684323,370697156548,,,,,,,,,,,,,,,,,,,,,,,,,,,,,,,,,,,1784122569761645784,1784122569766846675,1784122569767230709,submitted_v1,
bitget_lead_lag_top20_20260715T125649Z,432345564227567639,21,0,t-432345564227567639,,,1461281728682930188,ORDIUSDT,316,kBinance,316,1784122634093000000,1784122634094442193,1784122634094442695,1784122634094443287,1784122634093000000,1784122634094442193,11053643927046,1443287,1784122634094000000,1784122634094401307,198731504507,443287,5000000,200000000,true,-,kLead,entry,2,kEntrySubmit,kShort,432345564227567639,kOpenShort,kSell,false,,kCancelled,kImmediateOrCancel,kUnknown,3.535,3.534,3.534,0.001,1,1,1.49,1.49,0,1.49,1.49,0,0,0,,,kNone,,,,,,,,,,,,,,,,,,,,,,,,,,5462471,,,,11053643929237,198731505059,,,,,,,11053643929417,198731505059,,,,,,,,,,,,,,,,,,,,,,,,,,,,,,,,,,,1784122634094461326,1784122634099923797,1784122634100172949,submitted_v1,
bitget_lead_lag_top20_20260715T125649Z,432345564227567640,22,0,t-432345564227567640,,,1461282242548084752,ORDIUSDT,316,kBinance,316,1784122756609000000,1784122756609799987,1784122756609800643,1784122756609801639,1784122756609000000,1784122756609799987,11053665800083,801639,1784122756609000000,1784122756609612741,198731923948,801639,5000000,200000000,true,-,kLead,entry,3,kEntrySubmit,kLong,432345564227567640,kOpenLong,kBuy,false,,kCancelled,kImmediateOrCancel,kUnknown,3.535,3.536,3.536,0.001,1,1,1.49,1.49,0,1.49,1.49,0,0,0,,,kNone,,,,,,,,,,,,,,,,,,,,,,,,,,5522834,,,,11053665801617,198731924557,,,,,,,11053665801745,198731924599,,,,,,,,,,,,,,,,,,,,,,,,,,,,,,,,,,,1784122756609819977,1784122756615342811,1784122756615766588,submitted_v1,
bitget_lead_lag_top20_20260715T125649Z,432345564227567641,23,0,t-432345564227567641,,,1461282362723282944,HUSDT,211,kBinance,211,1784122785260000000,1784122785261447159,1784122785261447582,1784122785261448328,1784122785260000000,1784122785261447159,11053670337564,1448328,1784122785145000000,1784122785145420297,370699117061,116448328,5000000,200000000,true,-,kLead,entry,3,kEntrySubmit,kLong,432345564227567641,kOpenLong,kBuy,false,,kCancelled,kImmediateOrCancel,kUnknown,0.06689,0.06691,0.06691,1e-05,2,2,79,79,0,79,79,0,0,0,,,kNone,,,,,,,,,,,,,,,,,,,,,,,,,,5322453,,,,11053670338692,370699117924,,,,,,,11053670338796,370699117924,,,,,,,,,,,,,,,,,,,,,,,,,,,,,,,,,,,1784122785261466744,1784122785266789197,1784122785267296868,submitted_v1,
bitget_lead_lag_top20_20260715T125649Z,432345564227567642,24,0,t-432345564227567642,,,1461282613504913416,VELVETUSDT,449,kBinance,449,1784122845051000000,1784122845052351332,1784122845052351695,1784122845052352407,1784122845051000000,1784122845052351332,11053681032535,1352407,1784122845051000000,1784122845052255207,370699685131,1352407,5000000,200000000,true,-,kLead,entry,6,kEntrySubmit,kLong,432345564227567642,kOpenLong,kBuy,false,,kCancelled,kImmediateOrCancel,kUnknown,0.51327,0.51338,0.51338,1e-05,11,11,10,10,0,10,10,0,0,0,,,kNone,,,,,,,,,,,,,,,,,,,,,,,,,,5316344,,,,11053681034397,370699685620,,,,,,,11053681034397,370699685746,,,,,,,,,,,,,,,,,,,,,,,,,,,,,,,,,,,1784122845052370667,1784122845057687011,1784122845058165622,submitted_v1,
bitget_lead_lag_top20_20260715T125649Z,432345564227567643,25,0,t-432345564227567643,,,1461282800654757888,RAVEUSDT,347,kBinance,347,1784122889671000000,1784122889672178544,1784122889672178943,1784122889672179628,1784122889671000000,1784122889672178544,11053688546041,1179628,1784122889671000000,1784122889671932448,657232366704,1179628,5000000,200000000,true,-,kLead,entry,6,kEntrySubmit,kShort,432345564227567643,kOpenShort,kSell,false,,kCancelled,kImmediateOrCancel,kUnknown,0.30628,0.30622,0.30622,1e-05,6,6,17,17,0,17,17,0,0,0,,,kNone,,,,,,,,,,,,,,,,,,,,,,,,,,5275387,,,,11053688546950,657232367128,,,,,,,11053688547096,657232367195,,,,,,,,,,,,,,,,,,,,,,,,,,,,,,,,,,,1784122889672198560,1784122889677473947,1784122889678001735,submitted_v1,
bitget_lead_lag_top20_20260715T125649Z,432345564227567644,26,0,t-432345564227567644,,,1461282992128929792,TACUSDT,411,kBinance,411,1784122935322000000,1784122935323000103,1784122935323000628,1784122935323001679,1784122935322000000,1784122935323000103,11053696424420,1001679,1784122935322000000,1784122935322745964,370700508985,1001679,5000000,200000000,true,-,kLead,entry,2,kEntrySubmit,kLong,432345564227567644,kOpenLong,kBuy,false,,kCancelled,kImmediateOrCancel,kUnknown,0.003015,0.003016,0.003016,1e-06,1,1,1745,1745,0,1745,1745,0,0,0,,,kNone,,,,,,,,,,,,,,,,,,,,,,,,,,5363321,,,,11053696425095,370700509051,,,,,,,11053696425095,370700509051,,,,,,,,,,,,,,,,,,,,,,,,,,,,,,,,,,,1784122935323019787,1784122935328383108,1784122935328978837,submitted_v1,
bitget_lead_lag_top20_20260715T125649Z,432345564227567645,27,0,t-432345564227567645,,,1461283710588039171,TACUSDT,411,kBinance,411,1784123106616000000,1784123106617109348,1784123106617109793,1784123106617111281,1784123106616000000,1784123106617109348,11053723110346,1111281,1784123106615000000,1784123106615719989,370701934789,2111281,5000000,200000000,true,-,kLead,entry,3,kEntrySubmit,kLong,432345564227567645,kOpenLong,kBuy,false,,kCancelled,kImmediateOrCancel,kUnknown,0.003056,0.003057,0.003057,1e-06,1,1,1721,1721,0,1721,1721,0,0,0,,,kNone,,,,,,,,,,,,,,,,,,,,,,,,,,5309258,,,,11053723111376,370701934905,,,,,,,11053723111376,370701934905,,,,,,,,,,,,,,,,,,,,,,,,,,,,,,,,,,,1784123106617129662,1784123106622438920,1784123106622899493,submitted_v1,
bitget_lead_lag_top20_20260715T125649Z,432345564227567646,28,0,t-432345564227567646,,,1461283955019493417,RAVEUSDT,347,kBinance,347,1784123164894000000,1784123164895066825,1784123164895067254,1784123164895068443,1784123164894000000,1784123164895066825,11053733581628,1068443,1784123164894000000,1784123164894588432,657240937898,1068443,5000000,200000000,true,-,kLead,entry,7,kEntrySubmit,kShort,432345564227567646,kOpenShort,kSell,false,,kCancelled,kImmediateOrCancel,kUnknown,0.30829,0.30822,0.30822,1e-05,6,7,17,17,0,17,17,0,0,0,,,kNone,,,,,,,,,,,,,,,,,,,,,,,,,,5247977,,,,11053733583260,657240938261,,,,,,,11053733583409,657240938300,,,,,,,,,,,,,,,,,,,,,,,,,,,,,,,,,,,1784123164895086468,1784123164900334445,1784123164900739648,submitted_v1,
bitget_lead_lag_top20_20260715T125649Z,432345564227567647,29,0,t-432345564227567647,,,1461284029044764694,ZECUSDT,480,kBinance,480,1784123182542000000,1784123182543581290,1784123182543581715,1784123182543582533,1784123182542000000,1784123182543581290,11053737600324,1582533,1784123182528000000,1784123182529320013,416807075481,15582533,5000000,200000000,true,-,kLead,entry,2,kEntrySubmit,kShort,432345564227567647,kOpenShort,kSell,false,,kCancelled,kImmediateOrCancel,kUnknown,577.7,577.58,577.58,0.01,12,12,0.009,0.009,0,0.009,0.009,0,0,0,,,kNone,,,,,,,,,,,,,,,,,,,,,,,,,,5311202,,,,11053737603311,416807076777,,,,,,,11053737603311,416807076777,,,,,,,,,,,,,,,,,,,,,,,,,,,,,,,,,,,1784123182543600144,1784123182548911346,1784123182549233839,submitted_v1,
bitget_lead_lag_top20_20260715T125649Z,432345564227567648,30,0,t-432345564227567648,,,1461284441982382083,RAVEUSDT,347,kBinance,347,1784123280994000000,1784123280995368619,1784123280995368973,1784123280995369968,1784123280994000000,1784123280995368619,11053756125588,1369968,1784123280995000000,1784123280995314842,657245653642,369968,5000000,200000000,true,-,kLead,entry,8,kEntrySubmit,kLong,432345564227567648,kOpenLong,kBuy,false,,kCancelled,kImmediateOrCancel,kUnknown,0.3059,0.30596,0.30596,1e-05,6,6,17,17,0,17,17,0,0,0,,,kNone,,,,,,,,,,,,,,,,,,,,,,,,,,5357288,,,,11053756127013,657245654153,,,,,,,11053756127255,657245654224,,,,,,,,,,,,,,,,,,,,,,,,,,,,,,,,,,,1784123280995387335,1784123281000744623,1784123281001270820,submitted_v1,
bitget_lead_lag_top20_20260715T125649Z,432345564227567649,31,0,t-432345564227567649,,,1461284907885670402,VELVETUSDT,449,kBinance,449,1784123392074000000,1784123392075374444,1784123392075374724,1784123392075375624,1784123392074000000,1784123392075374444,11053777328675,1375624,1784123392065000000,1784123392065918492,370705266156,10375624,5000000,200000000,true,-,kLead,entry,7,kEntrySubmit,kShort,432345564227567649,kOpenShort,kSell,false,,kCancelled,kImmediateOrCancel,kUnknown,0.51192,0.5118,0.51180,1e-05,11,12,10,10,0,10,10,0,0,0,,,kNone,,,,,,,,,,,,,,,,,,,,,,,,,,5413209,,,,11053777331507,370705267205,,,,,,,11053777331633,370705267293,,,,,,,,,,,,,,,,,,,,,,,,,,,,,,,,,,,1784123392075393133,1784123392080806342,1784123392081384989,submitted_v1,
bitget_lead_lag_top20_20260715T125649Z,432345564227567650,32,0,t-432345564227567650,,,1461284953976877079,ZECUSDT,480,kBinance,480,1784123403063000000,1784123403064616266,1784123403064616505,1784123403064617518,1784123403063000000,1784123403064616266,11053779113062,1617518,1784123403064000000,1784123403064591303,416819566547,617518,5000000,200000000,true,-,kLead,entry,3,kEntrySubmit,kLong,432345564227567650,kOpenLong,kBuy,false,,kCancelled,kImmediateOrCancel,kUnknown,575.22,575.34,575.34,0.01,12,12,0.009,0.009,0,0.009,0.009,0,0,0,,,kNone,,,,,,,,,,,,,,,,,,,,,,,,,,5440096,,,,11053779117248,416819568017,,,,,,,11053779117924,416819568220,,,,,,,,,,,,,,,,,,,,,,,,,,,,,,,,,,,1784123403064635207,1784123403070075303,1784123403070581507,submitted_v1,
bitget_lead_lag_top20_20260715T125649Z,432345564227567651,33,0,t-432345564227567651,,,1461284984909869059,RAVEUSDT,347,kBinance,347,1784123410436000000,1784123410437166090,1784123410437166652,1784123410437167508,1784123410436000000,1784123410437166090,11053780855908,1167508,1784123410435000000,1784123410436956521,657250541723,2167508,5000000,200000000,true,-,kLead,entry,9,kEntrySubmit,kLong,432345564227567651,kOpenLong,kBuy,false,,kCancelled,kImmediateOrCancel,kUnknown,0.30125,0.30131,0.30131,1e-05,6,6,17,17,0,17,17,0,0,0,,,kNone,,,,,,,,,,,,,,,,,,,,,,,,,,0,,,,,,,,,,,,11053780861214,657250543237,,,,,,,,,,,,,,,,,,,,,,,,,,,,,,,,,,,1784123410437184644,0,1784123410445062545,submitted_v1,
bitget_lead_lag_top20_20260715T125649Z,432345564227567652,34,0,t-432345564227567652,,,1461284990400213014,RAVEUSDT,347,kBinance,347,1784123411747000000,1784123411748412743,1784123411748413104,1784123411748413806,1784123411747000000,1784123411748412743,11053781325533,1413806,1784123411747000000,1784123411747930824,657250603073,1413806,5000000,200000000,true,-,kLead,entry,10,kEntrySubmit,kShort,432345564227567652,kOpenShort,kSell,false,,kCancelled,kImmediateOrCancel,kUnknown,0.29991,0.29984,0.29984,1e-05,6,7,17,17,0,17,17,0,0,0,,,kNone,,,,,,,,,,,,,,,,,,,,,,,,,,5464431,,,,11053781327638,657250603610,,,,,,,11053781327941,657250603699,,,,,,,,,,,,,,,,,,,,,,,,,,,,,,,,,,,1784123411748426957,1784123411753891388,1784123411754519597,submitted_v1,
bitget_lead_lag_top20_20260715T125649Z,432345564227567653,35,0,t-432345564227567653,,,1461285024529264646,ORDIUSDT,316,kBinance,316,1784123419885000000,1784123419885925293,1784123419885925725,1784123419885927043,1784123419885000000,1784123419885925293,11053783049621,927043,1784123419707000000,1784123419707725873,198734435751,178927043,5000000,200000000,true,-,kLead,entry,4,kEntrySubmit,kShort,432345564227567653,kOpenShort,kSell,false,,kCancelled,kImmediateOrCancel,kUnknown,3.535,3.534,3.534,0.001,1,1,1.49,1.49,0,1.49,1.49,0,0,0,,,kNone,,,,,,,,,,,,,,,,,,,,,,,,,,5325285,,,,11053783050838,198734436570,,,,,,,11053783050943,198734436580,,,,,,,,,,,,,,,,,,,,,,,,,,,,,,,,,,,1784123419885944388,1784123419891269673,1784123419891771341,submitted_v1,
bitget_lead_lag_top20_20260715T125649Z,432345564227567654,36,0,t-432345564227567654,,,1461285583491575810,VELVETUSDT,449,kBinance,449,1784123553151000000,1784123553152340728,1784123553152341379,1784123553152342766,1784123553151000000,1784123553152340728,11053806998313,1342766,1784123553151000000,1784123553152262960,370706917326,1342766,5000000,200000000,true,-,kLead,entry,8,kEntrySubmit,kLong,432345564227567654,kOpenLong,kBuy,false,,kCancelled,kImmediateOrCancel,kUnknown,0.5116,0.51172,0.51172,1e-05,11,12,10,10,0,10,10,0,0,0,,,kNone,,,,,,,,,,,,,,,,,,,,,,,,,,5461811,,,,11053806999240,370706917755,,,,,,,11053806999240,370706917792,,,,,,,,,,,,,,,,,,,,,,,,,,,,,,,,,,,1784123553152360270,1784123553157822081,1784123553158185986,submitted_v1,
bitget_lead_lag_top20_20260715T125649Z,432345564227567655,37,0,t-432345564227567655,,,1461285584087166985,BASUSDT,67,kBinance,67,1784123553293000000,1784123553294504290,1784123553294504684,1784123553294505401,1784123553293000000,1784123553294504290,11053807016207,1505401,1784123553293000000,1784123553293514310,370706919176,1505401,5000000,200000000,true,-,kLead,entry,1,kEntrySubmit,kLong,432345564227567655,kOpenLong,kBuy,false,,kCancelled,kImmediateOrCancel,kUnknown,0.024974,0.02498,0.024980,1e-06,5,6,211,211,0,211,211,0,0,0,,,kNone,,,,,,,,,,,,,,,,,,,,,,,,,,5471208,,,,11053807016916,370706919219,,,,,,,11053807016916,370706919219,,,,,,,,,,,,,,,,,,,,,,,,,,,,,,,,,,,1784123553294508091,1784123553299979299,1784123553300547135,submitted_v1,
bitget_lead_lag_top20_20260715T125649Z,432345564227567656,38,0,t-432345564227567656,,,1461285610628722702,VELVETUSDT,449,kBinance,449,1784123559622000000,1784123559622941552,1784123559622942019,1784123559622942793,1784123559622000000,1784123559622941552,11053808235681,942793,1784123559622000000,1784123559622730777,370706986767,942793,5000000,200000000,true,-,kLead,entry,9,kEntrySubmit,kShort,432345564227567656,kOpenShort,kSell,false,,kCancelled,kImmediateOrCancel,kUnknown,0.51086,0.51075,0.51075,1e-05,11,11,10,10,0,10,10,0,0,0,,,kNone,,,,,,,,,,,,,,,,,,,,,,,,,,5358534,,,,11053808236949,370706987026,,,,,,,11053808236949,370706987026,,,,,,,,,,,,,,,,,,,,,,,,,,,,,,,,,,,1784123559622960432,1784123559628318966,1784123559628850132,submitted_v1,
bitget_lead_lag_top20_20260715T125649Z,432345564227567657,39,0,t-432345564227567657,,,1461285628144136194,BASUSDT,67,kBinance,67,1784123563797000000,1784123563798466330,1784123563798466877,1784123563798467643,1784123563797000000,1784123563798466330,11053808940431,1467643,1784123563798000000,1784123563798384825,370707030521,467643,5000000,200000000,true,-,kLead,entry,2,kEntrySubmit,kShort,432345564227567657,kOpenShort,kSell,false,,kCancelled,kImmediateOrCancel,kUnknown,0.024983,0.024977,0.024977,1e-06,5,6,211,211,0,211,211,0,0,0,,,kNone,,,,,,,,,,,,,,,,,,,,,,,,,,5277431,,,,11053808941363,370707030681,,,,,,,11053808941363,370707030681,,,,,,,,,,,,,,,,,,,,,,,,,,,,,,,,,,,1784123563798485500,1784123563803762931,1784123563804200029,submitted_v1,
bitget_lead_lag_top20_20260715T125649Z,0,,,,,,,BASUSDT,67,,,1784120619021000000,1784120619022527534,1784120619022528008,1784120619022529069,1784120619021000000,1784120619022527534,11053355436161,1529069,1784120615591000000,1784120615591616170,370679303618,3431529069,5000000,200000000,false,stale_lag_quote,,entry,0,,,,kOpenLong,kBuy,false,,kRejected,,stale_lag_quote,0.024879,0.024884,0.024884,1e-06,5,5,0,0,,,,,,,,,,,,,,,,,,,,,,,,,,,,,,,,,,,,,,,,,,,,,,,,,,,,,,,,,,,,,,,,,,,,,,,,,,,,,,,,,,,,,,intent_rejected_v1,
bitget_lead_lag_top20_20260715T125649Z,0,,,,,,,BASUSDT,67,,,1784120619022000000,1784120619022927674,1784120619022928220,1784120619022928879,1784120619022000000,1784120619022927674,11053355436166,928879,1784120615591000000,1784120615591616170,370679303618,3431928879,5000000,200000000,false,stale_lag_quote,,entry,0,,,,kOpenLong,kBuy,false,,kRejected,,stale_lag_quote,0.024879,0.024884,0.024884,1e-06,5,5,0,0,,,,,,,,,,,,,,,,,,,,,,,,,,,,,,,,,,,,,,,,,,,,,,,,,,,,,,,,,,,,,,,,,,,,,,,,,,,,,,,,,,,,,,intent_rejected_v1,
bitget_lead_lag_top20_20260715T125649Z,0,,,,,,,BASUSDT,67,,,1784120619022000000,1784120619022929187,1784120619022929737,1784120619022930499,1784120619022000000,1784120619022929187,11053355436241,930499,1784120615591000000,1784120615591616170,370679303618,3431930499,5000000,200000000,false,stale_lag_quote,,entry,0,,,,kOpenLong,kBuy,false,,kRejected,,stale_lag_quote,0.024879,0.024884,0.024884,1e-06,5,5,0,0,,,,,,,,,,,,,,,,,,,,,,,,,,,,,,,,,,,,,,,,,,,,,,,,,,,,,,,,,,,,,,,,,,,,,,,,,,,,,,,,,,,,,,intent_rejected_v1,
bitget_lead_lag_top20_20260715T125649Z,0,,,,,,,BASUSDT,67,,,1784120619022000000,1784120619023390438,1784120619023390790,1784120619023391245,1784120619022000000,1784120619023390438,11053355436301,1391245,1784120615591000000,1784120615591616170,370679303618,3432391245,5000000,200000000,false,stale_lag_quote,,entry,0,,,,kOpenLong,kBuy,false,,kRejected,,stale_lag_quote,0.024879,0.024884,0.024884,1e-06,5,5,0,0,,,,,,,,,,,,,,,,,,,,,,,,,,,,,,,,,,,,,,,,,,,,,,,,,,,,,,,,,,,,,,,,,,,,,,,,,,,,,,,,,,,,,,intent_rejected_v1,
bitget_lead_lag_top20_20260715T125649Z,0,,,,,,,RAVEUSDT,347,,,1784121133308000000,1784121133309048085,1784121133309070915,1784121133309071325,1784121133308000000,1784121133309048085,11053426685334,1071325,1784121133192000000,1784121133192381413,657183553461,117071325,5000000,200000000,true,-,,entry,0,,,,kOpenLong,kBuy,false,,kRejected,,parallel_limit,0.30139,0.30139,0.30139,1e-05,0,0,0,0,,,,,,,,,,,,,,,,,,,,,,,,,,,,,,,,,,,,,,,,,,,,,,,,,,,,,,,,,,,,,,,,,,,,,,,,,,,,,,,,,,,,,,intent_rejected_v1,
bitget_lead_lag_top20_20260715T125649Z,0,,,,,,,UBUSDT,438,,,1784121237449000000,1784121237450554474,1784121237450555102,1784121237450555485,1784121237449000000,1784121237450554474,11053437558927,1555485,1784121237364000000,1784121237364341721,370684901869,86555485,5000000,200000000,true,-,,entry,0,,,,kOpenShort,kSell,false,,kRejected,,parallel_limit,0.08553,0.08553,0.08553,1e-05,0,0,0,0,,,,,,,,,,,,,,,,,,,,,,,,,,,,,,,,,,,,,,,,,,,,,,,,,,,,,,,,,,,,,,,,,,,,,,,,,,,,,,,,,,,,,,intent_rejected_v1,
bitget_lead_lag_top20_20260715T125649Z,0,,,,,,,UBUSDT,438,,,1784121237450000000,1784121237450555222,1784121237450556891,1784121237450557247,1784121237450000000,1784121237450555222,11053437558962,557247,1784121237364000000,1784121237364341721,370684901869,86557247,5000000,200000000,true,-,,entry,0,,,,kOpenShort,kSell,false,,kRejected,,parallel_limit,0.08553,0.08553,0.08553,1e-05,0,0,0,0,,,,,,,,,,,,,,,,,,,,,,,,,,,,,,,,,,,,,,,,,,,,,,,,,,,,,,,,,,,,,,,,,,,,,,,,,,,,,,,,,,,,,,intent_rejected_v1,
bitget_lead_lag_top20_20260715T125649Z,0,,,,,,,UBUSDT,438,,,1784121237450000000,1784121237451035471,1784121237451035968,1784121237451036299,1784121237450000000,1784121237451035471,11053437559009,1036299,1784121237364000000,1784121237364341721,370684901869,87036299,5000000,200000000,true,-,,entry,0,,,,kOpenShort,kSell,false,,kRejected,,parallel_limit,0.08553,0.08553,0.08553,1e-05,0,0,0,0,,,,,,,,,,,,,,,,,,,,,,,,,,,,,,,,,,,,,,,,,,,,,,,,,,,,,,,,,,,,,,,,,,,,,,,,,,,,,,,,,,,,,,intent_rejected_v1,
bitget_lead_lag_top20_20260715T125649Z,0,,,,,,,UBUSDT,438,,,1784121237450000000,1784121237451036116,1784121237451036940,1784121237451037276,1784121237450000000,1784121237451036116,11053437559014,1037276,1784121237364000000,1784121237364341721,370684901869,87037276,5000000,200000000,true,-,,entry,0,,,,kOpenShort,kSell,false,,kRejected,,parallel_limit,0.08553,0.08553,0.08553,1e-05,0,0,0,0,,,,,,,,,,,,,,,,,,,,,,,,,,,,,,,,,,,,,,,,,,,,,,,,,,,,,,,,,,,,,,,,,,,,,,,,,,,,,,,,,,,,,,intent_rejected_v1,
bitget_lead_lag_top20_20260715T125649Z,0,,,,,,,UBUSDT,438,,,1784121237450000000,1784121237451037313,1784121237451037918,1784121237451038297,1784121237450000000,1784121237451037313,11053437559036,1038297,1784121237364000000,1784121237364341721,370684901869,87038297,5000000,200000000,true,-,,entry,0,,,,kOpenShort,kSell,false,,kRejected,,parallel_limit,0.08553,0.08553,0.08553,1e-05,0,0,0,0,,,,,,,,,,,,,,,,,,,,,,,,,,,,,,,,,,,,,,,,,,,,,,,,,,,,,,,,,,,,,,,,,,,,,,,,,,,,,,,,,,,,,,intent_rejected_v1,
bitget_lead_lag_top20_20260715T125649Z,0,,,,,,,UBUSDT,438,,,1784121237450000000,1784121237451038234,1784121237451038851,1784121237451039197,1784121237450000000,1784121237451038234,11053437559129,1039197,1784121237364000000,1784121237364341721,370684901869,87039197,5000000,200000000,true,-,,entry,0,,,,kOpenShort,kSell,false,,kRejected,,parallel_limit,0.08553,0.08553,0.08553,1e-05,0,0,0,0,,,,,,,,,,,,,,,,,,,,,,,,,,,,,,,,,,,,,,,,,,,,,,,,,,,,,,,,,,,,,,,,,,,,,,,,,,,,,,,,,,,,,,intent_rejected_v1,
bitget_lead_lag_top20_20260715T125649Z,0,,,,,,,TACUSDT,411,,,1784121255140000000,1784121255141547432,1784121255141547940,1784121255141549016,1784121255140000000,1784121255141547432,11053440023621,1549016,1784121254652000000,1784121254652992944,370685063146,489549016,5000000,200000000,false,stale_lag_quote,,entry,0,,,,kOpenShort,kSell,false,,kRejected,,stale_lag_quote,0.003005,0.003004,0.003004,1e-06,1,1,0,0,,,,,,,,,,,,,,,,,,,,,,,,,,,,,,,,,,,,,,,,,,,,,,,,,,,,,,,,,,,,,,,,,,,,,,,,,,,,,,,,,,,,,,intent_rejected_v1,
bitget_lead_lag_top20_20260715T125649Z,0,,,,,,,TACUSDT,411,,,1784121255140000000,1784121255141548459,1784121255141553855,1784121255141554331,1784121255140000000,1784121255141548459,11053440023644,1554331,1784121254652000000,1784121254652992944,370685063146,489554331,5000000,200000000,false,stale_lag_quote,,entry,0,,,,kOpenShort,kSell,false,,kRejected,,stale_lag_quote,0.003005,0.003004,0.003004,1e-06,1,1,0,0,,,,,,,,,,,,,,,,,,,,,,,,,,,,,,,,,,,,,,,,,,,,,,,,,,,,,,,,,,,,,,,,,,,,,,,,,,,,,,,,,,,,,,intent_rejected_v1,
bitget_lead_lag_top20_20260715T125649Z,0,,,,,,,TACUSDT,411,,,1784121293235000000,1784121293236410856,1784121293236411363,1784121293236412316,1784121293235000000,1784121293236410856,11053444327747,1412316,1784121274565000000,1784121274565503194,370685207079,18671412316,5000000,200000000,false,stale_lag_quote,,entry,0,,,,kOpenShort,kSell,false,,kRejected,,stale_lag_quote,0.003003,0.003002,0.003002,1e-06,1,1,0,0,,,,,,,,,,,,,,,,,,,,,,,,,,,,,,,,,,,,,,,,,,,,,,,,,,,,,,,,,,,,,,,,,,,,,,,,,,,,,,,,,,,,,,intent_rejected_v1,
bitget_lead_lag_top20_20260715T125649Z,0,,,,,,,TACUSDT,411,,,1784121293235000000,1784121293236411349,1784121293236416901,1784121293236417308,1784121293235000000,1784121293236411349,11053444327748,1417308,1784121274565000000,1784121274565503194,370685207079,18671417308,5000000,200000000,false,stale_lag_quote,,entry,0,,,,kOpenShort,kSell,false,,kRejected,,stale_lag_quote,0.003003,0.003002,0.003002,1e-06,1,1,0,0,,,,,,,,,,,,,,,,,,,,,,,,,,,,,,,,,,,,,,,,,,,,,,,,,,,,,,,,,,,,,,,,,,,,,,,,,,,,,,,,,,,,,,intent_rejected_v1,
bitget_lead_lag_top20_20260715T125649Z,0,,,,,,,TACUSDT,411,,,1784121293236000000,1784121293237052756,1784121293237053201,1784121293237053576,1784121293236000000,1784121293237052756,11053444327947,1053576,1784121274565000000,1784121274565503194,370685207079,18672053576,5000000,200000000,false,stale_lag_quote,,entry,0,,,,kOpenShort,kSell,false,,kRejected,,stale_lag_quote,0.003003,0.003002,0.003002,1e-06,1,1,0,0,,,,,,,,,,,,,,,,,,,,,,,,,,,,,,,,,,,,,,,,,,,,,,,,,,,,,,,,,,,,,,,,,,,,,,,,,,,,,,,,,,,,,,intent_rejected_v1,
bitget_lead_lag_top20_20260715T125649Z,0,,,,,,,UBUSDT,438,,,1784121326957000000,1784121326958460341,1784121326958460708,1784121326958461557,1784121326957000000,1784121326958460341,11053448687755,1461557,1784121326159000000,1784121326159692311,370685643583,799461557,5000000,200000000,false,stale_lag_quote,,entry,0,,,,kOpenShort,kSell,false,,kRejected,,stale_lag_quote,0.08579,0.08577,0.08577,1e-05,2,2,0,0,,,,,,,,,,,,,,,,,,,,,,,,,,,,,,,,,,,,,,,,,,,,,,,,,,,,,,,,,,,,,,,,,,,,,,,,,,,,,,,,,,,,,,intent_rejected_v1,
bitget_lead_lag_top20_20260715T125649Z,0,,,,,,,UBUSDT,438,,,1784121326958000000,1784121326958462255,1784121326958466445,1784121326958466793,1784121326958000000,1784121326958462255,11053448687835,466793,1784121326159000000,1784121326159692311,370685643583,799466793,5000000,200000000,false,stale_lag_quote,,entry,0,,,,kOpenShort,kSell,false,,kRejected,,stale_lag_quote,0.08579,0.08577,0.08577,1e-05,2,2,0,0,,,,,,,,,,,,,,,,,,,,,,,,,,,,,,,,,,,,,,,,,,,,,,,,,,,,,,,,,,,,,,,,,,,,,,,,,,,,,,,,,,,,,,intent_rejected_v1,
bitget_lead_lag_top20_20260715T125649Z,0,,,,,,,UBUSDT,438,,,1784121326958000000,1784121326958904386,1784121326958904835,1784121326958905212,1784121326958000000,1784121326958904386,11053448687850,905212,1784121326159000000,1784121326159692311,370685643583,799905212,5000000,200000000,false,stale_lag_quote,,entry,0,,,,kOpenShort,kSell,false,,kRejected,,stale_lag_quote,0.08579,0.08577,0.08577,1e-05,2,2,0,0,,,,,,,,,,,,,,,,,,,,,,,,,,,,,,,,,,,,,,,,,,,,,,,,,,,,,,,,,,,,,,,,,,,,,,,,,,,,,,,,,,,,,,intent_rejected_v1,
bitget_lead_lag_top20_20260715T125649Z,0,,,,,,,UBUSDT,438,,,1784121326958000000,1784121326958905075,1784121326958905901,1784121326958906230,1784121326958000000,1784121326958905075,11053448687864,906230,1784121326159000000,1784121326159692311,370685643583,799906230,5000000,200000000,false,stale_lag_quote,,entry,0,,,,kOpenShort,kSell,false,,kRejected,,stale_lag_quote,0.08579,0.08577,0.08577,1e-05,2,2,0,0,,,,,,,,,,,,,,,,,,,,,,,,,,,,,,,,,,,,,,,,,,,,,,,,,,,,,,,,,,,,,,,,,,,,,,,,,,,,,,,,,,,,,,intent_rejected_v1,
bitget_lead_lag_top20_20260715T125649Z,0,,,,,,,UBUSDT,438,,,1784121332000000000,1784121332001368643,1784121332001369281,1784121332001369691,1784121332000000000,1784121332001368643,11053449172353,1369691,1784121332000000000,1784121332001298114,370685687156,1369691,5000000,200000000,true,-,,entry,0,,,,kOpenShort,kSell,false,,kRejected,,parallel_limit,0.08551,0.08551,0.08551,1e-05,0,0,0,0,,,,,,,,,,,,,,,,,,,,,,,,,,,,,,,,,,,,,,,,,,,,,,,,,,,,,,,,,,,,,,,,,,,,,,,,,,,,,,,,,,,,,,intent_rejected_v1,
bitget_lead_lag_top20_20260715T125649Z,0,,,,,,,HUSDT,211,,,1784121437249000000,1784121437250415231,1784121437250437829,1784121437250438219,1784121437249000000,1784121437250415231,11053461362581,1438219,1784121437242000000,1784121437243013021,370686516023,8438219,5000000,200000000,true,-,,entry,0,,,,kOpenLong,kBuy,false,,kRejected,,parallel_limit,0.0675,0.0675,0.0675,1e-05,0,0,0,0,,,,,,,,,,,,,,,,,,,,,,,,,,,,,,,,,,,,,,,,,,,,,,,,,,,,,,,,,,,,,,,,,,,,,,,,,,,,,,,,,,,,,,intent_rejected_v1,
bitget_lead_lag_top20_20260715T125649Z,0,,,,,,,HUSDT,211,,,1784121437250000000,1784121437250980182,1784121437250980635,1784121437250980902,1784121437250000000,1784121437250980182,11053461362636,980902,1784121437242000000,1784121437243013021,370686516023,8980902,5000000,200000000,true,-,,entry,0,,,,kOpenLong,kBuy,false,,kRejected,,parallel_limit,0.0675,0.0675,0.0675,1e-05,0,0,0,0,,,,,,,,,,,,,,,,,,,,,,,,,,,,,,,,,,,,,,,,,,,,,,,,,,,,,,,,,,,,,,,,,,,,,,,,,,,,,,,,,,,,,,intent_rejected_v1,
bitget_lead_lag_top20_20260715T125649Z,0,,,,,,,HUSDT,211,,,1784121437250000000,1784121437251465677,1784121437251466207,1784121437251466541,1784121437250000000,1784121437251465677,11053461362692,1466541,1784121437242000000,1784121437243013021,370686516023,9466541,5000000,200000000,true,-,,entry,0,,,,kOpenLong,kBuy,false,,kRejected,,parallel_limit,0.0675,0.0675,0.0675,1e-05,0,0,0,0,,,,,,,,,,,,,,,,,,,,,,,,,,,,,,,,,,,,,,,,,,,,,,,,,,,,,,,,,,,,,,,,,,,,,,,,,,,,,,,,,,,,,,intent_rejected_v1,
bitget_lead_lag_top20_20260715T125649Z,0,,,,,,,HUSDT,211,,,1784121437250000000,1784121437251466206,1784121437251467182,1784121437251467497,1784121437250000000,1784121437251466206,11053461362712,1467497,1784121437242000000,1784121437243013021,370686516023,9467497,5000000,200000000,true,-,,entry,0,,,,kOpenLong,kBuy,false,,kRejected,,parallel_limit,0.0675,0.0675,0.0675,1e-05,0,0,0,0,,,,,,,,,,,,,,,,,,,,,,,,,,,,,,,,,,,,,,,,,,,,,,,,,,,,,,,,,,,,,,,,,,,,,,,,,,,,,,,,,,,,,,intent_rejected_v1,
bitget_lead_lag_top20_20260715T125649Z,0,,,,,,,HUSDT,211,,,1784121437251000000,1784121437251898371,1784121437251898756,1784121437251899090,1784121437251000000,1784121437251898371,11053461362744,899090,1784121437251000000,1784121437251823917,370686516064,899090,5000000,200000000,true,-,,entry,0,,,,kOpenLong,kBuy,false,,kRejected,,parallel_limit,0.06751,0.06751,0.06751,1e-05,0,0,0,0,,,,,,,,,,,,,,,,,,,,,,,,,,,,,,,,,,,,,,,,,,,,,,,,,,,,,,,,,,,,,,,,,,,,,,,,,,,,,,,,,,,,,,intent_rejected_v1,
bitget_lead_lag_top20_20260715T125649Z,0,,,,,,,HUSDT,211,,,1784121437252000000,1784121437252915612,1784121437252916037,1784121437252916428,1784121437252000000,1784121437252915612,11053461362859,916428,1784121437252000000,1784121437252678216,370686516099,916428,5000000,200000000,true,-,,entry,0,,,,kOpenLong,kBuy,false,,kRejected,,parallel_limit,0.06757,0.06757,0.06757,1e-05,0,0,0,0,,,,,,,,,,,,,,,,,,,,,,,,,,,,,,,,,,,,,,,,,,,,,,,,,,,,,,,,,,,,,,,,,,,,,,,,,,,,,,,,,,,,,,intent_rejected_v1,
bitget_lead_lag_top20_20260715T125649Z,0,,,,,,,HUSDT,211,,,1784121437252000000,1784121437252916683,1784121437252917115,1784121437252917434,1784121437252000000,1784121437252916683,11053461362912,917434,1784121437252000000,1784121437252678216,370686516099,917434,5000000,200000000,true,-,,entry,0,,,,kOpenLong,kBuy,false,,kRejected,,parallel_limit,0.06757,0.06757,0.06757,1e-05,0,0,0,0,,,,,,,,,,,,,,,,,,,,,,,,,,,,,,,,,,,,,,,,,,,,,,,,,,,,,,,,,,,,,,,,,,,,,,,,,,,,,,,,,,,,,,intent_rejected_v1,
bitget_lead_lag_top20_20260715T125649Z,0,,,,,,,HUSDT,211,,,1784121437253000000,1784121437254510501,1784121437254510865,1784121437254511230,1784121437253000000,1784121437254510501,11053461363063,1511230,1784121437254000000,1784121437254391579,370686516128,511230,5000000,200000000,true,-,,entry,0,,,,kOpenLong,kBuy,false,,kRejected,,parallel_limit,0.06757,0.06757,0.06757,1e-05,0,0,0,0,,,,,,,,,,,,,,,,,,,,,,,,,,,,,,,,,,,,,,,,,,,,,,,,,,,,,,,,,,,,,,,,,,,,,,,,,,,,,,,,,,,,,,intent_rejected_v1,
bitget_lead_lag_top20_20260715T125649Z,0,,,,,,,HUSDT,211,,,1784121437254000000,1784121437255421989,1784121437255422408,1784121437255422786,1784121437254000000,1784121437255421989,11053461363224,1422786,1784121437254000000,1784121437255083872,370686516138,1422786,5000000,200000000,true,-,,entry,0,,,,kOpenLong,kBuy,false,,kRejected,,parallel_limit,0.06757,0.06757,0.06757,1e-05,0,0,0,0,,,,,,,,,,,,,,,,,,,,,,,,,,,,,,,,,,,,,,,,,,,,,,,,,,,,,,,,,,,,,,,,,,,,,,,,,,,,,,,,,,,,,,intent_rejected_v1,
bitget_lead_lag_top20_20260715T125649Z,0,,,,,,,HUSDT,211,,,1784121437258000000,1784121437259446337,1784121437259446722,1784121437259446923,1784121437258000000,1784121437259446337,11053461363738,1446923,1784121437258000000,1784121437258765591,370686516190,1446923,5000000,200000000,true,-,,entry,0,,,,kOpenLong,kBuy,false,,kRejected,,parallel_limit,0.0676,0.0676,0.0676,1e-05,0,0,0,0,,,,,,,,,,,,,,,,,,,,,,,,,,,,,,,,,,,,,,,,,,,,,,,,,,,,,,,,,,,,,,,,,,,,,,,,,,,,,,,,,,,,,,intent_rejected_v1,
bitget_lead_lag_top20_20260715T125649Z,0,,,,,,,HUSDT,211,,,1784121437259000000,1784121437260424050,1784121437260424404,1784121437260424774,1784121437259000000,1784121437260424050,11053461363880,1424774,1784121437260000000,1784121437260420381,370686516209,424774,5000000,200000000,true,-,,entry,0,,,,kOpenLong,kBuy,false,,kRejected,,parallel_limit,0.06762,0.06762,0.06762,1e-05,0,0,0,0,,,,,,,,,,,,,,,,,,,,,,,,,,,,,,,,,,,,,,,,,,,,,,,,,,,,,,,,,,,,,,,,,,,,,,,,,,,,,,,,,,,,,,intent_rejected_v1,
bitget_lead_lag_top20_20260715T125649Z,0,,,,,,,TACUSDT,411,,,1784121786232000000,1784121786233277055,1784121786233277463,1784121786233278433,1784121786232000000,1784121786233277055,11053506045606,1278433,1784121782105000000,1784121782107911143,370689535111,4128278433,5000000,200000000,false,stale_lag_quote,,entry,0,,,,kOpenLong,kBuy,false,,kRejected,,stale_lag_quote,0.003009,0.00301,0.00301,1e-06,1,1,0,0,,,,,,,,,,,,,,,,,,,,,,,,,,,,,,,,,,,,,,,,,,,,,,,,,,,,,,,,,,,,,,,,,,,,,,,,,,,,,,,,,,,,,,intent_rejected_v1,
bitget_lead_lag_top20_20260715T125649Z,0,,,,,,,RAVEUSDT,347,,,1784121829971000000,1784121829971979205,1784121829971985657,1784121829971985939,1784121829971000000,1784121829971979205,11053511269568,985939,1784121829968000000,1784121829970320872,657200795402,3985939,5000000,200000000,true,-,,entry,0,,,,kOpenShort,kSell,false,,kRejected,,parallel_limit,0.30876,0.30876,0.30876,1e-05,0,0,0,0,,,,,,,,,,,,,,,,,,,,,,,,,,,,,,,,,,,,,,,,,,,,,,,,,,,,,,,,,,,,,,,,,,,,,,,,,,,,,,,,,,,,,,intent_rejected_v1,
bitget_lead_lag_top20_20260715T125649Z,0,,,,,,,RAVEUSDT,347,,,1784121829976000000,1784121829977447758,1784121829977448263,1784121829977448624,1784121829976000000,1784121829977447758,11053511270134,1448624,1784121829974000000,1784121829976373009,657200795563,3448624,5000000,200000000,true,-,,entry,0,,,,kOpenShort,kSell,false,,kRejected,,parallel_limit,0.30876,0.30876,0.30876,1e-05,0,0,0,0,,,,,,,,,,,,,,,,,,,,,,,,,,,,,,,,,,,,,,,,,,,,,,,,,,,,,,,,,,,,,,,,,,,,,,,,,,,,,,,,,,,,,,intent_rejected_v1,
bitget_lead_lag_top20_20260715T125649Z,0,,,,,,,TACUSDT,411,,,1784121903952000000,1784121903953553535,1784121903953554001,1784121903953554800,1784121903952000000,1784121903953553535,11053520353833,1554800,1784121902194000000,1784121902195868531,370690629299,1759554800,5000000,200000000,false,stale_lag_quote,,entry,0,,,,kOpenShort,kSell,false,,kRejected,,stale_lag_quote,0.003047,0.003046,0.003046,1e-06,1,1,0,0,,,,,,,,,,,,,,,,,,,,,,,,,,,,,,,,,,,,,,,,,,,,,,,,,,,,,,,,,,,,,,,,,,,,,,,,,,,,,,,,,,,,,,intent_rejected_v1,
bitget_lead_lag_top20_20260715T125649Z,0,,,,,,,TACUSDT,411,,,1784121903953000000,1784121903954001979,1784121903954002362,1784121903954002774,1784121903953000000,1784121903954001979,11053520353908,1002774,1784121902194000000,1784121902195868531,370690629299,1760002774,5000000,200000000,false,stale_lag_quote,,entry,0,,,,kOpenShort,kSell,false,,kRejected,,stale_lag_quote,0.003047,0.003046,0.003046,1e-06,1,1,0,0,,,,,,,,,,,,,,,,,,,,,,,,,,,,,,,,,,,,,,,,,,,,,,,,,,,,,,,,,,,,,,,,,,,,,,,,,,,,,,,,,,,,,,intent_rejected_v1,
bitget_lead_lag_top20_20260715T125649Z,0,,,,,,,TACUSDT,411,,,1784121903953000000,1784121903954004188,1784121903954004642,1784121903954005026,1784121903953000000,1784121903954004188,11053520354004,1005026,1784121902194000000,1784121902195868531,370690629299,1760005026,5000000,200000000,false,stale_lag_quote,,entry,0,,,,kOpenShort,kSell,false,,kRejected,,stale_lag_quote,0.003047,0.003046,0.003046,1e-06,1,1,0,0,,,,,,,,,,,,,,,,,,,,,,,,,,,,,,,,,,,,,,,,,,,,,,,,,,,,,,,,,,,,,,,,,,,,,,,,,,,,,,,,,,,,,,intent_rejected_v1,
bitget_lead_lag_top20_20260715T125649Z,0,,,,,,,TACUSDT,411,,,1784121903953000000,1784121903954004621,1784121903954005670,1784121903954006036,1784121903953000000,1784121903954004621,11053520354014,1006036,1784121902194000000,1784121902195868531,370690629299,1760006036,5000000,200000000,false,stale_lag_quote,,entry,0,,,,kOpenShort,kSell,false,,kRejected,,stale_lag_quote,0.003047,0.003046,0.003046,1e-06,1,1,0,0,,,,,,,,,,,,,,,,,,,,,,,,,,,,,,,,,,,,,,,,,,,,,,,,,,,,,,,,,,,,,,,,,,,,,,,,,,,,,,,,,,,,,,intent_rejected_v1,
bitget_lead_lag_top20_20260715T125649Z,0,,,,,,,RAVEUSDT,347,,,1784121958920000000,1784121958921331982,1784121958921351004,1784121958921351394,1784121958920000000,1784121958921331982,11053528757960,1351394,1784121958919000000,1784121958919943176,657204043834,2351394,5000000,200000000,true,-,,entry,0,,,,kOpenShort,kSell,false,,kRejected,,parallel_limit,0.30546,0.30546,0.30546,1e-05,0,0,0,0,,,,,,,,,,,,,,,,,,,,,,,,,,,,,,,,,,,,,,,,,,,,,,,,,,,,,,,,,,,,,,,,,,,,,,,,,,,,,,,,,,,,,,intent_rejected_v1,
bitget_lead_lag_top20_20260715T125649Z,0,,,,,,,RAVEUSDT,347,,,1784121958921000000,1784121958921829143,1784121958921829516,1784121958921829794,1784121958921000000,1784121958921829143,11053528758001,829794,1784121958921000000,1784121958921636014,657204043845,829794,5000000,200000000,true,-,,entry,0,,,,kOpenShort,kSell,false,,kRejected,,parallel_limit,0.30546,0.30546,0.30546,1e-05,0,0,0,0,,,,,,,,,,,,,,,,,,,,,,,,,,,,,,,,,,,,,,,,,,,,,,,,,,,,,,,,,,,,,,,,,,,,,,,,,,,,,,,,,,,,,,intent_rejected_v1,
bitget_lead_lag_top20_20260715T125649Z,0,,,,,,,RAVEUSDT,347,,,1784122240382000000,1784122240383124776,1784122240383125152,1784122240383125552,1784122240382000000,1784122240383124776,11053570722354,1125552,1784122240285000000,1784122240286010750,657211763921,98125552,5000000,200000000,true,-,,entry,0,,,,kOpenLong,kBuy,false,,kRejected,,parallel_limit,0.30648,0.30648,0.30648,1e-05,0,0,0,0,,,,,,,,,,,,,,,,,,,,,,,,,,,,,,,,,,,,,,,,,,,,,,,,,,,,,,,,,,,,,,,,,,,,,,,,,,,,,,,,,,,,,,intent_rejected_v1,
bitget_lead_lag_top20_20260715T125649Z,0,,,,,,,BTWUSDT,95,,,1784122353039000000,1784122353040441268,1784122353040441756,1784122353040442967,1784122353039000000,1784122353040441268,11053593232875,1442967,1784122352507000000,1784122352507704766,416758165839,533442967,5000000,200000000,false,stale_lag_quote,,entry,0,,,,kOpenShort,kSell,false,,kRejected,,stale_lag_quote,0.060389,0.060376,0.060376,1e-06,13,13,0,0,,,,,,,,,,,,,,,,,,,,,,,,,,,,,,,,,,,,,,,,,,,,,,,,,,,,,,,,,,,,,,,,,,,,,,,,,,,,,,,,,,,,,,intent_rejected_v1,
bitget_lead_lag_top20_20260715T125649Z,0,,,,,,,BTWUSDT,95,,,1784122353040000000,1784122353041364379,1784122353041364967,1784122353041365348,1784122353040000000,1784122353041364379,11053593232998,1365348,1784122352507000000,1784122352507704766,416758165839,534365348,5000000,200000000,false,stale_lag_quote,,entry,0,,,,kOpenShort,kSell,false,,kRejected,,stale_lag_quote,0.060389,0.060376,0.060376,1e-06,13,13,0,0,,,,,,,,,,,,,,,,,,,,,,,,,,,,,,,,,,,,,,,,,,,,,,,,,,,,,,,,,,,,,,,,,,,,,,,,,,,,,,,,,,,,,,intent_rejected_v1,
bitget_lead_lag_top20_20260715T125649Z,0,,,,,,,VELVETUSDT,449,,,1784122569760000000,1784122569761332146,1784122569761332478,1784122569761333477,1784122569760000000,1784122569761332146,11053632682304,1333477,1784122568650000000,1784122568650727255,370697145274,1111333477,5000000,200000000,false,stale_lag_quote,,entry,0,,,,kOpenShort,kSell,false,,kRejected,,stale_lag_quote,0.5133,0.51319,0.51319,1e-05,11,11,0,0,,,,,,,,,,,,,,,,,,,,,,,,,,,,,,,,,,,,,,,,,,,,,,,,,,,,,,,,,,,,,,,,,,,,,,,,,,,,,,,,,,,,,,intent_rejected_v1,
bitget_lead_lag_top20_20260715T125649Z,0,,,,,,,VELVETUSDT,449,,,1784122569760000000,1784122569761334854,1784122569761339299,1784122569761339875,1784122569760000000,1784122569761334854,11053632682456,1339875,1784122568650000000,1784122568650727255,370697145274,1111339875,5000000,200000000,false,stale_lag_quote,,entry,0,,,,kOpenShort,kSell,false,,kRejected,,stale_lag_quote,0.5133,0.51319,0.51319,1e-05,11,11,0,0,,,,,,,,,,,,,,,,,,,,,,,,,,,,,,,,,,,,,,,,,,,,,,,,,,,,,,,,,,,,,,,,,,,,,,,,,,,,,,,,,,,,,,intent_rejected_v1,
bitget_lead_lag_top20_20260715T125649Z,0,,,,,,,VELVETUSDT,449,,,1784122569760000000,1784122569761630930,1784122569761655062,1784122569761655574,1784122569760000000,1784122569761630930,11053632682639,1655574,1784122569761000000,1784122569761640844,370697155772,655574,5000000,200000000,true,-,,entry,0,,,,kOpenShort,kSell,false,,kRejected,,parallel_limit,0.51306,0.51306,0.51306,1e-05,0,0,0,0,,,,,,,,,,,,,,,,,,,,,,,,,,,,,,,,,,,,,,,,,,,,,,,,,,,,,,,,,,,,,,,,,,,,,,,,,,,,,,,,,,,,,,intent_rejected_v1,
bitget_lead_lag_top20_20260715T125649Z,0,,,,,,,ORDIUSDT,316,,,1784122634094000000,1784122634094448143,1784122634094465072,1784122634094465578,1784122634094000000,1784122634094448143,11053643927134,465578,1784122634094000000,1784122634094401307,198731504507,465578,5000000,200000000,true,-,,entry,0,,,,kOpenShort,kSell,false,,kRejected,,parallel_limit,3.535,3.535,3.535,0.001,0,0,0,0,,,,,,,,,,,,,,,,,,,,,,,,,,,,,,,,,,,,,,,,,,,,,,,,,,,,,,,,,,,,,,,,,,,,,,,,,,,,,,,,,,,,,,intent_rejected_v1,
bitget_lead_lag_top20_20260715T125649Z,0,,,,,,,ORDIUSDT,316,,,1784122634095000000,1784122634096339864,1784122634096340526,1784122634096341011,1784122634095000000,1784122634096339864,11053643927930,1341011,1784122634095000000,1784122634095927102,198731504786,1341011,5000000,200000000,true,-,,entry,0,,,,kOpenShort,kSell,false,,kRejected,,parallel_limit,3.532,3.532,3.532,0.001,0,0,0,0,,,,,,,,,,,,,,,,,,,,,,,,,,,,,,,,,,,,,,,,,,,,,,,,,,,,,,,,,,,,,,,,,,,,,,,,,,,,,,,,,,,,,,intent_rejected_v1,
bitget_lead_lag_top20_20260715T125649Z,0,,,,,,,RAVEUSDT,347,,,1784122722935000000,1784122722936080379,1784122722936080658,1784122722936081770,1784122722935000000,1784122722936080379,11053659829311,1081770,1784122722932000000,1784122722932745701,657227009611,4081770,5000000,200000000,true,-,,entry,0,,,,kOpenLong,kBuy,false,,kRejected,,zero_quantity,0.3103,0.31036,0.31036,1e-05,6,6,0,0,,,,,,,,,,,,,,,,,,,,,,,,,,,,,,,,,,,,,,,,,,,,,,,,,,,,,,,,,,,,,,,,,,,,,,,,,,,,,,,,,,,,,,intent_rejected_v1,
bitget_lead_lag_top20_20260715T125649Z,0,,,,,,,VELVETUSDT,449,,,1784122845051000000,1784122845052352583,1784122845052374688,1784122845052375051,1784122845051000000,1784122845052352583,11053681032667,1375051,1784122845051000000,1784122845052255207,370699685131,1375051,5000000,200000000,true,-,,entry,0,,,,kOpenLong,kBuy,false,,kRejected,,parallel_limit,0.51327,0.51327,0.51327,1e-05,0,0,0,0,,,,,,,,,,,,,,,,,,,,,,,,,,,,,,,,,,,,,,,,,,,,,,,,,,,,,,,,,,,,,,,,,,,,,,,,,,,,,,,,,,,,,,intent_rejected_v1,
bitget_lead_lag_top20_20260715T125649Z,0,,,,,,,TACUSDT,411,,,1784122935322000000,1784122935323501578,1784122935323501999,1784122935323502413,1784122935322000000,1784122935323501578,11053696424443,1502413,1784122935323000000,1784122935323389387,370700508987,502413,5000000,200000000,true,-,,entry,0,,,,kOpenLong,kBuy,false,,kRejected,,parallel_limit,0.003015,0.003015,0.003015,1e-06,0,0,0,0,,,,,,,,,,,,,,,,,,,,,,,,,,,,,,,,,,,,,,,,,,,,,,,,,,,,,,,,,,,,,,,,,,,,,,,,,,,,,,,,,,,,,,intent_rejected_v1,
bitget_lead_lag_top20_20260715T125649Z,0,,,,,,,RAVEUSDT,347,,,1784123164896000000,1784123164896978151,1784123164896978653,1784123164896979196,1784123164896000000,1784123164896978151,11053733582267,979196,1784123164894000000,1784123164894588432,657240937898,2979196,5000000,200000000,true,-,,entry,0,,,,kOpenShort,kSell,false,,kRejected,,parallel_limit,0.30829,0.30829,0.30829,1e-05,0,0,0,0,,,,,,,,,,,,,,,,,,,,,,,,,,,,,,,,,,,,,,,,,,,,,,,,,,,,,,,,,,,,,,,,,,,,,,,,,,,,,,,,,,,,,,intent_rejected_v1,
bitget_lead_lag_top20_20260715T125649Z,0,,,,,,,RAVEUSDT,347,,,1784123164896000000,1784123164896979872,1784123164896980960,1784123164896981300,1784123164896000000,1784123164896979872,11053733582414,981300,1784123164894000000,1784123164894588432,657240937898,2981300,5000000,200000000,true,-,,entry,0,,,,kOpenShort,kSell,false,,kRejected,,parallel_limit,0.30829,0.30829,0.30829,1e-05,0,0,0,0,,,,,,,,,,,,,,,,,,,,,,,,,,,,,,,,,,,,,,,,,,,,,,,,,,,,,,,,,,,,,,,,,,,,,,,,,,,,,,,,,,,,,,intent_rejected_v1,
bitget_lead_lag_top20_20260715T125649Z,0,,,,,,,BASUSDT,67,,,1784123240219000000,1784123240220549083,1784123240220549503,1784123240220551073,1784123240219000000,1784123240220549083,11053748002527,1551073,1784123237990000000,1784123237990990515,370703310474,2230551073,5000000,200000000,false,stale_lag_quote,,entry,0,,,,kOpenLong,kBuy,false,,kRejected,,stale_lag_quote,0.024933,0.024939,0.024939,1e-06,5,6,0,0,,,,,,,,,,,,,,,,,,,,,,,,,,,,,,,,,,,,,,,,,,,,,,,,,,,,,,,,,,,,,,,,,,,,,,,,,,,,,,,,,,,,,,intent_rejected_v1,
bitget_lead_lag_top20_20260715T125649Z,0,,,,,,,BASUSDT,67,,,1784123240220000000,1784123240221022349,1784123240221022649,1784123240221023014,1784123240220000000,1784123240221022349,11053748002595,1023014,1784123237990000000,1784123237990990515,370703310474,2231023014,5000000,200000000,false,stale_lag_quote,,entry,0,,,,kOpenLong,kBuy,false,,kRejected,,stale_lag_quote,0.024933,0.024939,0.024939,1e-06,5,6,0,0,,,,,,,,,,,,,,,,,,,,,,,,,,,,,,,,,,,,,,,,,,,,,,,,,,,,,,,,,,,,,,,,,,,,,,,,,,,,,,,,,,,,,,intent_rejected_v1,
bitget_lead_lag_top20_20260715T125649Z,0,,,,,,,BASUSDT,67,,,1784123264000000000,1784123264001514925,1784123264001515378,1784123264001516745,1784123264000000000,1784123264001514925,11053753103158,1516745,1784123263666000000,1784123263666323752,370703698683,335516745,5000000,200000000,false,stale_lag_quote,,entry,0,,,,kOpenShort,kSell,false,,kRejected,,stale_lag_quote,0.025229,0.025223,0.025223,1e-06,5,6,0,0,,,,,,,,,,,,,,,,,,,,,,,,,,,,,,,,,,,,,,,,,,,,,,,,,,,,,,,,,,,,,,,,,,,,,,,,,,,,,,,,,,,,,,intent_rejected_v1,
bitget_lead_lag_top20_20260715T125649Z,0,,,,,,,BASUSDT,67,,,1784123264001000000,1784123264002125461,1784123264002125829,1784123264002126614,1784123264001000000,1784123264002125461,11053753103331,1126614,1784123263666000000,1784123263666323752,370703698683,336126614,5000000,200000000,false,stale_lag_quote,,entry,0,,,,kOpenShort,kSell,false,,kRejected,,stale_lag_quote,0.025229,0.025223,0.025223,1e-06,5,6,0,0,,,,,,,,,,,,,,,,,,,,,,,,,,,,,,,,,,,,,,,,,,,,,,,,,,,,,,,,,,,,,,,,,,,,,,,,,,,,,,,,,,,,,,intent_rejected_v1,
bitget_lead_lag_top20_20260715T125649Z,0,,,,,,,BASUSDT,67,,,1784123264001000000,1784123264002235462,1784123264002235845,1784123264002236074,1784123264001000000,1784123264002235462,11053753103695,1236074,1784123263666000000,1784123263666323752,370703698683,336236074,5000000,200000000,false,stale_lag_quote,,entry,0,,,,kOpenShort,kSell,false,,kRejected,,stale_lag_quote,0.025229,0.025223,0.025223,1e-06,5,6,0,0,,,,,,,,,,,,,,,,,,,,,,,,,,,,,,,,,,,,,,,,,,,,,,,,,,,,,,,,,,,,,,,,,,,,,,,,,,,,,,,,,,,,,,intent_rejected_v1,
bitget_lead_lag_top20_20260715T125649Z,0,,,,,,,BASUSDT,67,,,1784123264002000000,1784123264002751302,1784123264002751801,1784123264002752068,1784123264002000000,1784123264002751302,11053753103798,752068,1784123263666000000,1784123263666323752,370703698683,336752068,5000000,200000000,false,stale_lag_quote,,entry,0,,,,kOpenShort,kSell,false,,kRejected,,stale_lag_quote,0.025229,0.025223,0.025223,1e-06,5,6,0,0,,,,,,,,,,,,,,,,,,,,,,,,,,,,,,,,,,,,,,,,,,,,,,,,,,,,,,,,,,,,,,,,,,,,,,,,,,,,,,,,,,,,,,intent_rejected_v1,
bitget_lead_lag_top20_20260715T125649Z,0,,,,,,,BASUSDT,67,,,1784123264002000000,1784123264003219943,1784123264003220308,1784123264003220611,1784123264002000000,1784123264003219943,11053753103927,1220611,1784123263666000000,1784123263666323752,370703698683,337220611,5000000,200000000,false,stale_lag_quote,,entry,0,,,,kOpenShort,kSell,false,,kRejected,,stale_lag_quote,0.025229,0.025223,0.025223,1e-06,5,6,0,0,,,,,,,,,,,,,,,,,,,,,,,,,,,,,,,,,,,,,,,,,,,,,,,,,,,,,,,,,,,,,,,,,,,,,,,,,,,,,,,,,,,,,,intent_rejected_v1,
bitget_lead_lag_top20_20260715T125649Z,0,,,,,,,BASUSDT,67,,,1784123264002000000,1784123264003223512,1784123264003223942,1784123264003224239,1784123264002000000,1784123264003223512,11053753104061,1224239,1784123263666000000,1784123263666323752,370703698683,337224239,5000000,200000000,false,stale_lag_quote,,entry,0,,,,kOpenShort,kSell,false,,kRejected,,stale_lag_quote,0.025229,0.025223,0.025223,1e-06,5,6,0,0,,,,,,,,,,,,,,,,,,,,,,,,,,,,,,,,,,,,,,,,,,,,,,,,,,,,,,,,,,,,,,,,,,,,,,,,,,,,,,,,,,,,,,intent_rejected_v1,
bitget_lead_lag_top20_20260715T125649Z,0,,,,,,,BASUSDT,67,,,1784123264003000000,1784123264004119531,1784123264004119888,1784123264004120288,1784123264003000000,1784123264004119531,11053753104265,1120288,1784123263666000000,1784123263666323752,370703698683,338120288,5000000,200000000,false,stale_lag_quote,,entry,0,,,,kOpenShort,kSell,false,,kRejected,,stale_lag_quote,0.025229,0.025223,0.025223,1e-06,5,6,0,0,,,,,,,,,,,,,,,,,,,,,,,,,,,,,,,,,,,,,,,,,,,,,,,,,,,,,,,,,,,,,,,,,,,,,,,,,,,,,,,,,,,,,,intent_rejected_v1,
bitget_lead_lag_top20_20260715T125649Z,0,,,,,,,VELVETUSDT,449,,,1784123357004000000,1784123357005281716,1784123357005282269,1784123357005283651,1784123357004000000,1784123357005281716,11053771281575,1283651,1784123356110000000,1784123356110798061,370704854110,895283651,5000000,200000000,false,stale_lag_quote,,entry,0,,,,kOpenShort,kSell,false,,kRejected,,stale_lag_quote,0.51453,0.51441,0.51441,1e-05,11,12,0,0,,,,,,,,,,,,,,,,,,,,,,,,,,,,,,,,,,,,,,,,,,,,,,,,,,,,,,,,,,,,,,,,,,,,,,,,,,,,,,,,,,,,,,intent_rejected_v1,
bitget_lead_lag_top20_20260715T125649Z,0,,,,,,,VELVETUSDT,449,,,1784123392074000000,1784123392075376346,1784123392075397706,1784123392075398201,1784123392074000000,1784123392075376346,11053777328862,1398201,1784123392074000000,1784123392075393755,370705266499,1398201,5000000,200000000,true,-,,entry,0,,,,kOpenShort,kSell,false,,kRejected,,parallel_limit,0.51192,0.51192,0.51192,1e-05,0,0,0,0,,,,,,,,,,,,,,,,,,,,,,,,,,,,,,,,,,,,,,,,,,,,,,,,,,,,,,,,,,,,,,,,,,,,,,,,,,,,,,,,,,,,,,intent_rejected_v1,
bitget_lead_lag_top20_20260715T125649Z,0,,,,,,,ZECUSDT,480,,,1784123403064000000,1784123403064790839,1784123403064791291,1784123403064791704,1784123403064000000,1784123403064790839,11053779113233,791704,1784123403064000000,1784123403064591303,416819566547,791704,5000000,200000000,true,-,,entry,0,,,,kOpenLong,kBuy,false,,kRejected,,parallel_limit,575.22,575.22,575.22,0.01,0,0,0,0,,,,,,,,,,,,,,,,,,,,,,,,,,,,,,,,,,,,,,,,,,,,,,,,,,,,,,,,,,,,,,,,,,,,,,,,,,,,,,,,,,,,,,intent_rejected_v1,
bitget_lead_lag_top20_20260715T125649Z,0,,,,,,,ZECUSDT,480,,,1784123403064000000,1784123403064791745,1784123403064793347,1784123403064793645,1784123403064000000,1784123403064791745,11053779113279,793645,1784123403064000000,1784123403064591303,416819566547,793645,5000000,200000000,true,-,,entry,0,,,,kOpenLong,kBuy,false,,kRejected,,parallel_limit,575.22,575.22,575.22,0.01,0,0,0,0,,,,,,,,,,,,,,,,,,,,,,,,,,,,,,,,,,,,,,,,,,,,,,,,,,,,,,,,,,,,,,,,,,,,,,,,,,,,,,,,,,,,,,intent_rejected_v1,
bitget_lead_lag_top20_20260715T125649Z,0,,,,,,,RAVEUSDT,347,,,1784123410438000000,1784123410439285657,1784123410439286179,1784123410439286529,1784123410438000000,1784123410439285657,11053780857545,1286529,1784123410436000000,1784123410438405886,657250541995,3286529,5000000,200000000,true,-,,entry,0,,,,kOpenLong,kBuy,false,,kRejected,,parallel_limit,0.30125,0.30125,0.30125,1e-05,0,0,0,0,,,,,,,,,,,,,,,,,,,,,,,,,,,,,,,,,,,,,,,,,,,,,,,,,,,,,,,,,,,,,,,,,,,,,,,,,,,,,,,,,,,,,,intent_rejected_v1,
bitget_lead_lag_top20_20260715T125649Z,0,,,,,,,ORDIUSDT,316,,,1784123419885000000,1784123419886376246,1784123419886376639,1784123419886377149,1784123419885000000,1784123419886376246,11053783049693,1377149,1784123419707000000,1784123419707725873,198734435751,179377149,5000000,200000000,true,-,,entry,0,,,,kOpenShort,kSell,false,,kRejected,,parallel_limit,3.535,3.535,3.535,0.001,0,0,0,0,,,,,,,,,,,,,,,,,,,,,,,,,,,,,,,,,,,,,,,,,,,,,,,,,,,,,,,,,,,,,,,,,,,,,,,,,,,,,,,,,,,,,,intent_rejected_v1,
bitget_lead_lag_top20_20260715T125649Z,0,,,,,,,ORDIUSDT,316,,,1784123419885000000,1784123419886377537,1784123419886378461,1784123419886378781,1784123419885000000,1784123419886377537,11053783049728,1378781,1784123419707000000,1784123419707725873,198734435751,179378781,5000000,200000000,true,-,,entry,0,,,,kOpenShort,kSell,false,,kRejected,,parallel_limit,3.535,3.535,3.535,0.001,0,0,0,0,,,,,,,,,,,,,,,,,,,,,,,,,,,,,,,,,,,,,,,,,,,,,,,,,,,,,,,,,,,,,,,,,,,,,,,,,,,,,,,,,,,,,,intent_rejected_v1,
bitget_lead_lag_top20_20260715T125649Z,0,,,,,,,ORDIUSDT,316,,,1784123419886000000,1784123419886705435,1784123419886705942,1784123419886706284,1784123419886000000,1784123419886705435,11053783049827,706284,1784123419707000000,1784123419707725873,198734435751,179706284,5000000,200000000,true,-,,entry,0,,,,kOpenShort,kSell,false,,kRejected,,parallel_limit,3.535,3.535,3.535,0.001,0,0,0,0,,,,,,,,,,,,,,,,,,,,,,,,,,,,,,,,,,,,,,,,,,,,,,,,,,,,,,,,,,,,,,,,,,,,,,,,,,,,,,,,,,,,,,intent_rejected_v1,
bitget_lead_lag_top20_20260715T125649Z,0,,,,,,,ORDIUSDT,316,,,1784123419886000000,1784123419887107048,1784123419887107476,1784123419887107805,1784123419886000000,1784123419887107048,11053783049978,1107805,1784123419707000000,1784123419707725873,198734435751,180107805,5000000,200000000,true,-,,entry,0,,,,kOpenShort,kSell,false,,kRejected,,parallel_limit,3.535,3.535,3.535,0.001,0,0,0,0,,,,,,,,,,,,,,,,,,,,,,,,,,,,,,,,,,,,,,,,,,,,,,,,,,,,,,,,,,,,,,,,,,,,,,,,,,,,,,,,,,,,,,intent_rejected_v1,
bitget_lead_lag_top20_20260715T125649Z,0,,,,,,,VELVETUSDT,449,,,1784123545412000000,1784123545413254770,1784123545413255276,1784123545413256796,1784123545412000000,1784123545413254770,11053805665012,1256796,1784123545163000000,1784123545163891115,370706845229,250256796,5000000,200000000,false,stale_lag_quote,,entry,0,,,,kOpenLong,kBuy,false,,kRejected,,stale_lag_quote,0.51139,0.5115,0.5115,1e-05,11,11,0,0,,,,,,,,,,,,,,,,,,,,,,,,,,,,,,,,,,,,,,,,,,,,,,,,,,,,,,,,,,,,,,,,,,,,,,,,,,,,,,,,,,,,,,intent_rejected_v1,
bitget_lead_lag_top20_20260715T125649Z,0,,,,,,,VELVETUSDT,449,,,1784123705549000000,1784123705550325479,1784123705550325817,1784123705550326668,1784123705549000000,1784123705550325479,11053831531875,1326668,1784123705093000000,1784123705093261908,370708321997,457326668,5000000,200000000,false,stale_lag_quote,,entry,0,,,,kOpenLong,kBuy,false,,kRejected,,stale_lag_quote,0.51221,0.51233,0.51233,1e-05,11,12,0,0,,,,,,,,,,,,,,,,,,,,,,,,,,,,,,,,,,,,,,,,,,,,,,,,,,,,,,,,,,,,,,,,,,,,,,,,,,,,,,,,,,,,,,intent_rejected_v1,
bitget_lead_lag_top20_20260715T125649Z,0,,,,,,,VELVETUSDT,449,,,1784123705549000000,1784123705550326001,1784123705550331657,1784123705550332114,1784123705549000000,1784123705550326001,11053831531933,1332114,1784123705093000000,1784123705093261908,370708321997,457332114,5000000,200000000,false,stale_lag_quote,,entry,0,,,,kOpenLong,kBuy,false,,kRejected,,stale_lag_quote,0.51221,0.51233,0.51233,1e-05,11,12,0,0,,,,,,,,,,,,,,,,,,,,,,,,,,,,,,,,,,,,,,,,,,,,,,,,,,,,,,,,,,,,,,,,,,,,,,,,,,,,,,,,,,,,,,intent_rejected_v1,
bitget_lead_lag_top20_20260715T125649Z,0,,,,,,,VELVETUSDT,449,,,1784123705550000000,1784123705550904733,1784123705550905110,1784123705550905551,1784123705550000000,1784123705550904733,11053831532046,905551,1784123705093000000,1784123705093261908,370708321997,457905551,5000000,200000000,false,stale_lag_quote,,entry,0,,,,kOpenLong,kBuy,false,,kRejected,,stale_lag_quote,0.51221,0.51233,0.51233,1e-05,11,12,0,0,,,,,,,,,,,,,,,,,,,,,,,,,,,,,,,,,,,,,,,,,,,,,,,,,,,,,,,,,,,,,,,,,,,,,,,,,,,,,,,,,,,,,,intent_rejected_v1,
