run_id,signal_index,log_time,trigger_exchange,trigger_symbol_id,trigger_exchange_ns,trigger_local_ns,on_book_ticker_entry_ns,signal_decision_ns,lead_exchange_ns,lead_local_ns,signal_lead_id,lead_freshness_ns,lag_exchange_ns,lag_local_ns,signal_lag_id,lag_freshness_ns,symbol,symbol_id,signal_role,action,side,reduce_only,signal_position_id,raw_price,local_order_id,request_sequence,request_send_local_ns,bbo_to_strategy_ns,strategy_to_signal_ns,signal_to_request_send_ns,trigger_to_request_send_ns,exchange_order_id,order_role,order_position_id,position_event,position_direction,order_price,price_tick,slippage_ticks,quantity,status,cumulative_filled_quantity,average_fill_price,exec_slippage_ticks,ack_rtt_ns,order_finished_local_ns,warnings
bitget_lead_lag_top20_20260715T125649Z,1,2026-07-15 13:03:39.022530144,kBinance,67,1784120619021000000,1784120619022527534,1784120619022528008,1784120619022529069,1784120619021000000,1784120619022527534,11053355436161,1529069,1784120615591000000,1784120615591616170,370679303618,3431529069,BAS_USDT,67,kLead,kOpenLong,kBuy,false,0,0.024879,0,,,474,1061,,,,entry,0,,,0.024884,1e-06,5,0,kRejected,,,,,,
bitget_lead_lag_top20_20260715T125649Z,2,2026-07-15 13:03:39.022928955,kBinance,67,1784120619022000000,1784120619022927674,1784120619022928220,1784120619022928879,1784120619022000000,1784120619022927674,11053355436166,928879,1784120615591000000,1784120615591616170,370679303618,3431928879,BAS_USDT,67,kLead,kOpenLong,kBuy,false,0,0.024879,0,,,546,659,,,,entry,0,,,0.024884,1e-06,5,0,kRejected,,,,,,
bitget_lead_lag_top20_20260715T125649Z,3,2026-07-15 13:03:39.022930548,kBinance,67,1784120619022000000,1784120619022929187,1784120619022929737,1784120619022930499,1784120619022000000,1784120619022929187,11053355436241,930499,1784120615591000000,1784120615591616170,370679303618,3431930499,BAS_USDT,67,kLead,kOpenLong,kBuy,false,0,0.024879,0,,,550,762,,,,entry,0,,,0.024884,1e-06,5,0,kRejected,,,,,,
bitget_lead_lag_top20_20260715T125649Z,4,2026-07-15 13:03:39.023391291,kBinance,67,1784120619022000000,1784120619023390438,1784120619023390790,1784120619023391245,1784120619022000000,1784120619023390438,11053355436301,1391245,1784120615591000000,1784120615591616170,370679303618,3432391245,BAS_USDT,67,kLead,kOpenLong,kBuy,false,0,0.024879,0,,,352,455,,,,entry,0,,,0.024884,1e-06,5,0,kRejected,,,,,,
bitget_lead_lag_top20_20260715T125649Z,5,2026-07-15 13:04:06.812492397,kBinance,449,1784120646811000000,1784120646812490042,1784120646812490454,1784120646812491387,1784120646811000000,1784120646812490042,11053359799162,1491387,1784120646809000000,1784120646809810866,370679673125,3491387,VELVET_USDT,449,kLead,kOpenLong,kBuy,false,0,0.51245,432345564227567617,,1784120646812511609,412,933,20222,21567,1461273393439059973,entry,1,kEntrySubmit,kLong,0.51257,1e-05,11,10,kCancelled,0,0,,10211816,1784120646823051569,
bitget_lead_lag_top20_20260715T125649Z,6,2026-07-15 13:07:04.361042961,kBinance,384,1784120824360000000,1784120824361040925,1784120824361041355,1784120824361042560,1784120824360000000,1784120824361040925,11053385312830,1042560,1784120824357000000,1784120824357806114,139752005125,4042560,SOL_USDT,384,kLead,kOpenLong,kBuy,false,0,78.726,432345564227567618,,1784120824361061807,430,1205,19247,20882,1461274138112569433,entry,1,kEntrySubmit,kLong,78.742,0.001,16,0.1,kCancelled,0,0,,0,1784120824367691563,
bitget_lead_lag_top20_20260715T125649Z,7,2026-07-15 13:07:06.958955895,kBinance,316,1784120826958000000,1784120826958953815,1784120826958954355,1784120826958955550,1784120826958000000,1784120826958953815,11053385833782,955550,1784120826844000000,1784120826845179642,198725410460,114955550,ORDI_USDT,316,kLead,kOpenShort,kSell,false,0,3.508,432345564227567619,,1784120826958972725,540,1195,17175,18910,1461274149013565442,entry,1,kEntrySubmit,kShort,3.507,0.001,1,1.5,kCancelled,0,0,,6330558,1784120826965712224,
bitget_lead_lag_top20_20260715T125649Z,8,2026-07-15 13:12:13.309048574,kBinance,347,1784121133308000000,1784121133309047052,1784121133309047430,1784121133309048170,1784121133308000000,1784121133309047052,11053426685214,1048170,1784121133192000000,1784121133192381413,657183553461,117048170,RAVE_USDT,347,kLead,kOpenLong,kBuy,false,0,0.30139,432345564227567620,,1784121133309067040,378,740,18870,19988,1461275433934401537,entry,1,kEntrySubmit,kLong,0.30146,1e-05,6,17,kCancelled,0,0,,5496081,1784121133314954080,
bitget_lead_lag_top20_20260715T125649Z,9,2026-07-15 13:12:13.309071407,kBinance,347,1784121133308000000,1784121133309048085,1784121133309070915,1784121133309071325,1784121133308000000,1784121133309048085,11053426685334,1071325,1784121133192000000,1784121133192381413,657183553461,117071325,RAVE_USDT,347,kLead,kOpenLong,kBuy,false,0,0.30139,0,,,22830,410,,,,entry,0,,,0.30139,1e-05,0,0,kRejected,,,,,,
bitget_lead_lag_top20_20260715T125649Z,10,2026-07-15 13:13:57.449976718,kBinance,438,1784121237449000000,1784121237449974040,1784121237449974971,1784121237449976129,1784121237449000000,1784121237449974040,11053437558843,976129,1784121237364000000,1784121237364341721,370684901869,85976129,UB_USDT,438,kLead,kOpenShort,kSell,false,0,0.08553,432345564227567621,,1784121237449994209,931,1158,18080,20169,1461275870733414412,entry,1,kEntrySubmit,kShort,0.08551,1e-05,2,61,kCancelled,0,0,,5796319,1784121237456227224,
bitget_lead_lag_top20_20260715T125649Z,11,2026-07-15 13:13:57.450555543,kBinance,438,1784121237449000000,1784121237450554474,1784121237450555102,1784121237450555485,1784121237449000000,1784121237450554474,11053437558927,1555485,1784121237364000000,1784121237364341721,370684901869,86555485,UB_USDT,438,kLead,kOpenShort,kSell,false,0,0.08553,0,,,628,383,,,,entry,0,,,0.08553,1e-05,0,0,kRejected,,,,,,
bitget_lead_lag_top20_20260715T125649Z,12,2026-07-15 13:13:57.450557302,kBinance,438,1784121237450000000,1784121237450555222,1784121237450556891,1784121237450557247,1784121237450000000,1784121237450555222,11053437558962,557247,1784121237364000000,1784121237364341721,370684901869,86557247,UB_USDT,438,kLead,kOpenShort,kSell,false,0,0.08553,0,,,1669,356,,,,entry,0,,,0.08553,1e-05,0,0,kRejected,,,,,,
bitget_lead_lag_top20_20260715T125649Z,13,2026-07-15 13:13:57.451036353,kBinance,438,1784121237450000000,1784121237451035471,1784121237451035968,1784121237451036299,1784121237450000000,1784121237451035471,11053437559009,1036299,1784121237364000000,1784121237364341721,370684901869,87036299,UB_USDT,438,kLead,kOpenShort,kSell,false,0,0.08553,0,,,497,331,,,,entry,0,,,0.08553,1e-05,0,0,kRejected,,,,,,
bitget_lead_lag_top20_20260715T125649Z,14,2026-07-15 13:13:57.451037331,kBinance,438,1784121237450000000,1784121237451036116,1784121237451036940,1784121237451037276,1784121237450000000,1784121237451036116,11053437559014,1037276,1784121237364000000,1784121237364341721,370684901869,87037276,UB_USDT,438,kLead,kOpenShort,kSell,false,0,0.08553,0,,,824,336,,,,entry,0,,,0.08553,1e-05,0,0,kRejected,,,,,,
bitget_lead_lag_top20_20260715T125649Z,15,2026-07-15 13:13:57.451038354,kBinance,438,1784121237450000000,1784121237451037313,1784121237451037918,1784121237451038297,1784121237450000000,1784121237451037313,11053437559036,1038297,1784121237364000000,1784121237364341721,370684901869,87038297,UB_USDT,438,kLead,kOpenShort,kSell,false,0,0.08553,0,,,605,379,,,,entry,0,,,0.08553,1e-05,0,0,kRejected,,,,,,
bitget_lead_lag_top20_20260715T125649Z,16,2026-07-15 13:13:57.451039251,kBinance,438,1784121237450000000,1784121237451038234,1784121237451038851,1784121237451039197,1784121237450000000,1784121237451038234,11053437559129,1039197,1784121237364000000,1784121237364341721,370684901869,87039197,UB_USDT,438,kLead,kOpenShort,kSell,false,0,0.08553,0,,,617,346,,,,entry,0,,,0.08553,1e-05,0,0,kRejected,,,,,,
bitget_lead_lag_top20_20260715T125649Z,17,2026-07-15 13:14:15.141549401,kBinance,411,1784121255140000000,1784121255141547432,1784121255141547940,1784121255141549016,1784121255140000000,1784121255141547432,11053440023621,1549016,1784121254652000000,1784121254652992944,370685063146,489549016,TAC_USDT,411,kLead,kOpenShort,kSell,false,0,0.003005,0,,,508,1076,,,,entry,0,,,0.003004,1e-06,1,0,kRejected,,,,,,
bitget_lead_lag_top20_20260715T125649Z,18,2026-07-15 13:14:15.141554397,kBinance,411,1784121255140000000,1784121255141548459,1784121255141553855,1784121255141554331,1784121255140000000,1784121255141548459,11053440023644,1554331,1784121254652000000,1784121254652992944,370685063146,489554331,TAC_USDT,411,kLead,kOpenShort,kSell,false,0,0.003005,0,,,5396,476,,,,entry,0,,,0.003004,1e-06,1,0,kRejected,,,,,,
bitget_lead_lag_top20_20260715T125649Z,19,2026-07-15 13:14:53.236412842,kBinance,411,1784121293235000000,1784121293236410856,1784121293236411363,1784121293236412316,1784121293235000000,1784121293236410856,11053444327747,1412316,1784121274565000000,1784121274565503194,370685207079,18671412316,TAC_USDT,411,kLead,kOpenShort,kSell,false,0,0.003003,0,,,507,953,,,,entry,0,,,0.003002,1e-06,1,0,kRejected,,,,,,
bitget_lead_lag_top20_20260715T125649Z,20,2026-07-15 13:14:53.236417373,kBinance,411,1784121293235000000,1784121293236411349,1784121293236416901,1784121293236417308,1784121293235000000,1784121293236411349,11053444327748,1417308,1784121274565000000,1784121274565503194,370685207079,18671417308,TAC_USDT,411,kLead,kOpenShort,kSell,false,0,0.003003,0,,,5552,407,,,,entry,0,,,0.003002,1e-06,1,0,kRejected,,,,,,
bitget_lead_lag_top20_20260715T125649Z,21,2026-07-15 13:14:53.237053637,kBinance,411,1784121293236000000,1784121293237052756,1784121293237053201,1784121293237053576,1784121293236000000,1784121293237052756,11053444327947,1053576,1784121274565000000,1784121274565503194,370685207079,18672053576,TAC_USDT,411,kLead,kOpenShort,kSell,false,0,0.003003,0,,,445,375,,,,entry,0,,,0.003002,1e-06,1,0,kRejected,,,,,,
bitget_lead_lag_top20_20260715T125649Z,22,2026-07-15 13:15:26.958461903,kBinance,438,1784121326957000000,1784121326958460341,1784121326958460708,1784121326958461557,1784121326957000000,1784121326958460341,11053448687755,1461557,1784121326159000000,1784121326159692311,370685643583,799461557,UB_USDT,438,kLead,kOpenShort,kSell,false,0,0.08579,0,,,367,849,,,,entry,0,,,0.08577,1e-05,2,0,kRejected,,,,,,
bitget_lead_lag_top20_20260715T125649Z,23,2026-07-15 13:15:26.958466861,kBinance,438,1784121326958000000,1784121326958462255,1784121326958466445,1784121326958466793,1784121326958000000,1784121326958462255,11053448687835,466793,1784121326159000000,1784121326159692311,370685643583,799466793,UB_USDT,438,kLead,kOpenShort,kSell,false,0,0.08579,0,,,4190,348,,,,entry,0,,,0.08577,1e-05,2,0,kRejected,,,,,,
bitget_lead_lag_top20_20260715T125649Z,24,2026-07-15 13:15:26.958905269,kBinance,438,1784121326958000000,1784121326958904386,1784121326958904835,1784121326958905212,1784121326958000000,1784121326958904386,11053448687850,905212,1784121326159000000,1784121326159692311,370685643583,799905212,UB_USDT,438,kLead,kOpenShort,kSell,false,0,0.08579,0,,,449,377,,,,entry,0,,,0.08577,1e-05,2,0,kRejected,,,,,,
bitget_lead_lag_top20_20260715T125649Z,25,2026-07-15 13:15:26.958906285,kBinance,438,1784121326958000000,1784121326958905075,1784121326958905901,1784121326958906230,1784121326958000000,1784121326958905075,11053448687864,906230,1784121326159000000,1784121326159692311,370685643583,799906230,UB_USDT,438,kLead,kOpenShort,kSell,false,0,0.08579,0,,,826,329,,,,entry,0,,,0.08577,1e-05,2,0,kRejected,,,,,,
bitget_lead_lag_top20_20260715T125649Z,26,2026-07-15 13:15:32.000249755,kBinance,438,1784121331999000000,1784121332000248348,1784121332000248810,1784121332000249408,1784121331999000000,1784121332000248348,11053449172040,1249408,1784121331811000000,1784121331811318961,370685685957,189249408,UB_USDT,438,kLead,kOpenShort,kSell,false,0,0.08566,432345564227567622,,1784121332000266698,462,598,17290,18350,1461276267304857601,entry,2,kEntrySubmit,kShort,0.08564,1e-05,2,61,kCancelled,0,0,,5336412,1784121332006206615,
bitget_lead_lag_top20_20260715T125649Z,27,2026-07-15 13:15:32.001369747,kBinance,438,1784121332000000000,1784121332001368643,1784121332001369281,1784121332001369691,1784121332000000000,1784121332001368643,11053449172353,1369691,1784121332000000000,1784121332001298114,370685687156,1369691,UB_USDT,438,kLead,kOpenShort,kSell,false,0,0.08551,0,,,638,410,,,,entry,0,,,0.08551,1e-05,0,0,kRejected,,,,,,
bitget_lead_lag_top20_20260715T125649Z,28,2026-07-15 13:17:17.250416436,kBinance,211,1784121437249000000,1784121437250414500,1784121437250415004,1784121437250416092,1784121437249000000,1784121437250414500,11053461362576,1416092,1784121437242000000,1784121437243013021,370686516023,8416092,H_USDT,211,kLead,kOpenLong,kBuy,false,0,0.0675,432345564227567623,,1784121437250434103,504,1088,18011,19603,1461276708755353604,entry,1,kEntrySubmit,kLong,0.06752,1e-05,2,78,kCancelled,0,0,,5425544,1784121437256417809,
bitget_lead_lag_top20_20260715T125649Z,29,2026-07-15 13:17:17.250438309,kBinance,211,1784121437249000000,1784121437250415231,1784121437250437829,1784121437250438219,1784121437249000000,1784121437250415231,11053461362581,1438219,1784121437242000000,1784121437243013021,370686516023,8438219,H_USDT,211,kLead,kOpenLong,kBuy,false,0,0.0675,0,,,22598,390,,,,entry,0,,,0.0675,1e-05,0,0,kRejected,,,,,,
bitget_lead_lag_top20_20260715T125649Z,30,2026-07-15 13:17:17.250980960,kBinance,211,1784121437250000000,1784121437250980182,1784121437250980635,1784121437250980902,1784121437250000000,1784121437250980182,11053461362636,980902,1784121437242000000,1784121437243013021,370686516023,8980902,H_USDT,211,kLead,kOpenLong,kBuy,false,0,0.0675,0,,,453,267,,,,entry,0,,,0.0675,1e-05,0,0,kRejected,,,,,,
bitget_lead_lag_top20_20260715T125649Z,31,2026-07-15 13:17:17.251466606,kBinance,211,1784121437250000000,1784121437251465677,1784121437251466207,1784121437251466541,1784121437250000000,1784121437251465677,11053461362692,1466541,1784121437242000000,1784121437243013021,370686516023,9466541,H_USDT,211,kLead,kOpenLong,kBuy,false,0,0.0675,0,,,530,334,,,,entry,0,,,0.0675,1e-05,0,0,kRejected,,,,,,
bitget_lead_lag_top20_20260715T125649Z,32,2026-07-15 13:17:17.251467562,kBinance,211,1784121437250000000,1784121437251466206,1784121437251467182,1784121437251467497,1784121437250000000,1784121437251466206,11053461362712,1467497,1784121437242000000,1784121437243013021,370686516023,9467497,H_USDT,211,kLead,kOpenLong,kBuy,false,0,0.0675,0,,,976,315,,,,entry,0,,,0.0675,1e-05,0,0,kRejected,,,,,,
bitget_lead_lag_top20_20260715T125649Z,33,2026-07-15 13:17:17.251899154,kBinance,211,1784121437251000000,1784121437251898371,1784121437251898756,1784121437251899090,1784121437251000000,1784121437251898371,11053461362744,899090,1784121437251000000,1784121437251823917,370686516064,899090,H_USDT,211,kLead,kOpenLong,kBuy,false,0,0.06751,0,,,385,334,,,,entry,0,,,0.06751,1e-05,0,0,kRejected,,,,,,
bitget_lead_lag_top20_20260715T125649Z,34,2026-07-15 13:17:17.252916494,kBinance,211,1784121437252000000,1784121437252915612,1784121437252916037,1784121437252916428,1784121437252000000,1784121437252915612,11053461362859,916428,1784121437252000000,1784121437252678216,370686516099,916428,H_USDT,211,kLead,kOpenLong,kBuy,false,0,0.06757,0,,,425,391,,,,entry,0,,,0.06757,1e-05,0,0,kRejected,,,,,,
bitget_lead_lag_top20_20260715T125649Z,35,2026-07-15 13:17:17.252917499,kBinance,211,1784121437252000000,1784121437252916683,1784121437252917115,1784121437252917434,1784121437252000000,1784121437252916683,11053461362912,917434,1784121437252000000,1784121437252678216,370686516099,917434,H_USDT,211,kLead,kOpenLong,kBuy,false,0,0.06757,0,,,432,319,,,,entry,0,,,0.06757,1e-05,0,0,kRejected,,,,,,
bitget_lead_lag_top20_20260715T125649Z,36,2026-07-15 13:17:17.254511296,kBinance,211,1784121437253000000,1784121437254510501,1784121437254510865,1784121437254511230,1784121437253000000,1784121437254510501,11053461363063,1511230,1784121437254000000,1784121437254391579,370686516128,511230,H_USDT,211,kLead,kOpenLong,kBuy,false,0,0.06757,0,,,364,365,,,,entry,0,,,0.06757,1e-05,0,0,kRejected,,,,,,
bitget_lead_lag_top20_20260715T125649Z,37,2026-07-15 13:17:17.255422853,kBinance,211,1784121437254000000,1784121437255421989,1784121437255422408,1784121437255422786,1784121437254000000,1784121437255421989,11053461363224,1422786,1784121437254000000,1784121437255083872,370686516138,1422786,H_USDT,211,kLead,kOpenLong,kBuy,false,0,0.06757,0,,,419,378,,,,entry,0,,,0.06757,1e-05,0,0,kRejected,,,,,,
bitget_lead_lag_top20_20260715T125649Z,38,2026-07-15 13:17:17.258886625,kBinance,211,1784121437258000000,1784121437258885749,1784121437258886126,1784121437258886556,1784121437258000000,1784121437258885749,11053461363691,886556,1784121437258000000,1784121437258765591,370686516190,886556,H_USDT,211,kLead,kOpenLong,kBuy,false,0,0.0676,432345564227567624,,1784121437258888776,377,430,2220,3027,1461276708788908040,entry,2,kEntrySubmit,kLong,0.06762,1e-05,2,78,kCancelled,0,0,,5055379,1784121437264422113,
bitget_lead_lag_top20_20260715T125649Z,39,2026-07-15 13:17:17.259446989,kBinance,211,1784121437258000000,1784121437259446337,1784121437259446722,1784121437259446923,1784121437258000000,1784121437259446337,11053461363738,1446923,1784121437258000000,1784121437258765591,370686516190,1446923,H_USDT,211,kLead,kOpenLong,kBuy,false,0,0.0676,0,,,385,201,,,,entry,0,,,0.0676,1e-05,0,0,kRejected,,,,,,
bitget_lead_lag_top20_20260715T125649Z,40,2026-07-15 13:17:17.260424840,kBinance,211,1784121437259000000,1784121437260424050,1784121437260424404,1784121437260424774,1784121437259000000,1784121437260424050,11053461363880,1424774,1784121437260000000,1784121437260420381,370686516209,424774,H_USDT,211,kLead,kOpenLong,kBuy,false,0,0.06762,0,,,354,370,,,,entry,0,,,0.06762,1e-05,0,0,kRejected,,,,,,
bitget_lead_lag_top20_20260715T125649Z,41,2026-07-15 13:21:09.158107590,kBinance,449,1784121669157000000,1784121669158105154,1784121669158105607,1784121669158106896,1784121669157000000,1784121669158105154,11053491036386,1106896,1784121669123000000,1784121669123983170,370688478097,35106896,VELVET_USDT,449,kLead,kOpenLong,kBuy,false,0,0.51922,432345564227567625,,1784121669158124821,453,1289,17925,19667,1461277681448005635,entry,2,kEntrySubmit,kLong,0.51933,1e-05,11,10,kCancelled,0,0,,5212048,1784121669163927480,
bitget_lead_lag_top20_20260715T125649Z,42,2026-07-15 13:21:42.597000690,kBinance,438,1784121702595000000,1784121702596998889,1784121702596999330,1784121702597000152,1784121702595000000,1784121702596998889,11053495984437,2000152,1784121702594000000,1784121702594530587,370688842078,3000152,UB_USDT,438,kLead,kOpenShort,kSell,false,0,0.08634,432345564227567626,,1784121702597018172,441,822,18020,19283,1461277821697142793,entry,3,kEntrySubmit,kShort,0.08632,1e-05,2,61,kCancelled,0,0,,5191337,1784121702602594506,
bitget_lead_lag_top20_20260715T125649Z,43,2026-07-15 13:22:54.425079010,kBinance,480,1784121774424000000,1784121774425076289,1784121774425076563,1784121774425078406,1784121774424000000,1784121774425076289,11053504228161,1078406,1784121774419000000,1784121774419870977,416733715227,6078406,ZEC_USDT,480,kLead,kOpenShort,kSell,false,0,583.95,432345564227567627,,1784121774425097130,274,1843,18724,20841,1461278122969804829,entry,1,kEntrySubmit,kShort,583.83,0.01,12,0.009,kCancelled,0,0,,5587239,1784121774431262394,
bitget_lead_lag_top20_20260715T125649Z,44,2026-07-15 13:23:06.233279040,kBinance,411,1784121786232000000,1784121786233277055,1784121786233277463,1784121786233278433,1784121786232000000,1784121786233277055,11053506045606,1278433,1784121782105000000,1784121782107911143,370689535111,4128278433,TAC_USDT,411,kLead,kOpenLong,kBuy,false,0,0.003009,0,,,408,970,,,,entry,0,,,0.00301,1e-06,1,0,kRejected,,,,,,
bitget_lead_lag_top20_20260715T125649Z,45,2026-07-15 13:23:06.240391577,kBinance,411,1784121786239000000,1784121786240390362,1784121786240390775,1784121786240391500,1784121786239000000,1784121786240390362,11053506047110,1391500,1784121786239000000,1784121786240361309,370689592292,1391500,TAC_USDT,411,kLead,kOpenShort,kSell,false,0,0.003022,432345564227567628,,1784121786240405422,413,725,13922,15060,1461278172525506568,entry,1,kEntrySubmit,kShort,0.003021,1e-06,1,1742,kCancelled,0,0,,5803686,1784121786246587976,
bitget_lead_lag_top20_20260715T125649Z,46,2026-07-15 13:23:48.858547728,kBinance,347,1784121828857000000,1784121828858545810,1784121828858546349,1784121828858547209,1784121828857000000,1784121828858545810,11053511170317,1547209,1784121828855000000,1784121828857222238,657200771808,3547209,RAVE_USDT,347,kLead,kOpenShort,kSell,false,0,0.30783,432345564227567629,,1784121828858564579,539,860,17370,18769,1461278351278354442,entry,2,kEntrySubmit,kShort,0.30777,1e-05,6,17,kFilled,17,0.30833,-50,5360143,1784121828864252353,
bitget_lead_lag_top20_20260715T125649Z,47,2026-07-15 13:23:48.873828375,kBitget,347,1784121828872000000,1784121828873827768,1784121828873828096,1784121828873828314,1784121828873000000,1784121828873546257,11053511172908,828314,1784121828872000000,1784121828873827768,657200773538,1828314,RAVE_USDT,347,kLag,kCloseShort,kBuy,true,2,0.30741,432345564227567630,,1784121828873829443,328,218,1129,1675,1461278351341269043,exit,2,kExitSubmit,kShort,0.30747,1e-05,6,17,kCancelled,0,0,,5076177,1784121828879372808,
bitget_lead_lag_top20_20260715T125649Z,48,2026-07-15 13:23:49.235621242,kBinance,347,1784121829234000000,1784121829235620550,1784121829235620949,1784121829235621169,1784121829234000000,1784121829235620550,11053511208998,1621169,1784121829232000000,1784121829234050759,657200782691,3621169,RAVE_USDT,347,kLead,kCloseShort,kBuy,true,2,0.3068,432345564227567631,,1784121829235622444,399,220,1275,1894,1461278352859607041,exit,2,kExitSubmit,kShort,0.30692,1e-05,12,17,kFilled,17,0.30692,12,5141069,1784121829241201405,
bitget_lead_lag_top20_20260715T125649Z,49,2026-07-15 13:23:49.971978688,kBinance,347,1784121829971000000,1784121829971977821,1784121829971978313,1784121829971978623,1784121829971000000,1784121829971977821,11053511269557,978623,1784121829968000000,1784121829970320872,657200795402,3978623,RAVE_USDT,347,kLead,kOpenShort,kSell,false,0,0.30876,432345564227567632,,1784121829971984185,492,310,5562,6364,1461278355946614786,entry,3,kEntrySubmit,kShort,0.3087,1e-05,6,17,kCancelled,0,0,,5102985,1784121829977755472,
bitget_lead_lag_top20_20260715T125649Z,50,2026-07-15 13:23:49.971985999,kBinance,347,1784121829971000000,1784121829971979205,1784121829971985657,1784121829971985939,1784121829971000000,1784121829971979205,11053511269568,985939,1784121829968000000,1784121829970320872,657200795402,3985939,RAVE_USDT,347,kLead,kOpenShort,kSell,false,0,0.30876,0,,,6452,282,,,,entry,0,,,0.30876,1e-05,0,0,kRejected,,,,,,
bitget_lead_lag_top20_20260715T125649Z,51,2026-07-15 13:23:49.977448683,kBinance,347,1784121829976000000,1784121829977447758,1784121829977448263,1784121829977448624,1784121829976000000,1784121829977447758,11053511270134,1448624,1784121829974000000,1784121829976373009,657200795563,3448624,RAVE_USDT,347,kLead,kOpenShort,kSell,false,0,0.30876,0,,,505,361,,,,entry,0,,,0.30876,1e-05,0,0,kRejected,,,,,,
bitget_lead_lag_top20_20260715T125649Z,52,2026-07-15 13:25:03.953555351,kBinance,411,1784121903952000000,1784121903953553535,1784121903953554001,1784121903953554800,1784121903952000000,1784121903953553535,11053520353833,1554800,1784121902194000000,1784121902195868531,370690629299,1759554800,TAC_USDT,411,kLead,kOpenShort,kSell,false,0,0.003047,0,,,466,799,,,,entry,0,,,0.003046,1e-06,1,0,kRejected,,,,,,
bitget_lead_lag_top20_20260715T125649Z,53,2026-07-15 13:25:03.954002830,kBinance,411,1784121903953000000,1784121903954001979,1784121903954002362,1784121903954002774,1784121903953000000,1784121903954001979,11053520353908,1002774,1784121902194000000,1784121902195868531,370690629299,1760002774,TAC_USDT,411,kLead,kOpenShort,kSell,false,0,0.003047,0,,,383,412,,,,entry,0,,,0.003046,1e-06,1,0,kRejected,,,,,,
bitget_lead_lag_top20_20260715T125649Z,54,2026-07-15 13:25:03.954005082,kBinance,411,1784121903953000000,1784121903954004188,1784121903954004642,1784121903954005026,1784121903953000000,1784121903954004188,11053520354004,1005026,1784121902194000000,1784121902195868531,370690629299,1760005026,TAC_USDT,411,kLead,kOpenShort,kSell,false,0,0.003047,0,,,454,384,,,,entry,0,,,0.003046,1e-06,1,0,kRejected,,,,,,
bitget_lead_lag_top20_20260715T125649Z,55,2026-07-15 13:25:03.954006092,kBinance,411,1784121903953000000,1784121903954004621,1784121903954005670,1784121903954006036,1784121903953000000,1784121903954004621,11053520354014,1006036,1784121902194000000,1784121902195868531,370690629299,1760006036,TAC_USDT,411,kLead,kOpenShort,kSell,false,0,0.003047,0,,,1049,366,,,,entry,0,,,0.003046,1e-06,1,0,kRejected,,,,,,
bitget_lead_lag_top20_20260715T125649Z,56,2026-07-15 13:25:48.390063810,kBinance,449,1784121948389000000,1784121948390061679,1784121948390062073,1784121948390063152,1784121948389000000,1784121948390061679,11053527751711,1063152,1784121948389000000,1784121948389968873,370691188193,1063152,VELVET_USDT,449,kLead,kOpenShort,kSell,false,0,0.5163,432345564227567633,,1784121948390081558,394,1079,18406,19879,1461278852631900160,entry,3,kEntrySubmit,kShort,0.51619,1e-05,11,10,kCancelled,0,0,,5330496,1784121948395811159,
bitget_lead_lag_top20_20260715T125649Z,57,2026-07-15 13:25:58.921331568,kBinance,347,1784121958920000000,1784121958921329449,1784121958921330062,1784121958921330884,1784121958920000000,1784121958921329449,11053528757888,1330884,1784121958919000000,1784121958919943176,657204043834,2330884,RAVE_USDT,347,kLead,kOpenShort,kSell,false,0,0.30546,432345564227567634,,1784121958921347374,613,822,16490,17925,1461278896802115587,entry,4,kEntrySubmit,kShort,0.30539,1e-05,6,17,kCancelled,0,0,,5432425,1784121958927148726,
bitget_lead_lag_top20_20260715T125649Z,58,2026-07-15 13:25:58.921351453,kBinance,347,1784121958920000000,1784121958921331982,1784121958921351004,1784121958921351394,1784121958920000000,1784121958921331982,11053528757960,1351394,1784121958919000000,1784121958919943176,657204043834,2351394,RAVE_USDT,347,kLead,kOpenShort,kSell,false,0,0.30546,0,,,19022,390,,,,entry,0,,,0.30546,1e-05,0,0,kRejected,,,,,,
bitget_lead_lag_top20_20260715T125649Z,59,2026-07-15 13:25:58.921829848,kBinance,347,1784121958921000000,1784121958921829143,1784121958921829516,1784121958921829794,1784121958921000000,1784121958921829143,11053528758001,829794,1784121958921000000,1784121958921636014,657204043845,829794,RAVE_USDT,347,kLead,kOpenShort,kSell,false,0,0.30546,0,,,373,278,,,,entry,0,,,0.30546,1e-05,0,0,kRejected,,,,,,
bitget_lead_lag_top20_20260715T125649Z,60,2026-07-15 13:30:40.382627486,kBinance,347,1784122240382000000,1784122240382625546,1784122240382625999,1784122240382626891,1784122240382000000,1784122240382625546,11053570722280,626891,1784122240285000000,1784122240286010750,657211763921,97626891,RAVE_USDT,347,kLead,kOpenLong,kBuy,false,0,0.30648,432345564227567635,,1784122240382644139,453,892,17248,18593,1461280077335113740,entry,5,kEntrySubmit,kLong,0.30654,1e-05,6,17,kCancelled,0,0,,5344931,1784122240388773524,
bitget_lead_lag_top20_20260715T125649Z,61,2026-07-15 13:30:40.383125633,kBinance,347,1784122240382000000,1784122240383124776,1784122240383125152,1784122240383125552,1784122240382000000,1784122240383124776,11053570722354,1125552,1784122240285000000,1784122240286010750,657211763921,98125552,RAVE_USDT,347,kLead,kOpenLong,kBuy,false,0,0.30648,0,,,376,400,,,,entry,0,,,0.30648,1e-05,0,0,kRejected,,,,,,
bitget_lead_lag_top20_20260715T125649Z,62,2026-07-15 13:32:33.040443583,kBinance,95,1784122353039000000,1784122353040441268,1784122353040441756,1784122353040442967,1784122353039000000,1784122353040441268,11053593232875,1442967,1784122352507000000,1784122352507704766,416758165839,533442967,BTW_USDT,95,kLead,kOpenShort,kSell,false,0,0.060389,0,,,488,1211,,,,entry,0,,,0.060376,1e-06,13,0,kRejected,,,,,,
bitget_lead_lag_top20_20260715T125649Z,63,2026-07-15 13:32:33.041365426,kBinance,95,1784122353040000000,1784122353041364379,1784122353041364967,1784122353041365348,1784122353040000000,1784122353041364379,11053593232998,1365348,1784122352507000000,1784122352507704766,416758165839,534365348,BTW_USDT,95,kLead,kOpenShort,kSell,false,0,0.060389,0,,,588,381,,,,entry,0,,,0.060376,1e-06,13,0,kRejected,,,,,,
bitget_lead_lag_top20_20260715T125649Z,64,2026-07-15 13:32:33.041889447,kBinance,95,1784122353041000000,1784122353041888546,1784122353041888953,1784122353041889382,1784122353041000000,1784122353041888546,11053593233064,889382,1784122353041000000,1784122353041606810,416758211959,889382,BTW_USDT,95,kLead,kOpenShort,kSell,false,0,0.060349,432345564227567636,,1784122353041904258,407,429,14876,15712,1461280549865402369,entry,1,kEntrySubmit,kShort,0.060336,1e-06,13,87,kCancelled,0,0,,5580496,1784122353047814753,
bitget_lead_lag_top20_20260715T125649Z,65,2026-07-15 13:34:17.508672791,kBinance,449,1784122457508000000,1784122457508671104,1784122457508671458,1784122457508672278,1784122457508000000,1784122457508671104,11053612363821,672278,1784122457506000000,1784122457507190525,370696050907,2672278,VELVET_USDT,449,kLead,kOpenLong,kBuy,false,0,0.51332,432345564227567637,,1784122457508690276,354,820,17998,19172,1461280988027564037,entry,4,kEntrySubmit,kLong,0.51343,1e-05,11,10,kCancelled,0,0,,5235166,1784122457514356139,
bitget_lead_lag_top20_20260715T125649Z,66,2026-07-15 13:36:09.761334148,kBinance,449,1784122569760000000,1784122569761332146,1784122569761332478,1784122569761333477,1784122569760000000,1784122569761332146,11053632682304,1333477,1784122568650000000,1784122568650727255,370697145274,1111333477,VELVET_USDT,449,kLead,kOpenShort,kSell,false,0,0.5133,0,,,332,999,,,,entry,0,,,0.51319,1e-05,11,0,kRejected,,,,,,
bitget_lead_lag_top20_20260715T125649Z,67,2026-07-15 13:36:09.761339940,kBinance,449,1784122569760000000,1784122569761334854,1784122569761339299,1784122569761339875,1784122569760000000,1784122569761334854,11053632682456,1339875,1784122568650000000,1784122568650727255,370697145274,1111339875,VELVET_USDT,449,kLead,kOpenShort,kSell,false,0,0.5133,0,,,4445,576,,,,entry,0,,,0.51319,1e-05,11,0,kRejected,,,,,,
bitget_lead_lag_top20_20260715T125649Z,68,2026-07-15 13:36:09.761631369,kBinance,449,1784122569760000000,1784122569761630454,1784122569761630877,1784122569761631304,1784122569760000000,1784122569761630454,11053632682545,1631304,1784122569761000000,1784122569761608330,370697155758,631304,VELVET_USDT,449,kLead,kOpenShort,kSell,false,0,0.5133,432345564227567638,,1784122569761645784,423,427,14480,15330,1461281458850770950,entry,5,kEntrySubmit,kShort,0.51319,1e-05,11,10,kCancelled,0,0,,5200891,1784122569767230709,
bitget_lead_lag_top20_20260715T125649Z,69,2026-07-15 13:36:09.761655643,kBinance,449,1784122569760000000,1784122569761630930,1784122569761655062,1784122569761655574,1784122569760000000,1784122569761630930,11053632682639,1655574,1784122569761000000,1784122569761640844,370697155772,655574,VELVET_USDT,449,kLead,kOpenShort,kSell,false,0,0.51306,0,,,24132,512,,,,entry,0,,,0.51306,1e-05,0,0,kRejected,,,,,,
bitget_lead_lag_top20_20260715T125649Z,70,2026-07-15 13:37:14.094443826,kBinance,316,1784122634093000000,1784122634094442193,1784122634094442695,1784122634094443287,1784122634093000000,1784122634094442193,11053643927046,1443287,1784122634094000000,1784122634094401307,198731504507,443287,ORDI_USDT,316,kLead,kOpenShort,kSell,false,0,3.535,432345564227567639,,1784122634094461326,502,592,18039,19133,1461281728682930188,entry,2,kEntrySubmit,kShort,3.534,0.001,1,1.49,kCancelled,0,0,,5462471,1784122634100172949,
bitget_lead_lag_top20_20260715T125649Z,71,2026-07-15 13:37:14.094465647,kBinance,316,1784122634094000000,1784122634094448143,1784122634094465072,1784122634094465578,1784122634094000000,1784122634094448143,11053643927134,465578,1784122634094000000,1784122634094401307,198731504507,465578,ORDI_USDT,316,kLead,kOpenShort,kSell,false,0,3.535,0,,,16929,506,,,,entry,0,,,3.535,0.001,0,0,kRejected,,,,,,
bitget_lead_lag_top20_20260715T125649Z,72,2026-07-15 13:37:14.096341079,kBinance,316,1784122634095000000,1784122634096339864,1784122634096340526,1784122634096341011,1784122634095000000,1784122634096339864,11053643927930,1341011,1784122634095000000,1784122634095927102,198731504786,1341011,ORDI_USDT,316,kLead,kOpenShort,kSell,false,0,3.532,0,,,662,485,,,,entry,0,,,3.532,0.001,0,0,kRejected,,,,,,
bitget_lead_lag_top20_20260715T125649Z,73,2026-07-15 13:38:42.936082264,kBinance,347,1784122722935000000,1784122722936080379,1784122722936080658,1784122722936081770,1784122722935000000,1784122722936080379,11053659829311,1081770,1784122722932000000,1784122722932745701,657227009611,4081770,RAVE_USDT,347,kLead,kOpenLong,kBuy,false,0,0.3103,0,,,279,1112,,,,entry,0,,,0.31036,1e-05,6,0,kRejected,,,,,,
bitget_lead_lag_top20_20260715T125649Z,74,2026-07-15 13:39:16.609802358,kBinance,316,1784122756609000000,1784122756609799987,1784122756609800643,1784122756609801639,1784122756609000000,1784122756609799987,11053665800083,801639,1784122756609000000,1784122756609612741,198731923948,801639,ORDI_USDT,316,kLead,kOpenLong,kBuy,false,0,3.535,432345564227567640,,1784122756609819977,656,996,18338,19990,1461282242548084752,entry,3,kEntrySubmit,kLong,3.536,0.001,1,1.49,kCancelled,0,0,,5522834,1784122756615766588,
bitget_lead_lag_top20_20260715T125649Z,75,2026-07-15 13:39:45.261449034,kBinance,211,1784122785260000000,1784122785261447159,1784122785261447582,1784122785261448328,1784122785260000000,1784122785261447159,11053670337564,1448328,1784122785145000000,1784122785145420297,370699117061,116448328,H_USDT,211,kLead,kOpenLong,kBuy,false,0,0.06689,432345564227567641,,1784122785261466744,423,746,18416,19585,1461282362723282944,entry,3,kEntrySubmit,kLong,0.06691,1e-05,2,79,kCancelled,0,0,,5322453,1784122785267296868,
bitget_lead_lag_top20_20260715T125649Z,76,2026-07-15 13:40:45.052352949,kBinance,449,1784122845051000000,1784122845052351332,1784122845052351695,1784122845052352407,1784122845051000000,1784122845052351332,11053681032535,1352407,1784122845051000000,1784122845052255207,370699685131,1352407,VELVET_USDT,449,kLead,kOpenLong,kBuy,false,0,0.51327,432345564227567642,,1784122845052370667,363,712,18260,19335,1461282613504913416,entry,6,kEntrySubmit,kLong,0.51338,1e-05,11,10,kCancelled,0,0,,5316344,1784122845058165622,
bitget_lead_lag_top20_20260715T125649Z,77,2026-07-15 13:40:45.052375107,kBinance,449,1784122845051000000,1784122845052352583,1784122845052374688,1784122845052375051,1784122845051000000,1784122845052352583,11053681032667,1375051,1784122845051000000,1784122845052255207,370699685131,1375051,VELVET_USDT,449,kLead,kOpenLong,kBuy,false,0,0.51327,0,,,22105,363,,,,entry,0,,,0.51327,1e-05,0,0,kRejected,,,,,,
bitget_lead_lag_top20_20260715T125649Z,78,2026-07-15 13:41:29.672180051,kBinance,347,1784122889671000000,1784122889672178544,1784122889672178943,1784122889672179628,1784122889671000000,1784122889672178544,11053688546041,1179628,1784122889671000000,1784122889671932448,657232366704,1179628,RAVE_USDT,347,kLead,kOpenShort,kSell,false,0,0.30628,432345564227567643,,1784122889672198560,399,685,18932,20016,1461282800654757888,entry,6,kEntrySubmit,kShort,0.30622,1e-05,6,17,kCancelled,0,0,,5275387,1784122889678001735,
bitget_lead_lag_top20_20260715T125649Z,79,2026-07-15 13:42:15.323002194,kBinance,411,1784122935322000000,1784122935323000103,1784122935323000628,1784122935323001679,1784122935322000000,1784122935323000103,11053696424420,1001679,1784122935322000000,1784122935322745964,370700508985,1001679,TAC_USDT,411,kLead,kOpenLong,kBuy,false,0,0.003015,432345564227567644,,1784122935323019787,525,1051,18108,19684,1461282992128929792,entry,2,kEntrySubmit,kLong,0.003016,1e-06,1,1745,kCancelled,0,0,,5363321,1784122935328978837,
bitget_lead_lag_top20_20260715T125649Z,80,2026-07-15 13:42:15.323502481,kBinance,411,1784122935322000000,1784122935323501578,1784122935323501999,1784122935323502413,1784122935322000000,1784122935323501578,11053696424443,1502413,1784122935323000000,1784122935323389387,370700508987,502413,TAC_USDT,411,kLead,kOpenLong,kBuy,false,0,0.003015,0,,,421,414,,,,entry,0,,,0.003015,1e-06,0,0,kRejected,,,,,,
bitget_lead_lag_top20_20260715T125649Z,81,2026-07-15 13:45:06.617111977,kBinance,411,1784123106616000000,1784123106617109348,1784123106617109793,1784123106617111281,1784123106616000000,1784123106617109348,11053723110346,1111281,1784123106615000000,1784123106615719989,370701934789,2111281,TAC_USDT,411,kLead,kOpenLong,kBuy,false,0,0.003056,432345564227567645,,1784123106617129662,445,1488,18381,20314,1461283710588039171,entry,3,kEntrySubmit,kLong,0.003057,1e-06,1,1721,kCancelled,0,0,,5309258,1784123106622899493,
bitget_lead_lag_top20_20260715T125649Z,82,2026-07-15 13:46:04.895068961,kBinance,347,1784123164894000000,1784123164895066825,1784123164895067254,1784123164895068443,1784123164894000000,1784123164895066825,11053733581628,1068443,1784123164894000000,1784123164894588432,657240937898,1068443,RAVE_USDT,347,kLead,kOpenShort,kSell,false,0,0.30829,432345564227567646,,1784123164895086468,429,1189,18025,19643,1461283955019493417,entry,7,kEntrySubmit,kShort,0.30822,1e-05,6,17,kCancelled,0,0,,5247977,1784123164900739648,
bitget_lead_lag_top20_20260715T125649Z,83,2026-07-15 13:46:04.896979267,kBinance,347,1784123164896000000,1784123164896978151,1784123164896978653,1784123164896979196,1784123164896000000,1784123164896978151,11053733582267,979196,1784123164894000000,1784123164894588432,657240937898,2979196,RAVE_USDT,347,kLead,kOpenShort,kSell,false,0,0.30829,0,,,502,543,,,,entry,0,,,0.30829,1e-05,0,0,kRejected,,,,,,
bitget_lead_lag_top20_20260715T125649Z,84,2026-07-15 13:46:04.896981362,kBinance,347,1784123164896000000,1784123164896979872,1784123164896980960,1784123164896981300,1784123164896000000,1784123164896979872,11053733582414,981300,1784123164894000000,1784123164894588432,657240937898,2981300,RAVE_USDT,347,kLead,kOpenShort,kSell,false,0,0.30829,0,,,1088,340,,,,entry,0,,,0.30829,1e-05,0,0,kRejected,,,,,,
bitget_lead_lag_top20_20260715T125649Z,85,2026-07-15 13:46:22.543583048,kBinance,480,1784123182542000000,1784123182543581290,1784123182543581715,1784123182543582533,1784123182542000000,1784123182543581290,11053737600324,1582533,1784123182528000000,1784123182529320013,416807075481,15582533,ZEC_USDT,480,kLead,kOpenShort,kSell,false,0,577.7,432345564227567647,,1784123182543600144,425,818,17611,18854,1461284029044764694,entry,2,kEntrySubmit,kShort,577.58,0.01,12,0.009,kCancelled,0,0,,5311202,1784123182549233839,
bitget_lead_lag_top20_20260715T125649Z,86,2026-07-15 13:47:20.220551676,kBinance,67,1784123240219000000,1784123240220549083,1784123240220549503,1784123240220551073,1784123240219000000,1784123240220549083,11053748002527,1551073,1784123237990000000,1784123237990990515,370703310474,2230551073,BAS_USDT,67,kLead,kOpenLong,kBuy,false,0,0.024933,0,,,420,1570,,,,entry,0,,,0.024939,1e-06,5,0,kRejected,,,,,,
bitget_lead_lag_top20_20260715T125649Z,87,2026-07-15 13:47:20.221023084,kBinance,67,1784123240220000000,1784123240221022349,1784123240221022649,1784123240221023014,1784123240220000000,1784123240221022349,11053748002595,1023014,1784123237990000000,1784123237990990515,370703310474,2231023014,BAS_USDT,67,kLead,kOpenLong,kBuy,false,0,0.024933,0,,,300,365,,,,entry,0,,,0.024939,1e-06,5,0,kRejected,,,,,,
bitget_lead_lag_top20_20260715T125649Z,88,2026-07-15 13:47:44.001517197,kBinance,67,1784123264000000000,1784123264001514925,1784123264001515378,1784123264001516745,1784123264000000000,1784123264001514925,11053753103158,1516745,1784123263666000000,1784123263666323752,370703698683,335516745,BAS_USDT,67,kLead,kOpenShort,kSell,false,0,0.025229,0,,,453,1367,,,,entry,0,,,0.025223,1e-06,5,0,kRejected,,,,,,
bitget_lead_lag_top20_20260715T125649Z,89,2026-07-15 13:47:44.002126670,kBinance,67,1784123264001000000,1784123264002125461,1784123264002125829,1784123264002126614,1784123264001000000,1784123264002125461,11053753103331,1126614,1784123263666000000,1784123263666323752,370703698683,336126614,BAS_USDT,67,kLead,kOpenShort,kSell,false,0,0.025229,0,,,368,785,,,,entry,0,,,0.025223,1e-06,5,0,kRejected,,,,,,
bitget_lead_lag_top20_20260715T125649Z,90,2026-07-15 13:47:44.002236128,kBinance,67,1784123264001000000,1784123264002235462,1784123264002235845,1784123264002236074,1784123264001000000,1784123264002235462,11053753103695,1236074,1784123263666000000,1784123263666323752,370703698683,336236074,BAS_USDT,67,kLead,kOpenShort,kSell,false,0,0.025229,0,,,383,229,,,,entry,0,,,0.025223,1e-06,5,0,kRejected,,,,,,
bitget_lead_lag_top20_20260715T125649Z,91,2026-07-15 13:47:44.002752121,kBinance,67,1784123264002000000,1784123264002751302,1784123264002751801,1784123264002752068,1784123264002000000,1784123264002751302,11053753103798,752068,1784123263666000000,1784123263666323752,370703698683,336752068,BAS_USDT,67,kLead,kOpenShort,kSell,false,0,0.025229,0,,,499,267,,,,entry,0,,,0.025223,1e-06,5,0,kRejected,,,,,,
bitget_lead_lag_top20_20260715T125649Z,92,2026-07-15 13:47:44.003220666,kBinance,67,1784123264002000000,1784123264003219943,1784123264003220308,1784123264003220611,1784123264002000000,1784123264003219943,11053753103927,1220611,1784123263666000000,1784123263666323752,370703698683,337220611,BAS_USDT,67,kLead,kOpenShort,kSell,false,0,0.025229,0,,,365,303,,,,entry,0,,,0.025223,1e-06,5,0,kRejected,,,,,,
bitget_lead_lag_top20_20260715T125649Z,93,2026-07-15 13:47:44.003224293,kBinance,67,1784123264002000000,1784123264003223512,1784123264003223942,1784123264003224239,1784123264002000000,1784123264003223512,11053753104061,1224239,1784123263666000000,1784123263666323752,370703698683,337224239,BAS_USDT,67,kLead,kOpenShort,kSell,false,0,0.025229,0,,,430,297,,,,entry,0,,,0.025223,1e-06,5,0,kRejected,,,,,,
bitget_lead_lag_top20_20260715T125649Z,94,2026-07-15 13:47:44.004120343,kBinance,67,1784123264003000000,1784123264004119531,1784123264004119888,1784123264004120288,1784123264003000000,1784123264004119531,11053753104265,1120288,1784123263666000000,1784123263666323752,370703698683,338120288,BAS_USDT,67,kLead,kOpenShort,kSell,false,0,0.025229,0,,,357,400,,,,entry,0,,,0.025223,1e-06,5,0,kRejected,,,,,,
bitget_lead_lag_top20_20260715T125649Z,95,2026-07-15 13:48:00.995370429,kBinance,347,1784123280994000000,1784123280995368619,1784123280995368973,1784123280995369968,1784123280994000000,1784123280995368619,11053756125588,1369968,1784123280995000000,1784123280995314842,657245653642,369968,RAVE_USDT,347,kLead,kOpenLong,kBuy,false,0,0.3059,432345564227567648,,1784123280995387335,354,995,17367,18716,1461284441982382083,entry,8,kEntrySubmit,kLong,0.30596,1e-05,6,17,kCancelled,0,0,,5357288,1784123281001270820,
bitget_lead_lag_top20_20260715T125649Z,96,2026-07-15 13:49:17.005284159,kBinance,449,1784123357004000000,1784123357005281716,1784123357005282269,1784123357005283651,1784123357004000000,1784123357005281716,11053771281575,1283651,1784123356110000000,1784123356110798061,370704854110,895283651,VELVET_USDT,449,kLead,kOpenShort,kSell,false,0,0.51453,0,,,553,1382,,,,entry,0,,,0.51441,1e-05,11,0,kRejected,,,,,,
bitget_lead_lag_top20_20260715T125649Z,97,2026-07-15 13:49:52.075376027,kBinance,449,1784123392074000000,1784123392075374444,1784123392075374724,1784123392075375624,1784123392074000000,1784123392075374444,11053777328675,1375624,1784123392065000000,1784123392065918492,370705266156,10375624,VELVET_USDT,449,kLead,kOpenShort,kSell,false,0,0.51192,432345564227567649,,1784123392075393133,280,900,17509,18689,1461284907885670402,entry,7,kEntrySubmit,kShort,0.5118,1e-05,11,10,kCancelled,0,0,,5413209,1784123392081384989,
bitget_lead_lag_top20_20260715T125649Z,98,2026-07-15 13:49:52.075398287,kBinance,449,1784123392074000000,1784123392075376346,1784123392075397706,1784123392075398201,1784123392074000000,1784123392075376346,11053777328862,1398201,1784123392074000000,1784123392075393755,370705266499,1398201,VELVET_USDT,449,kLead,kOpenShort,kSell,false,0,0.51192,0,,,21360,495,,,,entry,0,,,0.51192,1e-05,0,0,kRejected,,,,,,
bitget_lead_lag_top20_20260715T125649Z,99,2026-07-15 13:50:03.064617796,kBinance,480,1784123403063000000,1784123403064616266,1784123403064616505,1784123403064617518,1784123403063000000,1784123403064616266,11053779113062,1617518,1784123403064000000,1784123403064591303,416819566547,617518,ZEC_USDT,480,kLead,kOpenLong,kBuy,false,0,575.22,432345564227567650,,1784123403064635207,239,1013,17689,18941,1461284953976877079,entry,3,kEntrySubmit,kLong,575.34,0.01,12,0.009,kCancelled,0,0,,5440096,1784123403070581507,
bitget_lead_lag_top20_20260715T125649Z,100,2026-07-15 13:50:03.064791789,kBinance,480,1784123403064000000,1784123403064790839,1784123403064791291,1784123403064791704,1784123403064000000,1784123403064790839,11053779113233,791704,1784123403064000000,1784123403064591303,416819566547,791704,ZEC_USDT,480,kLead,kOpenLong,kBuy,false,0,575.22,0,,,452,413,,,,entry,0,,,575.22,0.01,0,0,kRejected,,,,,,
bitget_lead_lag_top20_20260715T125649Z,101,2026-07-15 13:50:03.064793719,kBinance,480,1784123403064000000,1784123403064791745,1784123403064793347,1784123403064793645,1784123403064000000,1784123403064791745,11053779113279,793645,1784123403064000000,1784123403064591303,416819566547,793645,ZEC_USDT,480,kLead,kOpenLong,kBuy,false,0,575.22,0,,,1602,298,,,,entry,0,,,575.22,0.01,0,0,kRejected,,,,,,
bitget_lead_lag_top20_20260715T125649Z,102,2026-07-15 13:50:10.437167884,kBinance,347,1784123410436000000,1784123410437166090,1784123410437166652,1784123410437167508,1784123410436000000,1784123410437166090,11053780855908,1167508,1784123410435000000,1784123410436956521,657250541723,2167508,RAVE_USDT,347,kLead,kOpenLong,kBuy,false,0,0.30125,432345564227567651,,1784123410437184644,562,856,17136,18554,1461284984909869059,entry,9,kEntrySubmit,kLong,0.30131,1e-05,6,17,kCancelled,0,0,,0,1784123410445062545,
bitget_lead_lag_top20_20260715T125649Z,103,2026-07-15 13:50:10.439286605,kBinance,347,1784123410438000000,1784123410439285657,1784123410439286179,1784123410439286529,1784123410438000000,1784123410439285657,11053780857545,1286529,1784123410436000000,1784123410438405886,657250541995,3286529,RAVE_USDT,347,kLead,kOpenLong,kBuy,false,0,0.30125,0,,,522,350,,,,entry,0,,,0.30125,1e-05,0,0,kRejected,,,,,,
bitget_lead_lag_top20_20260715T125649Z,104,2026-07-15 13:50:11.748414181,kBinance,347,1784123411747000000,1784123411748412743,1784123411748413104,1784123411748413806,1784123411747000000,1784123411748412743,11053781325533,1413806,1784123411747000000,1784123411747930824,657250603073,1413806,RAVE_USDT,347,kLead,kOpenShort,kSell,false,0,0.29991,432345564227567652,,1784123411748426957,361,702,13151,14214,1461284990400213014,entry,10,kEntrySubmit,kShort,0.29984,1e-05,6,17,kCancelled,0,0,,5464431,1784123411754519597,
bitget_lead_lag_top20_20260715T125649Z,105,2026-07-15 13:50:19.885927438,kBinance,316,1784123419885000000,1784123419885925293,1784123419885925725,1784123419885927043,1784123419885000000,1784123419885925293,11053783049621,927043,1784123419707000000,1784123419707725873,198734435751,178927043,ORDI_USDT,316,kLead,kOpenShort,kSell,false,0,3.535,432345564227567653,,1784123419885944388,432,1318,17345,19095,1461285024529264646,entry,4,kEntrySubmit,kShort,3.534,0.001,1,1.49,kCancelled,0,0,,5325285,1784123419891771341,
bitget_lead_lag_top20_20260715T125649Z,106,2026-07-15 13:50:19.886377217,kBinance,316,1784123419885000000,1784123419886376246,1784123419886376639,1784123419886377149,1784123419885000000,1784123419886376246,11053783049693,1377149,1784123419707000000,1784123419707725873,198734435751,179377149,ORDI_USDT,316,kLead,kOpenShort,kSell,false,0,3.535,0,,,393,510,,,,entry,0,,,3.535,0.001,0,0,kRejected,,,,,,
bitget_lead_lag_top20_20260715T125649Z,107,2026-07-15 13:50:19.886378846,kBinance,316,1784123419885000000,1784123419886377537,1784123419886378461,1784123419886378781,1784123419885000000,1784123419886377537,11053783049728,1378781,1784123419707000000,1784123419707725873,198734435751,179378781,ORDI_USDT,316,kLead,kOpenShort,kSell,false,0,3.535,0,,,924,320,,,,entry,0,,,3.535,0.001,0,0,kRejected,,,,,,
bitget_lead_lag_top20_20260715T125649Z,108,2026-07-15 13:50:19.886706347,kBinance,316,1784123419886000000,1784123419886705435,1784123419886705942,1784123419886706284,1784123419886000000,1784123419886705435,11053783049827,706284,1784123419707000000,1784123419707725873,198734435751,179706284,ORDI_USDT,316,kLead,kOpenShort,kSell,false,0,3.535,0,,,507,342,,,,entry,0,,,3.535,0.001,0,0,kRejected,,,,,,
bitget_lead_lag_top20_20260715T125649Z,109,2026-07-15 13:50:19.887107870,kBinance,316,1784123419886000000,1784123419887107048,1784123419887107476,1784123419887107805,1784123419886000000,1784123419887107048,11053783049978,1107805,1784123419707000000,1784123419707725873,198734435751,180107805,ORDI_USDT,316,kLead,kOpenShort,kSell,false,0,3.535,0,,,428,329,,,,entry,0,,,3.535,0.001,0,0,kRejected,,,,,,
bitget_lead_lag_top20_20260715T125649Z,110,2026-07-15 13:52:25.413257196,kBinance,449,1784123545412000000,1784123545413254770,1784123545413255276,1784123545413256796,1784123545412000000,1784123545413254770,11053805665012,1256796,1784123545163000000,1784123545163891115,370706845229,250256796,VELVET_USDT,449,kLead,kOpenLong,kBuy,false,0,0.51139,0,,,506,1520,,,,entry,0,,,0.5115,1e-05,11,0,kRejected,,,,,,
bitget_lead_lag_top20_20260715T125649Z,111,2026-07-15 13:52:33.152343150,kBinance,449,1784123553151000000,1784123553152340728,1784123553152341379,1784123553152342766,1784123553151000000,1784123553152340728,11053806998313,1342766,1784123553151000000,1784123553152262960,370706917326,1342766,VELVET_USDT,449,kLead,kOpenLong,kBuy,false,0,0.5116,432345564227567654,,1784123553152360270,651,1387,17504,19542,1461285583491575810,entry,8,kEntrySubmit,kLong,0.51172,1e-05,11,10,kCancelled,0,0,,5461811,1784123553158185986,
bitget_lead_lag_top20_20260715T125649Z,112,2026-07-15 13:52:33.294505462,kBinance,67,1784123553293000000,1784123553294504290,1784123553294504684,1784123553294505401,1784123553293000000,1784123553294504290,11053807016207,1505401,1784123553293000000,1784123553293514310,370706919176,1505401,BAS_USDT,67,kLead,kOpenLong,kBuy,false,0,0.024974,432345564227567655,,1784123553294508091,394,717,2690,3801,1461285584087166985,entry,1,kEntrySubmit,kLong,0.02498,1e-06,5,211,kCancelled,0,0,,5471208,1784123553300547135,
bitget_lead_lag_top20_20260715T125649Z,113,2026-07-15 13:52:39.622943182,kBinance,449,1784123559622000000,1784123559622941552,1784123559622942019,1784123559622942793,1784123559622000000,1784123559622941552,11053808235681,942793,1784123559622000000,1784123559622730777,370706986767,942793,VELVET_USDT,449,kLead,kOpenShort,kSell,false,0,0.51086,432345564227567656,,1784123559622960432,467,774,17639,18880,1461285610628722702,entry,9,kEntrySubmit,kShort,0.51075,1e-05,11,10,kCancelled,0,0,,5358534,1784123559628850132,
bitget_lead_lag_top20_20260715T125649Z,114,2026-07-15 13:52:43.798468197,kBinance,67,1784123563797000000,1784123563798466330,1784123563798466877,1784123563798467643,1784123563797000000,1784123563798466330,11053808940431,1467643,1784123563798000000,1784123563798384825,370707030521,467643,BAS_USDT,67,kLead,kOpenShort,kSell,false,0,0.024983,432345564227567657,,1784123563798485500,547,766,17857,19170,1461285628144136194,entry,2,kEntrySubmit,kShort,0.024977,1e-06,5,211,kCancelled,0,0,,5277431,1784123563804200029,
bitget_lead_lag_top20_20260715T125649Z,115,2026-07-15 13:55:05.550327086,kBinance,449,1784123705549000000,1784123705550325479,1784123705550325817,1784123705550326668,1784123705549000000,1784123705550325479,11053831531875,1326668,1784123705093000000,1784123705093261908,370708321997,457326668,VELVET_USDT,449,kLead,kOpenLong,kBuy,false,0,0.51221,0,,,338,851,,,,entry,0,,,0.51233,1e-05,11,0,kRejected,,,,,,
bitget_lead_lag_top20_20260715T125649Z,116,2026-07-15 13:55:05.550332188,kBinance,449,1784123705549000000,1784123705550326001,1784123705550331657,1784123705550332114,1784123705549000000,1784123705550326001,11053831531933,1332114,1784123705093000000,1784123705093261908,370708321997,457332114,VELVET_USDT,449,kLead,kOpenLong,kBuy,false,0,0.51221,0,,,5656,457,,,,entry,0,,,0.51233,1e-05,11,0,kRejected,,,,,,
bitget_lead_lag_top20_20260715T125649Z,117,2026-07-15 13:55:05.550905617,kBinance,449,1784123705550000000,1784123705550904733,1784123705550905110,1784123705550905551,1784123705550000000,1784123705550904733,11053831532046,905551,1784123705093000000,1784123705093261908,370708321997,457905551,VELVET_USDT,449,kLead,kOpenLong,kBuy,false,0,0.51221,0,,,377,441,,,,entry,0,,,0.51233,1e-05,11,0,kRejected,,,,,,
