exchange,symbol,exchange_symbol,vol_30m_bps,vol_60m_bps,quote_volume_30m,quote_volume_60m,volume_30m,volume_60m,valid_30m,valid_60m,close_count,latest_closed_open_time_ms,reference_price,latest_close
binance,0G_USDT,0GUSDT,46.060162,55.301142,36828.541900,103803.425400,89448.000000,252463.000000,true,true,121,1780406220000,0.412800,0.412800
binance,1INCH_USDT,1INCHUSDT,51.978020,76.439940,31642.785300,49110.706700,377344.000000,586082.000000,true,true,121,1780406220000,0.084000,0.084000
binance,2Z_USDT,2ZUSDT,44.701522,67.428688,16084.460360,32960.012090,193115.000000,395661.000000,true,true,120,1780406220000,0.083350,0.083350
binance,4_USDT,4USDT,62.578645,82.652720,23190.193090,49347.760929,2622933.000000,5584651.000000,true,true,120,1780406220000,0.008857,0.008857
binance,AAVE_USDT,AAVEUSDT,46.953859,64.468160,1090933.851000,2138335.438000,14066.800000,27621.800000,true,true,120,1780406220000,77.570000,77.570000
binance,ACE_USDT,ACEUSDT,49.729361,72.465395,25334.727247,43229.296860,219332.820000,374175.380000,true,true,121,1780406220000,0.115400,0.115400
binance,ACH_USDT,ACHUSDT,78.658243,93.701751,66797.105209,102260.756589,10692290.000000,16407113.000000,true,true,121,1780406220000,0.006252,0.006252
binance,ACT_USDT,ACTUSDT,78.734127,97.044490,59087.118180,76245.822830,4995759.000000,6447322.000000,true,true,121,1780406220000,0.011890,0.011890
binance,ACU_USDT,ACUUSDT,122.748602,148.380487,48152.015450,73267.969430,524124.000000,797888.000000,true,true,120,1780406220000,0.091280,0.091280
binance,ADA_USDT,ADAUSDT,49.336991,65.532885,4052400.473600,7602412.237600,18175340.000000,34146506.000000,true,true,121,1780406220000,0.223200,0.223200
binance,AERO_USDT,AEROUSDT,57.919051,72.767534,100742.876870,163572.030020,259591.700000,421576.200000,true,true,120,1780406220000,0.388100,0.388100
binance,AEVO_USDT,AEVOUSDT,54.504429,84.468679,24103.419027,41428.860857,1007570.100000,1729295.700000,true,true,121,1780406220000,0.023940,0.023940
binance,AGLD_USDT,AGLDUSDT,70.599789,97.629039,27640.414100,52898.921400,126896.000000,243315.000000,true,true,121,1780406220000,0.218400,0.218400
binance,AGT_USDT,AGTUSDT,88.025238,113.880091,27904.899982,46165.310562,2209331.000000,3663335.000000,true,true,121,1780406220000,0.012579,0.012579
binance,AIA_USDT,AIAUSDT,196.029917,230.016791,403879.042330,554923.869260,5712364.000000,7797029.000000,true,true,120,1780406220000,0.070500,0.070500
binance,AIGENSYN_USDT,AIGENSYNUSDT,112.347378,169.123677,451798.917550,832891.227390,15072200.000000,27762465.000000,true,true,121,1780406220000,0.029720,0.029720
binance,AIN_USDT,AINUSDT,234.963986,241.745230,65923.255990,71431.993350,884098.000000,959483.000000,true,true,120,1780406220000,0.075960,0.075960
binance,AIOT_USDT,AIOTUSDT,102.736008,127.273512,68013.167130,102789.193650,1120019.000000,1697619.000000,true,true,120,1780406220000,0.060850,0.060850
binance,AIO_USDT,AIOUSDT,117.468741,255.303319,84946.489090,237070.929570,875531.000000,2416285.000000,true,true,121,1780406220000,0.097260,0.097260
binance,AIXBT_USDT,AIXBTUSDT,177.358975,196.849790,314316.891870,364476.880540,11051603.000000,12849671.000000,true,true,120,1780406220000,0.028750,0.028750
binance,AKE_USDT,AKEUSDT,60.941197,86.613463,10168.633774,20835.939262,31043304.000000,63661019.000000,true,true,120,1780406220000,0.000329,0.000329
binance,AKT_USDT,AKTUSDT,103.567619,153.762348,45474.793070,147444.299790,59260.100000,192908.000000,true,true,120,1780406220000,0.765100,0.765100
binance,ALCH_USDT,ALCHUSDT,46.794122,74.511784,12924.949000,27573.183680,177860.000000,379220.000000,true,true,121,1780406220000,0.072710,0.072710
binance,ALGO_USDT,ALGOUSDT,55.941533,85.449842,667820.916780,1070843.402330,5630926.600000,9048948.300000,true,true,121,1780406220000,0.119000,0.119000
binance,ALICE_USDT,ALICEUSDT,72.239241,89.675344,40842.695560,74257.723390,334162.900000,607947.400000,true,true,121,1780406220000,0.122400,0.122400
binance,ALLO_USDT,ALLOUSDT,159.367832,202.994676,1045873.476240,2019307.396100,6350609.000000,12195333.000000,true,true,120,1780406220000,0.165820,0.165820
binance,ALL_USDT,ALLUSDT,36.924020,53.463600,4008.304000,11774.019700,7295.000000,21433.000000,true,true,121,1780406220000,0.550100,0.550100
binance,ALPINE_USDT,ALPINEUSDT,62.136520,87.142459,23820.891720,50077.992960,56604.800000,118742.400000,true,true,120,1780406220000,0.421800,0.421800
binance,ALT_USDT,ALTUSDT,68.623840,102.451651,69981.530991,187537.606737,10000913.000000,26833186.000000,true,true,120,1780406220000,0.006994,0.006994
binance,ANIME_USDT,ANIMEUSDT,44.459671,58.503348,20948.964920,41791.490199,5442794.000000,10873061.000000,true,true,121,1780406220000,0.003861,0.003861
binance,ANKR_USDT,ANKRUSDT,42.144180,60.534828,11677.377504,32773.514389,2579424.000000,7247638.000000,true,true,120,1780406220000,0.004533,0.004533
binance,APE_USDT,APEUSDT,62.917066,107.786568,156988.600400,360747.302100,1060316.000000,2435448.000000,true,true,120,1780406220000,0.148200,0.148200
binance,API3_USDT,API3USDT,39.598725,53.328455,24238.732500,50041.381050,79967.500000,165213.100000,true,true,121,1780406220000,0.303400,0.303400
binance,APR_USDT,APRUSDT,90.728087,93.891148,104545.186920,127725.183920,600325.000000,732997.000000,true,true,120,1780406220000,0.174430,0.174430
binance,APT_USDT,APTUSDT,76.486604,99.682481,718227.520760,1157349.462890,788712.900000,1272359.800000,true,true,120,1780406220000,0.913100,0.913100
binance,ARB_USDT,ARBUSDT,70.514694,98.241930,700511.362540,1405055.015000,7128262.600000,14308406.500000,true,true,121,1780406220000,0.098400,0.098400
binance,ARC_USDT,ARCUSDT,21.838649,38.112529,44060.337270,104018.045010,600246.000000,1416978.000000,true,true,120,1780406220000,0.073450,0.073450
binance,ARIA_USDT,ARIAUSDT,111.048319,152.514570,35040.990400,59226.587000,917648.000000,1549783.000000,true,true,121,1780406220000,0.038200,0.038200
binance,ARKM_USDT,ARKMUSDT,137.396203,176.436923,198776.915800,360965.954200,1358905.000000,2475592.000000,true,true,120,1780406220000,0.148000,0.148000
binance,ARK_USDT,ARKUSDT,50.616548,70.044384,10156.858400,27025.458100,65805.000000,174997.000000,true,true,121,1780406220000,0.154400,0.154400
binance,ARPA_USDT,ARPAUSDT,57.288554,77.329784,15487.037690,25169.708750,1544280.000000,2511370.000000,true,true,120,1780406220000,0.010040,0.010040
binance,AR_USDT,ARUSDT,107.850345,138.930993,492982.956200,737214.856700,210430.500000,315790.300000,true,true,120,1780406220000,2.359000,2.359000
binance,ASR_USDT,ASRUSDT,84.863561,118.038533,23452.337800,59661.037200,23608.700000,59902.300000,true,true,121,1780406220000,0.993000,0.993000
binance,ASTER_USDT,ASTERUSDT,34.999566,57.919188,1881485.413100,6108547.206000,2769037.000000,8973098.000000,true,true,120,1780406220000,0.679300,0.679300
binance,ASTR_USDT,ASTRUSDT,53.934727,66.649519,28848.931019,40095.040065,4026930.000000,5597634.000000,true,true,120,1780406220000,0.007177,0.007177
binance,ATH_USDT,ATHUSDT,73.501667,107.267899,31192.465286,66710.803294,5295889.000000,11346409.000000,true,true,120,1780406220000,0.005899,0.005899
binance,ATOM_USDT,ATOMUSDT,38.905209,66.442359,301983.623050,562901.935010,159807.010000,298226.430000,true,true,120,1780406220000,1.891000,1.891000
binance,AT_USDT,ATUSDT,22.951107,37.323276,12139.634750,32852.479950,101876.000000,275145.000000,true,true,120,1780406220000,0.119160,0.119160
binance,AUCTION_USDT,AUCTIONUSDT,31.985964,46.351864,7671.427990,18402.231170,1717.960000,4123.020000,true,true,120,1780406220000,4.470000,4.470000
binance,AVAAI_USDT,AVAAIUSDT,143.049967,200.518616,124510.675953,205896.942987,18862869.000000,30981545.000000,true,true,121,1780406220000,0.006609,0.006609
binance,AVAX_USDT,AVAXUSDT,40.854269,55.945771,2840367.111000,5011422.513000,326748.000000,576587.000000,true,true,120,1780406220000,8.705000,8.705000
binance,AVA_USDT,AVAUSDT,47.129248,61.484470,12253.166390,20735.489710,56609.600000,95805.100000,true,true,120,1780406220000,0.216700,0.216700
binance,AVNT_USDT,AVNTUSDT,76.941590,103.273993,133740.652300,210711.291700,990605.000000,1565775.000000,true,true,120,1780406220000,0.135900,0.135900
binance,AWE_USDT,AWEUSDT,116.321453,131.373708,92666.180960,122834.154720,1681075.000000,2226626.000000,true,true,120,1780406220000,0.055550,0.055550
binance,AXS_USDT,AXSUSDT,187.582264,209.286027,1497352.636000,2152804.564000,1251981.000000,1804467.000000,true,true,120,1780406220000,1.198000,1.198000
binance,AZTEC_USDT,AZTECUSDT,120.720278,163.559671,100672.349000,193137.164240,4270457.000000,8176143.000000,true,true,120,1780406220000,0.023620,0.023620
binance,A_USDT,AUSDT,54.043563,84.926345,30534.997470,125914.009720,407018.000000,1675898.000000,true,true,120,1780406220000,0.075200,0.075200
binance,B2_USDT,B2USDT,34.347570,62.426427,12911.278200,29762.147500,26563.000000,61186.000000,true,true,120,1780406220000,0.486600,0.486600
binance,BABY_USDT,BABYUSDT,73.463800,93.269215,113498.930850,186825.787550,8185074.000000,13451160.000000,true,true,120,1780406220000,0.013970,0.013970
binance,BANANAS31_USDT,BANANAS31USDT,43.917524,70.892960,42587.984432,80030.333788,3928590.000000,7386499.000000,true,true,120,1780406220000,0.010838,0.010838
binance,BANANA_USDT,BANANAUSDT,38.882352,57.326131,16398.648400,30851.046100,4590.700000,8630.500000,true,true,120,1780406220000,3.578000,3.578000
binance,BAND_USDT,BANDUSDT,35.186158,65.890133,26255.141850,51234.382680,126891.000000,247918.600000,true,true,120,1780406220000,0.206800,0.206800
binance,BANK_USDT,BANKUSDT,216.501084,221.460901,177327.149260,203333.122470,5041523.000000,5793099.000000,true,true,120,1780406220000,0.035390,0.035390
binance,BAN_USDT,BANUSDT,58.724181,77.446849,23711.766170,31977.348030,320614.000000,432380.000000,true,true,120,1780406220000,0.074300,0.074300
binance,BARD_USDT,BARDUSDT,58.640244,78.283554,55912.062300,82255.829600,303214.000000,446563.000000,true,true,120,1780406220000,0.185100,0.185100
binance,BASED_USDT,BASEDUSDT,89.896924,155.645136,183324.841640,760776.076090,2646618.000000,10915272.000000,true,true,120,1780406220000,0.069410,0.069410
binance,BAS_USDT,BASUSDT,108.172933,140.508418,90065.812396,197285.700554,3776678.000000,8256558.000000,true,true,120,1780406220000,0.023854,0.023854
binance,BAT_USDT,BATUSDT,46.215034,69.307137,34882.003710,84305.229140,329065.800000,794981.600000,true,true,120,1780406220000,0.106100,0.106100
binance,BB_USDT,BBUSDT,57.973636,91.101354,34465.282050,76543.992190,1276715.000000,2841652.000000,true,true,120,1780406220000,0.026970,0.026970
binance,BCH_USDT,BCHUSDT,54.375122,69.982422,1380781.225900,2891024.360620,4840.304000,10164.478000,true,true,120,1780406220000,286.080000,286.080000
binance,BEAMX_USDT,BEAMXUSDT,41.476469,67.202799,29437.695424,47443.212426,17268079.000000,27841712.000000,true,true,120,1780406220000,0.001709,0.001709
binance,BEAT_USDT,BEATUSDT,129.753970,196.195564,265447.354000,672575.192900,239584.000000,606852.000000,true,true,120,1780406220000,1.105500,1.105500
binance,BEL_USDT,BELUSDT,52.298776,77.750914,19126.819500,27178.632600,189072.000000,268590.000000,true,true,120,1780406220000,0.101300,0.101300
binance,BERA_USDT,BERAUSDT,53.434899,74.991604,129280.301370,252635.598830,375845.700000,735042.100000,true,true,120,1780406220000,0.344000,0.344000
binance,BICO_USDT,BICOUSDT,60.116219,77.355155,15357.683900,27219.773480,640127.000000,1135192.000000,true,true,120,1780406220000,0.024050,0.024050
binance,BIGTIME_USDT,BIGTIMEUSDT,63.862070,80.977276,49109.853750,63082.640150,4395309.000000,5644008.000000,true,true,120,1780406220000,0.011200,0.011200
binance,BILL_USDT,BILLUSDT,1169.006807,1235.654225,13161586.615310,15924465.044460,150822912.000000,179601843.000000,true,true,120,1780406220000,0.084110,0.084110
binance,BIO_USDT,BIOUSDT,407.978342,439.199554,4116812.119940,5158508.653720,124238252.000000,156619625.000000,true,true,120,1780406220000,0.032620,0.032620
binance,BIRB_USDT,BIRBUSDT,63.614160,77.958414,20733.112190,28172.678640,219405.000000,298295.000000,true,true,120,1780406220000,0.094960,0.094960
binance,BLESS_USDT,BLESSUSDT,80.388874,126.294214,30028.406276,58700.680317,5838824.000000,11410062.000000,true,true,120,1780406220000,0.005158,0.005158
binance,BLUAI_USDT,BLUAIUSDT,600.184307,609.103379,648065.613643,710264.932713,51764575.000000,56549854.000000,true,true,120,1780406220000,0.012151,0.012151
binance,BLUR_USDT,BLURUSDT,56.502726,77.516410,46477.946380,108792.678360,2235691.000000,5243847.000000,true,true,120,1780406220000,0.020830,0.020830
binance,BMT_USDT,BMTUSDT,66.954064,87.097232,8808.099960,20209.126770,567093.000000,1300316.000000,true,true,120,1780406220000,0.015550,0.015550
binance,BNB_USDT,BNBUSDT,38.089528,52.051551,24504405.015100,32625176.280900,36241.740000,48217.340000,true,true,120,1780406220000,676.240000,676.240000
binance,BNT_USDT,BNTUSDT,42.500816,63.527210,7096.969400,14636.164200,22420.000000,46258.000000,true,true,120,1780406220000,0.317100,0.317100
binance,BOME_USDT,BOMEUSDT,61.705391,97.747405,81925.618082,176237.902258,160882881.000000,347353316.000000,true,true,120,1780406220000,0.000512,0.000512
binance,BRETT_USDT,BRETTUSDT,68.777479,104.814772,37345.366742,61010.633161,5562726.000000,9100395.000000,true,true,120,1780406220000,0.006719,0.006719
binance,BREV_USDT,BREVUSDT,54.886121,81.347791,28071.269400,62879.123400,272387.000000,610424.000000,true,true,120,1780406220000,0.103400,0.103400
binance,BROCCOLIF3B_USDT,BROCCOLIF3BUSDT,90.420775,125.315188,10445.059362,18204.597171,1880570.000000,3277128.000000,true,true,120,1780406220000,0.005569,0.005569
binance,BR_USDT,BRUSDT,62.472648,78.739867,15461.637580,33288.742590,132903.000000,287283.000000,true,true,120,1780406220000,0.116100,0.116100
binance,BSB_USDT,BSBUSDT,159.966837,230.819939,573983.866600,1556882.667900,2114581.000000,5700213.000000,true,true,120,1780406220000,0.270050,0.270050
binance,BSV_USDT,BSVUSDT,62.407787,97.274729,42439.247000,188206.021000,2906.100000,12819.300000,true,true,120,1780406220000,14.630000,14.630000
binance,BTC_USDT,BTCUSDT,36.984246,46.003428,732581520.556400,1202833415.755500,10613.647000,17410.605000,true,true,120,1780406220000,68954.500000,68954.500000
binance,BTR_USDT,BTRUSDT,50.750785,84.148836,18596.642500,38999.122350,757730.000000,1593003.000000,true,true,120,1780406220000,0.024590,0.024590
binance,BULLA_USDT,BULLAUSDT,50.556450,73.584715,21510.456369,40077.717141,3929909.000000,7334614.000000,true,true,120,1780406220000,0.005472,0.005472
binance,B_USDT,BUSDT,73.685057,92.793567,117011.524100,159994.576000,486427.000000,666578.000000,true,true,120,1780406220000,0.242700,0.242700
binance,C98_USDT,C98USDT,62.999893,85.323511,13610.966680,23266.065310,732416.000000,1252816.000000,true,true,120,1780406220000,0.018620,0.018620
binance,CAKE_USDT,CAKEUSDT,64.159590,74.863511,205978.053600,313552.169400,146793.000000,223082.000000,true,true,120,1780406220000,1.404000,1.404000
binance,CARV_USDT,CARVUSDT,35.631316,77.291560,4510.339190,8774.318310,90407.000000,175962.000000,true,true,120,1780406220000,0.049900,0.049900
binance,CATI_USDT,CATIUSDT,104.535474,374.817475,216282.113440,1736681.284250,4388628.000000,34429474.000000,true,true,120,1780406220000,0.048760,0.048760
binance,CC_USDT,CCUSDT,44.400177,60.676513,82347.082080,212031.868990,529958.000000,1369044.000000,true,true,120,1780406220000,0.155560,0.155560
binance,CELO_USDT,CELOUSDT,48.276751,68.160211,20957.889579,32891.873253,287258.200000,450945.900000,true,true,120,1780406220000,0.073110,0.073110
binance,CELR_USDT,CELRUSDT,55.866525,84.282185,14277.646060,23382.765679,5490619.000000,8988927.000000,true,true,120,1780406220000,0.002604,0.002604
binance,CETUS_USDT,CETUSUSDT,66.671162,84.694495,12491.053530,17751.400840,553898.000000,787928.000000,true,true,120,1780406220000,0.022590,0.022590
binance,CFG_USDT,CFGUSDT,94.032085,148.353375,204607.887600,414563.181600,795952.000000,1614712.000000,true,true,120,1780406220000,0.256500,0.256500
binance,CFX_USDT,CFXUSDT,60.785857,75.676959,86998.979860,137726.649080,1668468.000000,2643561.000000,true,true,120,1780406220000,0.052200,0.052200
binance,CGPT_USDT,CGPTUSDT,60.311915,115.819036,21836.464070,59383.971770,877285.000000,2393844.000000,true,true,120,1780406220000,0.025010,0.025010
binance,CHILLGUY_USDT,CHILLGUYUSDT,81.572463,112.983940,9656.879639,16939.218618,1021875.000000,1791609.000000,true,true,120,1780406220000,0.009437,0.009437
binance,CHIP_USDT,CHIPUSDT,267.331100,385.977478,3155407.633580,8012843.298890,73016106.000000,184524954.000000,true,true,120,1780406220000,0.043440,0.043440
binance,CHR_USDT,CHRUSDT,46.783676,98.812646,18365.832370,75824.212090,867672.000000,3577613.000000,true,true,120,1780406220000,0.021170,0.021170
binance,CHZ_USDT,CHZUSDT,67.575016,98.105787,587864.388720,1140726.697910,16530731.000000,32130631.000000,true,true,120,1780406220000,0.035730,0.035730
binance,CKB_USDT,CKBUSDT,54.941339,79.393321,19996.249119,44424.127154,15847706.000000,35280990.000000,true,true,120,1780406220000,0.001265,0.001265
binance,CLANKER_USDT,CLANKERUSDT,41.443235,60.484744,11205.743000,16805.121600,604.770000,906.030000,true,true,120,1780406220000,18.550000,18.550000
binance,CLO_USDT,CLOUSDT,220.626925,306.907272,700834.217570,1308666.736740,5246013.000000,9866978.000000,true,true,120,1780406220000,0.133990,0.133990
binance,COAI_USDT,COAIUSDT,74.934130,121.526308,30926.278600,108530.454500,105642.000000,370914.000000,true,true,120,1780406220000,0.293800,0.293800
binance,COLLECT_USDT,COLLECTUSDT,148.366805,174.005634,144392.913100,237871.481020,2359474.000000,3900933.000000,true,true,120,1780406220000,0.060110,0.060110
binance,COMP_USDT,COMPUSDT,45.041946,61.765479,47195.964870,71817.690100,2657.836000,4049.256000,true,true,120,1780406220000,17.810000,17.810000
binance,COOKIE_USDT,COOKIEUSDT,55.918484,88.108656,21753.694630,38914.798680,1687529.000000,3011680.000000,true,true,120,1780406220000,0.012930,0.012930
binance,COS_USDT,COSUSDT,62.845341,71.709097,29169.257954,45449.478419,25199060.000000,39251756.000000,true,true,120,1780406220000,0.001164,0.001164
binance,COTI_USDT,COTIUSDT,63.336631,91.071954,28904.709220,54597.760460,2304627.000000,4358670.000000,true,true,120,1780406220000,0.012510,0.012510
binance,COW_USDT,COWUSDT,58.630186,92.040582,58825.861600,116104.772000,357931.000000,706179.000000,true,true,120,1780406220000,0.164800,0.164800
binance,CROSS_USDT,CROSSUSDT,109.776810,169.598605,36861.213290,89329.403330,357990.000000,865468.000000,true,true,120,1780406220000,0.103120,0.103120
binance,CRV_USDT,CRVUSDT,51.192393,66.040017,236956.298740,381291.385610,1122108.900000,1807827.600000,true,true,120,1780406220000,0.211600,0.211600
binance,CTK_USDT,CTKUSDT,59.322071,79.087851,12814.428000,27317.361600,85005.000000,181427.000000,true,true,120,1780406220000,0.150700,0.150700
binance,CTR_USDT,CTRUSDT,145.558519,192.844919,69267.008780,155574.391490,4013520.000000,8976357.000000,true,true,120,1780406220000,0.017090,0.017090
binance,CTSI_USDT,CTSIUSDT,43.573195,66.693574,6976.509860,12489.778690,251638.000000,450444.000000,true,true,120,1780406220000,0.027790,0.027790
binance,CVC_USDT,CVCUSDT,37.538540,54.880011,6195.491750,16336.516130,222709.000000,587279.000000,true,true,120,1780406220000,0.027850,0.027850
binance,CVX_USDT,CVXUSDT,85.381934,95.376790,83778.086500,89911.025400,55934.000000,60005.000000,true,true,120,1780406220000,1.501000,1.501000
binance,CYBER_USDT,CYBERUSDT,46.333393,70.516525,11774.051810,18655.335010,26069.600000,41293.000000,true,true,120,1780406220000,0.452600,0.452600
binance,CYS_USDT,CYSUSDT,168.316532,179.607684,303536.805600,471113.922700,662947.000000,1040002.000000,true,true,120,1780406220000,0.463800,0.463800
binance,C_USDT,CUSDT,124.283903,190.484029,147810.247820,329146.157710,1653562.000000,3691891.000000,true,true,120,1780406220000,0.089860,0.089860
binance,DASH_USDT,DASHUSDT,80.305462,108.032174,807092.776770,1718572.975050,20295.460000,43271.457000,true,true,120,1780406220000,39.930000,39.930000
binance,DEEP_USDT,DEEPUSDT,69.629449,92.865691,37756.164890,75264.669020,1432249.000000,2856489.000000,true,true,120,1780406220000,0.026440,0.026440
binance,DEXE_USDT,DEXEUSDT,50.626718,122.063185,133112.743090,288460.961320,7434.240000,16037.530000,true,true,120,1780406220000,17.813000,17.813000
binance,DIA_USDT,DIAUSDT,63.688185,81.306537,14587.041200,26025.915700,90684.000000,161840.000000,true,true,120,1780406220000,0.161100,0.161100
binance,DOGE_USDT,DOGEUSDT,38.055185,51.439198,6741082.706910,18055018.853820,68281918.000000,182848569.000000,true,true,120,1780406220000,0.098910,0.098910
binance,DOGS_USDT,DOGSUSDT,78.491802,107.094020,116461.603366,206641.595898,2323524539.000000,4124256945.000000,true,true,120,1780406220000,0.000050,0.000050
binance,DOLO_USDT,DOLOUSDT,43.349811,65.029799,12526.925760,21677.151630,432134.000000,748067.000000,true,true,120,1780406220000,0.029070,0.029070
binance,DOOD_USDT,DOODUSDT,52.635333,72.233148,16414.807218,23267.327638,7668453.000000,10873356.000000,true,true,120,1780406220000,0.002147,0.002147
binance,DOT_USDT,DOTUSDT,58.946873,87.920117,1160142.782600,2449418.709200,1019583.100000,2152776.300000,true,true,120,1780406220000,1.138000,1.138000
binance,DRIFT_USDT,DRIFTUSDT,87.968996,134.346661,96905.812550,220694.478280,4767423.000000,10848611.000000,true,true,120,1780406220000,0.020350,0.020350
binance,DUSK_USDT,DUSKUSDT,62.982471,87.812510,59169.097780,105723.652000,509770.000000,911820.000000,true,true,120,1780406220000,0.116120,0.116120
binance,DYDX_USDT,DYDXUSDT,63.968112,87.191686,180941.691980,287741.214220,1039552.100000,1657029.200000,true,true,120,1780406220000,0.175000,0.175000
binance,DYM_USDT,DYMUSDT,46.420444,73.046619,68889.690610,117710.995835,3575357.100000,6119464.300000,true,true,120,1780406220000,0.019320,0.019320
binance,D_USDT,DUSDT,43.560759,89.719537,27667.893584,78610.806303,2584722.000000,7347634.000000,true,true,120,1780406220000,0.010700,0.010700
binance,EDEN_USDT,EDENUSDT,65.180535,112.763970,169494.128620,293468.927460,3726184.000000,6443793.000000,true,true,120,1780406220000,0.045350,0.045350
binance,EDGE_USDT,EDGEUSDT,318.521896,348.410462,3338934.714900,4486595.291700,5133583.000000,6923826.000000,true,true,120,1780406220000,0.668100,0.668100
binance,EDU_USDT,EDUUSDT,70.026349,97.306177,57603.158550,117077.844660,1283779.000000,2609599.000000,true,true,120,1780406220000,0.044920,0.044920
binance,EGLD_USDT,EGLDUSDT,52.013011,68.668799,41405.915400,91482.513500,11841.200000,26183.800000,true,true,120,1780406220000,3.505000,3.505000
binance,EIGEN_USDT,EIGENUSDT,128.708377,159.933709,722465.963740,1163055.117350,3257672.200000,5258244.500000,true,true,120,1780406220000,0.224000,0.224000
binance,ELSA_USDT,ELSAUSDT,123.906965,146.457651,67914.155780,94613.192940,1094753.000000,1523058.000000,true,true,120,1780406220000,0.062280,0.062280
binance,ENA_USDT,ENAUSDT,81.424002,105.861782,2070855.376980,3461476.659690,23745900.000000,39778648.000000,true,true,120,1780406220000,0.087380,0.087380
binance,ENJ_USDT,ENJUSDT,36.935648,63.202432,77627.290890,194840.639590,2085997.000000,5252240.000000,true,true,120,1780406220000,0.037260,0.037260
binance,ENSO_USDT,ENSOUSDT,47.917933,65.167445,60823.762760,97964.516860,88164.900000,142127.900000,true,true,120,1780406220000,0.690300,0.690300
binance,ENS_USDT,ENSUSDT,48.503020,71.131343,138489.407400,213264.158100,24360.900000,37529.900000,true,true,120,1780406220000,5.687000,5.687000
binance,EPIC_USDT,EPICUSDT,432.590830,874.793739,5121244.648090,13064921.864850,12467128.100000,30761743.500000,true,true,120,1780406220000,0.424800,0.424800
binance,ERA_USDT,ERAUSDT,50.427291,70.856496,32597.367300,62631.872100,274010.000000,526644.000000,true,true,120,1780406220000,0.119100,0.119100
binance,ESPORTS_USDT,ESPORTSUSDT,259.667026,410.235045,1308040.596200,4046099.534600,27616634.000000,85395611.000000,true,true,120,1780406220000,0.046800,0.046800
binance,ESP_USDT,ESPUSDT,41.454118,57.851942,24060.069140,48536.546010,397072.000000,801872.000000,true,true,120,1780406220000,0.060630,0.060630
binance,ETC_USDT,ETCUSDT,27.485613,42.684594,361582.517830,575279.786690,45385.420000,72255.910000,true,true,120,1780406220000,7.973000,7.973000
binance,ETHFI_USDT,ETHFIUSDT,75.098137,99.231326,227826.771450,465017.717370,597550.500000,1220540.200000,true,true,120,1780406220000,0.382200,0.382200
binance,ETHW_USDT,ETHWUSDT,41.485345,80.054130,12037.161400,25328.795600,42477.000000,89334.000000,true,true,120,1780406220000,0.283300,0.283300
binance,ETH_USDT,ETHUSDT,36.728448,49.604844,140407849.506860,297749046.439510,71072.108000,150665.340000,true,true,120,1780406220000,1977.180000,1977.180000
binance,EUL_USDT,EULUSDT,246.058022,266.850057,293223.453510,348838.443170,210100.700000,250876.500000,true,true,120,1780406220000,1.391900,1.391900
binance,EVAA_USDT,EVAAUSDT,80.209899,99.529279,40994.902110,51983.027910,102457.400000,129787.300000,true,true,120,1780406220000,0.401000,0.401000
binance,FARTCOIN_USDT,FARTCOINUSDT,65.193611,98.177093,463036.393060,824222.623350,3098874.200000,5518567.800000,true,true,120,1780406220000,0.149600,0.149600
binance,FET_USDT,FETUSDT,112.707011,166.258867,1443205.618900,3406562.405200,5271966.000000,12510176.000000,true,true,120,1780406220000,0.275600,0.275600
binance,FF_USDT,FFUSDT,110.668969,151.336679,444598.207310,873610.518560,4181501.000000,8179517.000000,true,true,120,1780406220000,0.106690,0.106690
binance,FHE_USDT,FHEUSDT,76.326124,124.404373,21638.439090,35516.521920,884082.000000,1452388.000000,true,true,120,1780406220000,0.024460,0.024460
binance,FIDA_USDT,FIDAUSDT,52.639905,99.509861,79143.174560,183256.218000,3482920.000000,8070687.000000,true,true,120,1780406220000,0.022740,0.022740
binance,FIGHT_USDT,FIGHTUSDT,106.990673,140.730153,45879.242157,79149.782483,10878650.000000,18709334.000000,true,true,120,1780406220000,0.004214,0.004214
binance,FIL_USDT,FILUSDT,78.231117,110.203863,1935643.720300,4596270.717100,2060224.300000,4893184.400000,true,true,120,1780406220000,0.940000,0.940000
binance,FLOCK_USDT,FLOCKUSDT,73.687471,137.104600,16084.358200,68841.482900,295845.000000,1264244.000000,true,true,120,1780406220000,0.054480,0.054480
binance,FLOW_USDT,FLOWUSDT,45.707100,63.920076,15428.376704,32961.663124,496143.400000,1061635.200000,true,true,120,1780406220000,0.031170,0.031170
binance,FLUID_USDT,FLUIDUSDT,47.873152,70.800551,18855.553900,27013.159600,13768.900000,19728.100000,true,true,120,1780406220000,1.374000,1.374000
binance,FLUX_USDT,FLUXUSDT,48.245842,66.604126,9753.942610,15724.602240,149864.000000,241749.000000,true,true,120,1780406220000,0.065030,0.065030
binance,FOGO_USDT,FOGOUSDT,59.857257,83.868243,48034.919630,63256.605570,3321493.000000,4376197.000000,true,true,120,1780406220000,0.014470,0.014470
binance,FOLKS_USDT,FOLKSUSDT,35.294508,67.001339,32836.579800,49345.356000,24162.500000,36309.700000,true,true,120,1780406220000,1.359000,1.359000
binance,FORM_USDT,FORMUSDT,66.901678,83.790021,57223.227270,94049.966280,229615.400000,378139.900000,true,true,120,1780406220000,0.250200,0.250200
binance,FRAX_USDT,FRAXUSDT,50.243843,65.333617,19351.239600,34606.456700,48352.000000,86517.000000,true,true,120,1780406220000,0.402200,0.402200
binance,F_USDT,FUSDT,43.915284,57.160323,10725.698188,20796.895161,2208320.000000,4285404.000000,true,true,120,1780406220000,0.004867,0.004867
binance,GALA_USDT,GALAUSDT,52.962779,69.247436,186994.984520,345821.314920,61333751.000000,113420219.000000,true,true,120,1780406220000,0.003053,0.003053
binance,GAS_USDT,GASUSDT,48.974597,72.139011,17434.905800,30118.102200,12456.600000,21525.500000,true,true,120,1780406220000,1.403000,1.403000
binance,GENIUS_USDT,GENIUSUSDT,52.194347,73.584547,280470.432600,606612.219100,624083.000000,1352385.000000,true,true,120,1780406220000,0.449400,0.449400
binance,GIGGLE_USDT,GIGGLEUSDT,67.681310,90.903719,301936.135200,408538.924100,9985.080000,13495.910000,true,true,120,1780406220000,30.250000,30.250000
binance,GLM_USDT,GLMUSDT,40.919418,70.353055,10083.679270,19719.610420,76699.000000,149956.000000,true,true,120,1780406220000,0.131560,0.131560
binance,GMT_USDT,GMTUSDT,64.840890,103.901497,101227.553950,184415.504240,9676430.000000,17638615.000000,true,true,120,1780406220000,0.010470,0.010470
binance,GMX_USDT,GMXUSDT,43.177522,52.102955,16605.830330,33037.513050,2498.850000,4969.180000,true,true,120,1780406220000,6.657000,6.657000
binance,GOAT_USDT,GOATUSDT,86.362954,150.765137,70449.127570,223188.140510,4164197.000000,13148179.000000,true,true,120,1780406220000,0.016850,0.016850
binance,GPS_USDT,GPSUSDT,143.701807,206.986576,173604.964331,334356.681305,21528076.000000,41346379.000000,true,true,120,1780406220000,0.008109,0.008109
binance,GRASS_USDT,GRASSUSDT,116.038268,148.237937,232729.134840,393817.181310,479131.400000,814134.700000,true,true,120,1780406220000,0.488200,0.488200
binance,GRIFFAIN_USDT,GRIFFAINUSDT,53.613349,71.718471,20127.260949,30051.831257,1992013.000000,2976638.000000,true,true,120,1780406220000,0.010141,0.010141
binance,GRT_USDT,GRTUSDT,57.846134,89.508044,104337.298660,194422.111910,4206024.000000,7852017.000000,true,true,120,1780406220000,0.024840,0.024840
binance,GUA_USDT,GUAUSDT,243.341948,382.337485,449622.380100,1063234.787600,555995.000000,1305475.000000,true,true,120,1780406220000,0.801400,0.801400
binance,GUN_USDT,GUNUSDT,99.994836,130.788583,72917.944430,167753.842650,10109870.000000,23265175.000000,true,true,120,1780406220000,0.007260,0.007260
binance,GWEI_USDT,GWEIUSDT,104.519125,118.777675,148824.854680,179245.298830,1455371.000000,1759678.000000,true,true,120,1780406220000,0.102710,0.102710
binance,G_USDT,GUSDT,55.228830,80.067666,13010.483603,54304.678397,3879983.000000,16207015.000000,true,true,120,1780406220000,0.003361,0.003361
binance,HAEDAL_USDT,HAEDALUSDT,62.425637,79.057584,16319.798970,22556.004970,604706.000000,835486.000000,true,true,120,1780406220000,0.027040,0.027040
binance,HANA_USDT,HANAUSDT,40.356976,58.290769,15111.073510,23814.046790,473427.000000,745449.000000,true,true,120,1780406220000,0.031820,0.031820
binance,HBAR_USDT,HBARUSDT,40.857206,53.651651,563115.811960,1326856.267460,6246845.000000,14735953.000000,true,true,120,1780406220000,0.090230,0.090230
binance,HEI_USDT,HEIUSDT,121.905424,152.173466,497723.242699,743755.881603,6928215.700000,10296619.100000,true,true,120,1780406220000,0.071900,0.071900
binance,HEMI_USDT,HEMIUSDT,50.890812,74.526721,63225.850110,99271.198247,8991202.000000,14090038.000000,true,true,120,1780406220000,0.007044,0.007044
binance,HFT_USDT,HFTUSDT,60.111756,96.021043,31201.210100,54957.015500,2625856.000000,4614688.000000,true,true,120,1780406220000,0.011920,0.011920
binance,HIGH_USDT,HIGHUSDT,84.974906,108.070567,28914.934550,51794.504490,231258.200000,413986.500000,true,true,120,1780406220000,0.125500,0.125500
binance,HIVE_USDT,HIVEUSDT,67.817581,130.696599,295501.992730,948351.346590,4813172.000000,15395651.000000,true,true,120,1780406220000,0.061420,0.061420
binance,HMSTR_USDT,HMSTRUSDT,45.922384,73.046021,21435.698198,43217.157592,130379026.000000,263057456.000000,true,true,120,1780406220000,0.000164,0.000164
binance,HOLO_USDT,HOLOUSDT,63.781077,92.894064,83659.238300,222108.788380,1192192.000000,3175376.000000,true,true,120,1780406220000,0.070240,0.070240
binance,HOME_USDT,HOMEUSDT,252.997013,345.237764,2352037.317974,4831656.251463,47885791.000000,98817330.000000,true,true,120,1780406220000,0.049168,0.049168
binance,HUMA_USDT,HUMAUSDT,43.273419,72.679655,23841.980325,60285.801284,915347.000000,2315634.000000,true,true,120,1780406220000,0.026068,0.026068
binance,HYPER_USDT,HYPERUSDT,57.471363,70.291549,56202.114110,89062.029110,626646.000000,991784.000000,true,true,120,1780406220000,0.089890,0.089890
binance,HYPE_USDT,HYPEUSDT,117.264824,138.722375,55525253.091770,85898842.386270,757217.030000,1172827.380000,true,true,120,1780406220000,72.982000,72.982000
binance,H_USDT,HUSDT,525.979810,580.440750,12928696.180590,17595757.411310,19418378.000000,25881036.000000,true,true,120,1780406220000,0.659930,0.659930
binance,ICNT_USDT,ICNTUSDT,57.246592,84.457251,17680.339000,48749.838300,75121.000000,206339.000000,true,true,120,1780406220000,0.235800,0.235800
binance,ICP_USDT,ICPUSDT,165.974635,217.785916,2085250.626000,3747269.088000,680986.000000,1225291.000000,true,true,120,1780406220000,3.096000,3.096000
binance,ICX_USDT,ICXUSDT,43.485184,65.757911,16979.137630,30255.450780,454521.000000,809964.000000,true,true,120,1780406220000,0.037390,0.037390
binance,IDOL_USDT,IDOLUSDT,103.553934,265.366115,61783.967310,286715.312700,1927166.000000,8854460.000000,true,true,120,1780406220000,0.032230,0.032230
binance,ID_USDT,IDUSDT,63.843189,94.945507,121231.295750,290533.091370,3751987.000000,8981126.000000,true,true,120,1780406220000,0.032440,0.032440
binance,ILV_USDT,ILVUSDT,69.247918,85.233353,44964.213200,56057.519400,11500.500000,14356.400000,true,true,120,1780406220000,3.911000,3.911000
binance,IMX_USDT,IMXUSDT,46.009382,76.771179,31075.565900,78968.289300,196422.000000,499668.000000,true,true,120,1780406220000,0.158500,0.158500
binance,INIT_USDT,INITUSDT,69.335885,106.807688,55011.741620,124463.862720,800356.000000,1809324.000000,true,true,120,1780406220000,0.068980,0.068980
binance,INJ_USDT,INJUSDT,84.247353,151.613645,2320141.039700,5196284.216300,327178.200000,731296.300000,true,true,120,1780406220000,7.086000,7.086000
binance,INX_USDT,INXUSDT,55.473294,84.098740,49293.985500,109399.224959,5395583.000000,11936066.000000,true,true,120,1780406220000,0.009118,0.009118
binance,IN_USDT,INUSDT,72.244659,158.929066,80304.301750,218887.198260,922684.000000,2515677.000000,true,true,120,1780406220000,0.086970,0.086970
binance,IOST_USDT,IOSTUSDT,45.735420,69.185651,8957.544719,15229.971828,8941267.000000,15202560.000000,true,true,120,1780406220000,0.001004,0.001004
binance,IOTA_USDT,IOTAUSDT,77.819375,107.276703,47604.296270,85392.847900,849872.500000,1527141.700000,true,true,120,1780406220000,0.056200,0.056200
binance,IOTX_USDT,IOTXUSDT,92.574228,155.433806,10208.527530,28311.518270,2436512.000000,6787708.000000,true,true,120,1780406220000,0.004180,0.004180
binance,IO_USDT,IOUSDT,126.390802,175.406745,625562.117490,959664.216810,3528878.600000,5438806.100000,true,true,120,1780406220000,0.176600,0.176600
binance,IP_USDT,IPUSDT,54.420324,70.291704,165094.159830,324653.270520,382962.700000,753977.100000,true,true,120,1780406220000,0.431300,0.431300
binance,IRYS_USDT,IRYSUSDT,63.102147,106.514508,76528.858040,178038.255670,3327461.000000,7747039.000000,true,true,120,1780406220000,0.023010,0.023010
binance,JASMY_USDT,JASMYUSDT,48.725810,68.520631,37954.427797,106702.257837,7096501.000000,20012963.000000,true,true,120,1780406220000,0.005357,0.005357
binance,JCT_USDT,JCTUSDT,130.670638,157.495593,75767.423793,117614.667733,19631901.000000,30322792.000000,true,true,120,1780406220000,0.003853,0.003853
binance,JELLYJELLY_USDT,JELLYJELLYUSDT,138.029201,150.383902,174000.916440,215001.501690,2875606.000000,3557938.000000,true,true,120,1780406220000,0.060950,0.060950
binance,JOE_USDT,JOEUSDT,64.443855,84.614264,12870.879820,22034.103900,326601.000000,558810.000000,true,true,120,1780406220000,0.039340,0.039340
binance,JST_USDT,JSTUSDT,19.605998,27.815506,29699.791590,52901.149910,312167.000000,555800.000000,true,true,120,1780406220000,0.095050,0.095050
binance,JTO_USDT,JTOUSDT,201.745759,236.905106,2272565.394200,4099639.065800,3699806.000000,6691180.000000,true,true,120,1780406220000,0.620700,0.620700
binance,JUP_USDT,JUPUSDT,88.537449,148.784674,336392.415900,683745.518000,1639278.000000,3335952.000000,true,true,120,1780406220000,0.205700,0.205700
binance,KAIA_USDT,KAIAUSDT,36.095417,49.403378,25923.637070,46055.482000,552639.000000,981186.000000,true,true,120,1780406220000,0.046920,0.046920
binance,KAITO_USDT,KAITOUSDT,39.554873,49.933979,49327.683590,71986.332750,107964.800000,157522.700000,true,true,120,1780406220000,0.457300,0.457300
binance,KAS_USDT,KASUSDT,51.831410,89.225434,142994.137190,244289.358860,4800556.000000,8211044.000000,true,true,120,1780406220000,0.029750,0.029750
binance,KAT_USDT,KATUSDT,71.049167,103.451177,66958.253810,106977.731550,9510192.000000,15192688.000000,true,true,120,1780406220000,0.007060,0.007060
binance,KAVA_USDT,KAVAUSDT,92.917590,126.326639,31106.824900,44933.146690,566979.100000,819260.600000,true,true,120,1780406220000,0.055000,0.055000
binance,KERNEL_USDT,KERNELUSDT,57.947193,71.528357,38899.628540,49050.556320,623157.000000,785568.000000,true,true,120,1780406220000,0.062480,0.062480
binance,KGEN_USDT,KGENUSDT,137.279506,191.504456,305286.889350,528507.230380,1456604.000000,2535810.000000,true,true,120,1780406220000,0.210640,0.210640
binance,KITE_USDT,KITEUSDT,44.228059,56.626891,61125.565440,122355.548410,296775.000000,594142.000000,true,true,120,1780406220000,0.205800,0.205800
binance,KMNO_USDT,KMNOUSDT,50.950714,78.303299,15373.019640,28372.274500,887648.000000,1641971.000000,true,true,120,1780406220000,0.017380,0.017380
binance,KNC_USDT,KNCUSDT,48.380203,68.414316,14297.607500,29473.345300,104239.000000,214880.000000,true,true,120,1780406220000,0.137400,0.137400
binance,KOMA_USDT,KOMAUSDT,62.100056,129.469910,12210.097884,46394.616059,1791488.000000,6769214.000000,true,true,120,1780406220000,0.006805,0.006805
binance,KSM_USDT,KSMUSDT,50.181609,67.432331,13698.800000,26472.629900,3105.900000,6007.100000,true,true,120,1780406220000,4.414000,4.414000
binance,LAB_USDT,LABUSDT,406.159418,479.196552,48055852.337530,81774825.260530,2484170.000000,4247029.000000,true,true,120,1780406220000,19.199700,19.199700
binance,LAYER_USDT,LAYERUSDT,64.499163,81.798685,90172.775497,149109.283295,1127980.100000,1864615.800000,true,true,120,1780406220000,0.080300,0.080300
binance,LA_USDT,LAUSDT,56.309431,97.720050,59708.803480,153407.207060,568846.300000,1456315.600000,true,true,120,1780406220000,0.105200,0.105200
binance,LDO_USDT,LDOUSDT,50.247562,72.366664,229183.686300,392159.751600,706034.000000,1209502.000000,true,true,120,1780406220000,0.325100,0.325100
binance,LIGHT_USDT,LIGHTUSDT,119.678074,152.837188,104267.653000,172960.220600,764032.000000,1267301.000000,true,true,120,1780406220000,0.136700,0.136700
binance,LINEA_USDT,LINEAUSDT,53.958894,72.607535,73596.760132,119691.478004,23875720.000000,38835344.000000,true,true,120,1780406220000,0.003089,0.003089
binance,LINK_USDT,LINKUSDT,47.094250,62.880049,2194896.963260,4426440.550190,248487.950000,501557.060000,true,true,120,1780406220000,8.858000,8.858000
binance,LISTA_USDT,LISTAUSDT,51.861910,72.760477,15530.198840,32948.654640,234441.000000,498258.000000,true,true,120,1780406220000,0.066340,0.066340
binance,LIT_USDT,LITUSDT,145.221372,183.855233,578556.302090,1057698.412400,438023.400000,801960.000000,true,true,120,1780406220000,1.331600,1.331600
binance,LPT_USDT,LPTUSDT,47.626554,67.883443,62321.729600,114224.835100,30279.600000,55521.800000,true,true,120,1780406220000,2.059000,2.059000
binance,LQTY_USDT,LQTYUSDT,74.616792,138.191315,78129.864790,183167.045780,282538.300000,658341.500000,true,true,120,1780406220000,0.275200,0.275200
binance,LSK_USDT,LSKUSDT,49.220284,64.794355,26437.975200,34399.034400,237541.000000,309072.000000,true,true,120,1780406220000,0.111600,0.111600
binance,LTC_USDT,LTCUSDT,24.864480,40.719928,1163442.072610,2366627.788660,23534.418000,47972.461000,true,true,120,1780406220000,49.440000,49.440000
binance,LUMIA_USDT,LUMIAUSDT,83.827402,95.434222,24456.725940,36278.845822,239845.800000,354935.100000,true,true,120,1780406220000,0.101900,0.101900
binance,LYN_USDT,LYNUSDT,72.750782,106.698915,38307.897890,64997.835360,1076744.000000,1823803.000000,true,true,120,1780406220000,0.035470,0.035470
binance,MAGIC_USDT,MAGICUSDT,51.646559,71.587531,21943.995835,37217.030097,384299.300000,651874.600000,true,true,120,1780406220000,0.057300,0.057300
binance,MAGMA_USDT,MAGMAUSDT,81.843550,110.605765,24705.692230,47972.871910,89691.000000,173872.000000,true,true,120,1780406220000,0.274530,0.274530
binance,MANA_USDT,MANAUSDT,59.844084,86.414055,80124.283600,159848.062400,978112.000000,1951908.000000,true,true,120,1780406220000,0.082000,0.082000
binance,MANTA_USDT,MANTAUSDT,39.727547,55.764143,23049.342363,46935.414983,304883.100000,621094.400000,true,true,120,1780406220000,0.075800,0.075800
binance,MANTRA_USDT,MANTRAUSDT,56.447367,104.577767,34288.060970,140576.891200,4220780.000000,17330934.000000,true,true,120,1780406220000,0.008130,0.008130
binance,MASK_USDT,MASKUSDT,50.360154,76.308467,28782.815900,62669.025600,65691.000000,143064.000000,true,true,120,1780406220000,0.438800,0.438800
binance,MAVIA_USDT,MAVIAUSDT,62.290877,94.711450,10988.467870,20415.199500,369497.000000,687131.000000,true,true,120,1780406220000,0.029770,0.029770
binance,MAV_USDT,MAVUSDT,55.459489,72.953475,25529.128580,37975.039660,1965286.000000,2922190.000000,true,true,120,1780406220000,0.013040,0.013040
binance,MBOX_USDT,MBOXUSDT,119.347360,167.735179,109826.332660,236018.239370,8537893.000000,18314890.000000,true,true,120,1780406220000,0.012890,0.012890
binance,MEGA_USDT,MEGAUSDT,58.970306,84.200858,181881.939210,369710.089490,3141268.000000,6376676.000000,true,true,120,1780406220000,0.057980,0.057980
binance,MELANIA_USDT,MELANIAUSDT,100.074267,118.678306,181901.417791,264526.380338,1953840.980000,2832595.420000,true,true,120,1780406220000,0.093200,0.093200
binance,MEME_USDT,MEMEUSDT,64.100185,94.262985,116901.625261,234705.854909,223324727.000000,449139609.000000,true,true,120,1780406220000,0.000525,0.000525
binance,MERL_USDT,MERLUSDT,151.010230,190.687032,55695.547900,135831.043300,1888446.000000,4606018.000000,true,true,120,1780406220000,0.029810,0.029810
binance,METIS_USDT,METISUSDT,52.581872,65.595776,16990.508420,28211.317410,5444.620000,9049.260000,true,true,120,1780406220000,3.124000,3.124000
binance,MET_USDT,METUSDT,64.762742,95.997946,50394.158800,146910.068600,376841.000000,1102189.000000,true,true,120,1780406220000,0.134100,0.134100
binance,MEW_USDT,MEWUSDT,55.712671,73.560662,35390.653330,48642.126555,72436064.000000,99642631.000000,true,true,120,1780406220000,0.000488,0.000488
binance,ME_USDT,MEUSDT,75.527858,104.873387,147184.394250,390550.470150,1802033.500000,4804291.800000,true,true,120,1780406220000,0.081800,0.081800
binance,MINA_USDT,MINAUSDT,36.911592,65.751953,25009.038450,59317.422040,455606.000000,1081568.000000,true,true,120,1780406220000,0.054890,0.054890
binance,MIRA_USDT,MIRAUSDT,76.252713,90.717147,46516.794530,69407.264800,612677.000000,914984.000000,true,true,120,1780406220000,0.076090,0.076090
binance,MITO_USDT,MITOUSDT,85.554212,100.586316,23897.104510,35327.319380,738599.000000,1089429.000000,true,true,120,1780406220000,0.032430,0.032430
binance,MMT_USDT,MMTUSDT,77.187478,113.590453,56655.539900,107715.007500,461092.000000,878644.000000,true,true,120,1780406220000,0.123000,0.123000
binance,MOCA_USDT,MOCAUSDT,41.552042,62.335989,12076.523900,22101.238680,1024242.000000,1874848.000000,true,true,120,1780406220000,0.011800,0.011800
binance,MON_USDT,MONUSDT,89.907604,128.264875,264883.624320,656547.835300,12252378.000000,30571487.000000,true,true,120,1780406220000,0.021740,0.021740
binance,MOODENG_USDT,MOODENGUSDT,52.077586,72.991263,78100.272370,112875.830900,1580550.000000,2286253.000000,true,true,120,1780406220000,0.049550,0.049550
binance,MORPHO_USDT,MORPHOUSDT,51.683836,80.759765,90165.750030,317236.639890,45087.700000,158161.500000,true,true,120,1780406220000,1.997700,1.997700
binance,MOVE_USDT,MOVEUSDT,390.282490,396.504100,2836396.780930,2908951.780010,186179114.000000,191148734.000000,true,true,120,1780406220000,0.015340,0.015340
binance,MOVR_USDT,MOVRUSDT,71.927886,98.243379,25205.203870,46844.155130,15487.310000,28839.310000,true,true,120,1780406220000,1.626000,1.626000
binance,MTL_USDT,MTLUSDT,30.180787,43.019394,13949.672200,26854.528800,49976.000000,96275.000000,true,true,120,1780406220000,0.279200,0.279200
binance,MUBARAK_USDT,MUBARAKUSDT,66.766646,89.525983,48184.436070,74143.047160,3993065.000000,6139018.000000,true,true,120,1780406220000,0.012110,0.012110
binance,MYX_USDT,MYXUSDT,325.885794,422.302291,814707.243000,1690039.823600,2421133.000000,5034070.000000,true,true,120,1780406220000,0.339000,0.339000
binance,M_USDT,MUSDT,55.470452,76.791556,62025.780900,161653.207900,18745.000000,48668.000000,true,true,120,1780406220000,3.312500,3.312500
binance,NAORIS_USDT,NAORISUSDT,90.384238,135.484210,26488.973080,41597.161670,786596.000000,1233388.000000,true,true,120,1780406220000,0.033710,0.033710
binance,NEAR_USDT,NEARUSDT,140.203925,183.575603,7873486.185000,17993817.806000,2904707.000000,6636085.000000,true,true,120,1780406220000,2.716000,2.716000
binance,NEO_USDT,NEOUSDT,36.763578,54.763013,36693.006950,62059.270130,13981.630000,23663.300000,true,true,120,1780406220000,2.625000,2.625000
binance,NEWT_USDT,NEWTUSDT,57.701705,70.427286,13188.738100,26308.504120,199035.000000,397420.000000,true,true,120,1780406220000,0.066290,0.066290
binance,NFP_USDT,NFPUSDT,104.653673,144.422637,78967.287616,146751.081076,7723074.800000,14309661.800000,true,true,120,1780406220000,0.010290,0.010290
binance,NIGHT_USDT,NIGHTUSDT,52.798569,76.684614,78405.933480,240875.376270,2022020.000000,6206379.000000,true,true,120,1780406220000,0.038730,0.038730
binance,NIL_USDT,NILUSDT,233.427705,253.784520,704077.672390,979031.702896,11197285.100000,15502814.300000,true,true,120,1780406220000,0.063600,0.063600
binance,NMR_USDT,NMRUSDT,30.607920,39.237781,12140.292700,38125.778800,1429.200000,4491.100000,true,true,120,1780406220000,8.497000,8.497000
binance,NOM_USDT,NOMUSDT,183.406156,536.903255,1373254.884653,2317514.272050,574051021.000000,972799250.000000,true,true,120,1780406220000,0.002365,0.002365
binance,NOT_USDT,NOTUSDT,83.567211,119.669629,247841.847667,503347.956501,519115049.000000,1056705023.000000,true,true,120,1780406220000,0.000480,0.000480
binance,NXPC_USDT,NXPCUSDT,45.212268,84.873282,49120.459900,180882.942600,111780.000000,411045.000000,true,true,120,1780406220000,0.440300,0.440300
binance,OGN_USDT,OGNUSDT,43.602053,58.693047,5077.713050,10343.162100,240117.000000,489129.000000,true,true,120,1780406220000,0.021180,0.021180
binance,OG_USDT,OGUSDT,43.550535,77.783898,11412.896200,35907.931500,4059.600000,12764.400000,true,true,120,1780406220000,2.811000,2.811000
binance,ONDO_USDT,ONDOUSDT,174.120470,233.657341,9408850.783880,15594998.391180,25340918.000000,42286063.100000,true,true,120,1780406220000,0.372400,0.372400
binance,ONE_USDT,ONEUSDT,63.360424,105.219795,39535.139219,80818.186750,20254370.000000,41499699.000000,true,true,120,1780406220000,0.001960,0.001960
binance,ONG_USDT,ONGUSDT,60.033125,67.810151,37146.488680,49417.604720,619068.000000,823559.000000,true,true,120,1780406220000,0.060400,0.060400
binance,ONT_USDT,ONTUSDT,61.860057,80.860814,73210.796040,120561.465430,1432826.300000,2365116.400000,true,true,120,1780406220000,0.051300,0.051300
binance,ON_USDT,ONUSDT,42.580546,62.438790,7594.479430,13266.701210,75449.000000,131677.000000,true,true,120,1780406220000,0.100700,0.100700
binance,OPEN_USDT,OPENUSDT,80.597572,92.087890,194329.003700,262684.724100,972756.000000,1313049.000000,true,true,120,1780406220000,0.199400,0.199400
binance,OPG_USDT,OPGUSDT,179.171952,347.367122,1898143.064700,4641796.662500,9906117.000000,23833480.000000,true,true,120,1780406220000,0.190400,0.190400
binance,OPN_USDT,OPNUSDT,72.489223,106.801035,59846.686100,124981.452500,500563.000000,1045166.000000,true,true,120,1780406220000,0.119400,0.119400
binance,OP_USDT,OPUSDT,75.279028,105.550175,1048855.242320,1889525.229220,8411291.900000,15197625.300000,true,true,120,1780406220000,0.124900,0.124900
binance,ORCA_USDT,ORCAUSDT,63.941642,85.041669,71468.906900,137965.469600,58509.600000,112887.300000,true,true,120,1780406220000,1.224000,1.224000
binance,ORDER_USDT,ORDERUSDT,53.038146,71.129330,12995.534450,21903.182890,268976.000000,453678.000000,true,true,120,1780406220000,0.048370,0.048370
binance,ORDI_USDT,ORDIUSDT,91.451064,134.401529,376076.343300,963633.470800,101085.100000,259342.500000,true,true,120,1780406220000,3.728000,3.728000
binance,PARTI_USDT,PARTIUSDT,258.874163,378.126913,703052.200460,1658677.929210,12462999.000000,29385039.000000,true,true,120,1780406220000,0.056900,0.056900
binance,PAXG_USDT,PAXGUSDT,18.366699,32.207843,1722673.144910,2403133.287210,381.952000,532.482000,true,true,120,1780406220000,4508.310000,4508.310000
binance,PENDLE_USDT,PENDLEUSDT,97.803509,127.269310,902834.531000,1409798.488900,636172.000000,994013.000000,true,true,120,1780406220000,1.421800,1.421800
binance,PENGU_USDT,PENGUUSDT,61.344586,86.874497,3279010.575777,3881061.602796,447102686.000000,529636270.000000,true,true,120,1780406220000,0.007371,0.007371
binance,PEOPLE_USDT,PEOPLEUSDT,70.494107,99.760729,17554.818100,50005.773540,2767458.000000,7884323.000000,true,true,120,1780406220000,0.006350,0.006350
binance,PHA_USDT,PHAUSDT,78.122080,131.824851,54855.803820,170238.867200,1452052.000000,4511545.000000,true,true,120,1780406220000,0.037730,0.037730
binance,PIEVERSE_USDT,PIEVERSEUSDT,449.433192,534.827535,8611758.102000,14871580.150200,8051046.000000,13957952.000000,true,true,120,1780406220000,1.039700,1.039700
binance,PIPPIN_USDT,PIPPINUSDT,70.248725,99.063580,167064.488880,340982.096420,9083029.000000,18546779.000000,true,true,120,1780406220000,0.018480,0.018480
binance,PIXEL_USDT,PIXELUSDT,70.965664,86.883877,60535.354547,148045.582195,8622318.000000,21063729.000000,true,true,120,1780406220000,0.007022,0.007022
binance,PLAY_USDT,PLAYUSDT,192.781422,279.300848,917972.088210,1855318.193390,8456449.000000,17144520.000000,true,true,120,1780406220000,0.107650,0.107650
binance,PLUME_USDT,PLUMEUSDT,107.662356,160.582920,175117.103150,312201.526340,13464899.000000,24065578.000000,true,true,120,1780406220000,0.013010,0.013010
binance,PNUT_USDT,PNUTUSDT,63.054985,92.172064,161048.144830,281048.814820,3065440.000000,5342439.000000,true,true,120,1780406220000,0.052470,0.052470
binance,POLYX_USDT,POLYXUSDT,65.485813,83.199393,137999.824010,228863.440010,2962549.000000,4903373.000000,true,true,120,1780406220000,0.046700,0.046700
binance,POL_USDT,POLUSDT,25.051705,42.929042,118282.291290,277022.259030,1288506.000000,3019468.000000,true,true,120,1780406220000,0.091940,0.091940
binance,POPCAT_USDT,POPCATUSDT,63.483991,85.916610,43678.357830,77743.069070,826349.000000,1472531.000000,true,true,120,1780406220000,0.052920,0.052920
binance,POWER_USDT,POWERUSDT,67.411751,88.374635,35396.993600,67720.009000,429510.000000,823578.000000,true,true,120,1780406220000,0.082490,0.082490
binance,POWR_USDT,POWRUSDT,40.579325,49.777962,12546.399100,18600.091330,209241.000000,310363.000000,true,true,120,1780406220000,0.060040,0.060040
binance,PRL_USDT,PRLUSDT,100.289058,136.989945,124750.343900,233260.051300,603297.000000,1129611.000000,true,true,120,1780406220000,0.207200,0.207200
binance,PROMPT_USDT,PROMPTUSDT,53.009776,72.024257,21870.933150,29753.159580,704082.000000,957466.000000,true,true,120,1780406220000,0.031150,0.031150
binance,PROM_USDT,PROMUSDT,67.915759,78.015395,27683.308000,36225.802800,27434.600000,35903.900000,true,true,120,1780406220000,1.012000,1.012000
binance,PROVE_USDT,PROVEUSDT,70.571909,92.802899,166145.588960,277584.566750,803723.300000,1341381.700000,true,true,120,1780406220000,0.207500,0.207500
binance,PTB_USDT,PTBUSDT,112.491999,141.586520,71519.504832,94969.846533,92366856.000000,122682618.000000,true,true,120,1780406220000,0.000769,0.000769
binance,PUMP_USDT,PUMPUSDT,71.743799,103.473070,872742.430989,1901516.823149,477287671.000000,1042831165.000000,true,true,120,1780406220000,0.001830,0.001830
binance,PUNDIX_USDT,PUNDIXUSDT,50.441631,62.549584,50204.560100,90072.970300,358351.000000,642274.000000,true,true,120,1780406220000,0.140800,0.140800
binance,PYTH_USDT,PYTHUSDT,66.948382,90.491551,79129.812660,183770.797700,1929500.000000,4492584.000000,true,true,120,1780406220000,0.041130,0.041130
binance,QNT_USDT,QNTUSDT,146.423543,209.832894,357755.210000,832273.352000,4731.900000,11007.600000,true,true,120,1780406220000,75.410000,75.410000
binance,QTUM_USDT,QTUMUSDT,52.984282,76.831863,22012.906300,37100.832900,26078.800000,43986.500000,true,true,120,1780406220000,0.845000,0.845000
binance,Q_USDT,QUSDT,66.408249,123.022149,55961.453367,152871.512705,2880199.000000,7842959.000000,true,true,120,1780406220000,0.019402,0.019402
binance,RARE_USDT,RAREUSDT,49.504715,65.693685,17566.059070,34115.136140,1131794.000000,2197671.000000,true,true,120,1780406220000,0.015550,0.015550
binance,RAVE_USDT,RAVEUSDT,85.624690,127.036141,293875.907150,582626.825050,658846.000000,1302481.000000,true,true,120,1780406220000,0.445800,0.445800
binance,RECALL_USDT,RECALLUSDT,65.322316,116.458313,14109.902640,43954.908320,281964.000000,880698.000000,true,true,120,1780406220000,0.050160,0.050160
binance,RED_USDT,REDUSDT,48.907774,78.295271,25934.047000,48606.363400,217576.000000,407963.000000,true,true,120,1780406220000,0.119400,0.119400
binance,RENDER_USDT,RENDERUSDT,145.531146,183.029097,2415288.545900,4201037.609100,1083133.200000,1887471.200000,true,true,120,1780406220000,2.214000,2.214000
binance,RESOLV_USDT,RESOLVUSDT,155.012117,232.276962,539503.931580,827488.421740,22930397.000000,35395400.000000,true,true,120,1780406220000,0.023700,0.023700
binance,REZ_USDT,REZUSDT,54.265044,74.759223,15914.924268,33968.244863,4063465.000000,8675321.000000,true,true,120,1780406220000,0.003924,0.003924
binance,RIF_USDT,RIFUSDT,189.170296,245.460605,1237324.023190,2362988.463620,14349780.000000,27510934.000000,true,true,120,1780406220000,0.086770,0.086770
binance,RIVER_USDT,RIVERUSDT,88.349422,180.891221,548218.641200,2177626.095500,95881.500000,379105.300000,true,true,120,1780406220000,5.728000,5.728000
binance,RLC_USDT,RLCUSDT,45.832474,59.619696,12371.440140,19243.931050,28986.100000,45110.600000,true,true,120,1780406220000,0.426500,0.426500
binance,ROBO_USDT,ROBOUSDT,78.087334,122.954980,87776.638930,214537.717300,4530549.000000,11065555.000000,true,true,120,1780406220000,0.019330,0.019330
binance,ROSE_USDT,ROSEUSDT,82.752641,109.919190,89070.416520,164129.953750,9940097.000000,18321249.000000,true,true,120,1780406220000,0.008970,0.008970
binance,RPL_USDT,RPLUSDT,56.909021,85.905134,12916.997400,24595.208300,8068.500000,15378.200000,true,true,120,1780406220000,1.605000,1.605000
binance,RSR_USDT,RSRUSDT,55.348697,79.685430,32347.695626,50493.022919,20536845.000000,32094844.000000,true,true,120,1780406220000,0.001580,0.001580
binance,RUNE_USDT,RUNEUSDT,60.816007,92.105713,47907.304100,109834.795600,118286.000000,271083.000000,true,true,120,1780406220000,0.405200,0.405200
binance,RVN_USDT,RVNUSDT,89.900699,120.952294,24580.776960,41740.673800,4823885.000000,8194416.000000,true,true,120,1780406220000,0.005100,0.005100
binance,SAFE_USDT,SAFEUSDT,73.866321,89.124412,5758.097500,12355.315700,48436.000000,104148.000000,true,true,120,1780406220000,0.119100,0.119100
binance,SAGA_USDT,SAGAUSDT,74.003316,119.216889,138238.123614,279045.479555,7809061.400000,15727829.800000,true,true,120,1780406220000,0.017760,0.017760
binance,SAHARA_USDT,SAHARAUSDT,208.436018,274.921238,1861470.180930,3865057.670390,51635531.000000,107593977.000000,true,true,120,1780406220000,0.036460,0.036460
binance,SAND_USDT,SANDUSDT,59.084640,72.115076,342697.707090,622114.441860,5263518.000000,9553361.000000,true,true,120,1780406220000,0.065400,0.065400
binance,SAPIEN_USDT,SAPIENUSDT,56.506969,82.493178,25553.112610,66213.255500,272197.000000,704207.000000,true,true,120,1780406220000,0.094020,0.094020
binance,SCRT_USDT,SCRTUSDT,66.085275,96.529328,12727.505460,25580.010580,160310.000000,321586.000000,true,true,120,1780406220000,0.079270,0.079270
binance,SCR_USDT,SCRUSDT,80.392523,106.486464,22805.657610,37605.252730,543604.000000,896866.000000,true,true,120,1780406220000,0.042040,0.042040
binance,SEI_USDT,SEIUSDT,94.200892,138.009290,955626.415070,2087652.435610,13929862.000000,30495171.000000,true,true,120,1780406220000,0.068780,0.068780
binance,SENT_USDT,SENTUSDT,51.952969,71.296668,21234.050190,41478.481030,1436681.000000,2807107.000000,true,true,120,1780406220000,0.014790,0.014790
binance,SFP_USDT,SFPUSDT,31.202096,59.254233,9017.277500,18184.692000,32707.000000,65964.000000,true,true,120,1780406220000,0.275600,0.275600
binance,SHELL_USDT,SHELLUSDT,101.038193,179.589913,77804.253860,243706.076090,2438597.000000,7673667.000000,true,true,120,1780406220000,0.031920,0.031920
binance,SIGN_USDT,SIGNUSDT,60.569737,71.776082,49852.474440,109347.626680,4502161.000000,9900195.000000,true,true,120,1780406220000,0.011120,0.011120
binance,SIREN_USDT,SIRENUSDT,70.514531,135.942571,278031.048340,488213.700900,471267.000000,826674.000000,true,true,120,1780406220000,0.588300,0.588300
binance,SKL_USDT,SKLUSDT,66.383625,105.004448,13269.643940,26740.220330,2354708.000000,4745249.000000,true,true,120,1780406220000,0.005640,0.005640
binance,SKR_USDT,SKRUSDT,40.904186,58.616893,15159.978082,34209.496720,1146921.000000,2589750.000000,true,true,120,1780406220000,0.013220,0.013220
binance,SKYAI_USDT,SKYAIUSDT,496.415007,827.801082,8844234.083220,15350273.491840,56785447.000000,94453316.000000,true,true,120,1780406220000,0.150820,0.150820
binance,SKY_USDT,SKYUSDT,24.089038,37.041963,58485.290860,110801.244730,870260.000000,1647156.000000,true,true,120,1780406220000,0.067130,0.067130
binance,SLP_USDT,SLPUSDT,48.304297,68.619846,5714.574646,18452.227244,9083932.000000,29348875.000000,true,true,120,1780406220000,0.000630,0.000630
binance,SLX_USDT,SLXUSDT,324.069834,402.524855,1801408.095790,3621829.736570,5347839.000000,10639757.000000,true,true,120,1780406220000,0.345110,0.345110
binance,SNX_USDT,SNXUSDT,57.332081,75.200249,45800.148500,101820.740650,161346.700000,359100.400000,true,true,120,1780406220000,0.283600,0.283600
binance,SOLV_USDT,SOLVUSDT,81.794145,90.868815,36781.235182,54396.778547,9404746.000000,13916685.000000,true,true,120,1780406220000,0.003926,0.003926
binance,SOL_USDT,SOLUSDT,37.919993,53.384254,32530117.760700,60911343.069700,412128.190000,772029.440000,true,true,120,1780406220000,79.030000,79.030000
binance,SOMI_USDT,SOMIUSDT,59.865784,73.765443,49975.861800,75429.090900,336688.000000,508093.000000,true,true,120,1780406220000,0.148700,0.148700
binance,SONIC_USDT,SONICUSDT,50.577803,69.886849,9690.814599,14868.565418,279286.700000,428803.800000,true,true,120,1780406220000,0.034790,0.034790
binance,SOON_USDT,SOONUSDT,79.998560,115.317087,81469.537000,144368.733000,491493.000000,870390.000000,true,true,120,1780406220000,0.166400,0.166400
binance,SOPH_USDT,SOPHUSDT,52.860660,70.505019,15537.871672,36771.640020,2114852.000000,5011745.000000,true,true,120,1780406220000,0.007358,0.007358
binance,SPACE_USDT,SPACEUSDT,47.920795,69.374771,52281.145335,93985.173497,8050142.000000,14473465.000000,true,true,120,1780406220000,0.006511,0.006511
binance,SPELL_USDT,SPELLUSDT,48.632848,65.336229,28792.363028,59018.674864,194353811.000000,397741222.000000,true,true,120,1780406220000,0.000149,0.000149
binance,SPK_USDT,SPKUSDT,56.858725,73.202020,37031.113180,76711.538340,1658914.000000,3436537.000000,true,true,120,1780406220000,0.022390,0.022390
binance,SPX_USDT,SPXUSDT,83.594636,105.915316,214366.588600,339838.055700,653936.000000,1037894.000000,true,true,120,1780406220000,0.329000,0.329000
binance,SQD_USDT,SQDUSDT,73.518928,102.375140,7446.372970,13113.152640,214577.000000,378263.000000,true,true,120,1780406220000,0.034680,0.034680
binance,SSV_USDT,SSVUSDT,58.952732,78.497379,30823.423450,41888.895890,12829.790000,17434.760000,true,true,120,1780406220000,2.410000,2.410000
binance,STABLE_USDT,STABLEUSDT,85.533717,117.779120,255988.558560,452290.859778,7079376.000000,12507868.000000,true,true,120,1780406220000,0.036020,0.036020
binance,STAR_USDT,STARUSDT,148.344051,173.013297,86782.495340,111333.163430,467650.000000,602416.000000,true,true,120,1780406220000,0.186980,0.186980
binance,STBL_USDT,STBLUSDT,67.309935,84.332427,44218.191720,63242.281430,1321384.000000,1891508.000000,true,true,120,1780406220000,0.033660,0.033660
binance,STEEM_USDT,STEEMUSDT,39.849046,52.808575,27725.866820,43440.856720,547743.000000,858450.000000,true,true,120,1780406220000,0.050690,0.050690
binance,STG_USDT,STGUSDT,302.893355,371.580186,1250643.050800,2585534.943000,4155440.000000,8574561.000000,true,true,120,1780406220000,0.305800,0.305800
binance,STORJ_USDT,STORJUSDT,61.444609,81.765680,110242.902500,267045.972900,1215931.000000,2943795.000000,true,true,120,1780406220000,0.090900,0.090900
binance,STO_USDT,STOUSDT,37.714146,58.190607,50078.514140,78886.661270,844940.000000,1332713.000000,true,true,120,1780406220000,0.059540,0.059540
binance,STRK_USDT,STRKUSDT,92.732902,117.753865,330477.269234,533238.907155,8752534.400000,14171700.400000,true,true,120,1780406220000,0.037900,0.037900
binance,STX_USDT,STXUSDT,56.627503,72.400106,179874.133800,249040.804100,797434.000000,1103446.000000,true,true,120,1780406220000,0.226100,0.226100
binance,SUI_USDT,SUIUSDT,56.445832,73.373308,2718403.325250,5394541.951480,3206917.200000,6373109.800000,true,true,120,1780406220000,0.849600,0.849600
binance,SUN_USDT,SUNUSDT,31.096470,37.605395,29963.205446,52475.938807,1665667.000000,2914351.000000,true,true,120,1780406220000,0.017972,0.017972
binance,SUPER_USDT,SUPERUSDT,61.138124,87.982825,56589.041800,96443.593200,510238.000000,870370.000000,true,true,120,1780406220000,0.111300,0.111300
binance,SUSHI_USDT,SUSHIUSDT,51.010525,86.291203,39978.545700,134305.837000,193634.000000,648361.000000,true,true,120,1780406220000,0.206800,0.206800
binance,SWARMS_USDT,SWARMSUSDT,85.686661,124.602642,44079.385625,87931.236600,6236564.000000,12422140.000000,true,true,120,1780406220000,0.007098,0.007098
binance,SYRUP_USDT,SYRUPUSDT,63.032800,84.118115,44217.172410,77038.307730,294365.000000,513517.000000,true,true,120,1780406220000,0.150630,0.150630
binance,S_USDT,SUSDT,47.319827,71.236121,91137.438440,140360.303960,2275309.000000,3507453.000000,true,true,120,1780406220000,0.040140,0.040140
binance,TAC_USDT,TACUSDT,155.961373,192.898898,85701.429905,162357.079086,4960545.000000,9346132.000000,true,true,120,1780406220000,0.017251,0.017251
binance,TAG_USDT,TAGUSDT,66.157052,98.507525,29266.085969,66018.008683,23579009.000000,53029164.000000,true,true,120,1780406220000,0.001239,0.001239
binance,TAIKO_USDT,TAIKOUSDT,43.098726,60.965566,2376.310000,6039.969900,22897.000000,58261.000000,true,true,120,1780406220000,0.103900,0.103900
binance,TAKE_USDT,TAKEUSDT,63.096090,100.831697,12781.639400,29096.912200,618908.000000,1405163.000000,true,true,120,1780406220000,0.020640,0.020640
binance,TAO_USDT,TAOUSDT,75.089263,101.166469,3115278.917440,4968247.395950,12538.056000,20012.770000,true,true,120,1780406220000,249.250000,249.250000
binance,TA_USDT,TAUSDT,184.183747,351.563204,287650.830260,932110.874010,3049894.000000,9837003.000000,true,true,120,1780406220000,0.094210,0.094210
binance,THETA_USDT,THETAUSDT,65.410758,88.686626,55897.415430,110308.904840,296613.400000,585784.100000,true,true,120,1780406220000,0.188700,0.188700
binance,THE_USDT,THEUSDT,90.365381,115.510881,80953.928390,99157.169110,928012.600000,1137828.800000,true,true,120,1780406220000,0.087100,0.087100
binance,TIA_USDT,TIAUSDT,82.840390,114.645196,649185.576100,1204894.912000,1631913.000000,3038193.000000,true,true,120,1780406220000,0.398700,0.398700
binance,TLM_USDT,TLMUSDT,60.628908,81.941410,26293.753009,62308.965251,18393790.000000,43627806.000000,true,true,120,1780406220000,0.001432,0.001432
binance,TNSR_USDT,TNSRUSDT,57.832438,68.334445,32013.107015,57375.609078,876297.800000,1570662.000000,true,true,120,1780406220000,0.036640,0.036640
binance,TON_USDT,TONUSDT,131.972705,157.086371,5238973.501730,7492800.207590,2594187.800000,3708092.400000,true,true,120,1780406220000,2.013800,2.013800
binance,TOSHI_USDT,TOSHIUSDT,47.775486,70.948426,30489.795798,36415.404988,203973036.000000,243805852.000000,true,true,120,1780406220000,0.000150,0.000150
binance,TOWNS_USDT,TOWNSUSDT,60.893498,81.460196,22185.136368,38076.258299,7286557.000000,12491998.000000,true,true,120,1780406220000,0.003052,0.003052
binance,TRADOOR_USDT,TRADOORUSDT,101.765476,167.323276,76518.047100,216209.209900,156878.000000,440033.000000,true,true,120,1780406220000,0.487100,0.487100
binance,TRB_USDT,TRBUSDT,57.580276,70.617617,89079.797300,123662.047100,5366.500000,7454.100000,true,true,120,1780406220000,16.612000,16.612000
binance,TREE_USDT,TREEUSDT,43.373327,61.723225,26364.218680,36644.503370,439556.000000,611198.000000,true,true,120,1780406220000,0.060080,0.060080
binance,TRIA_USDT,TRIAUSDT,93.747276,109.708547,412786.401480,606863.187330,11301320.000000,16665152.000000,true,true,120,1780406220000,0.036630,0.036630
binance,TRUMP_USDT,TRUMPUSDT,107.004198,142.945913,2804790.174090,5025494.562560,1362429.290000,2453115.930000,true,true,120,1780406220000,2.059000,2.059000
binance,TRUST_USDT,TRUSTUSDT,73.053259,86.826220,48031.053220,64151.881250,758698.000000,1014012.000000,true,true,120,1780406220000,0.063650,0.063650
binance,TRUTH_USDT,TRUTHUSDT,66.948186,95.644676,14937.917435,31656.614204,1237856.000000,2623090.000000,true,true,120,1780406220000,0.012049,0.012049
binance,TRX_USDT,TRXUSDT,21.471160,34.272714,1338607.623800,6217727.754490,3932877.000000,18257888.000000,true,true,120,1780406220000,0.341180,0.341180
binance,TURBO_USDT,TURBOUSDT,56.145900,81.130974,74369.617323,127756.237386,72548346.000000,124810642.000000,true,true,120,1780406220000,0.001027,0.001027
binance,TURTLE_USDT,TURTLEUSDT,50.314202,67.069296,11453.489660,20741.654320,269001.000000,487373.000000,true,true,120,1780406220000,0.042640,0.042640
binance,TUT_USDT,TUTUSDT,67.784043,96.775761,15113.990310,32145.695400,1478945.000000,3141694.000000,true,true,120,1780406220000,0.010240,0.010240
binance,TWT_USDT,TWTUSDT,40.426147,57.417139,18636.073800,96949.192600,40874.000000,212570.000000,true,true,120,1780406220000,0.456300,0.456300
binance,T_USDT,TUSDT,43.764643,57.862750,29464.429285,45446.268478,6171099.000000,9517969.000000,true,true,120,1780406220000,0.004782,0.004782
binance,UAI_USDT,UAIUSDT,145.494116,171.380615,175455.065400,233668.268100,639824.000000,848503.000000,true,true,120,1780406220000,0.272000,0.272000
binance,UB_USDT,UBUSDT,166.557874,221.722716,1111965.852770,2118311.165690,5309849.000000,10172421.000000,true,true,120,1780406220000,0.211560,0.211560
binance,UMA_USDT,UMAUSDT,48.095209,69.343522,22411.690100,37350.571100,51783.000000,86337.000000,true,true,120,1780406220000,0.433200,0.433200
binance,UNI_USDT,UNIUSDT,50.495080,67.403877,1035454.348000,1598945.243000,354959.000000,548405.000000,true,true,120,1780406220000,2.920000,2.920000
binance,USDC_USDT,USDCUSDT,0.031610,0.048970,115101.146879,176607.334402,115054.000000,176535.000000,true,true,120,1780406220000,1.000410,1.000410
binance,USELESS_USDT,USELESSUSDT,129.714722,256.891529,1861773.025760,3057047.237050,18989122.000000,31423746.000000,true,true,120,1780406220000,0.098620,0.098620
binance,USTC_USDT,USTCUSDT,73.371378,88.049283,47417.895109,82733.412384,7316626.000000,12806373.000000,true,true,120,1780406220000,0.006458,0.006458
binance,USUAL_USDT,USUALUSDT,53.408578,94.913449,29659.359850,43965.308100,2310041.000000,3425691.000000,true,true,120,1780406220000,0.012830,0.012830
binance,US_USDT,USUSDT,504.687350,630.766945,3500112.424365,6577080.439421,309418215.000000,597044196.000000,true,true,120,1780406220000,0.011506,0.011506
binance,VANA_USDT,VANAUSDT,67.431237,88.734182,24890.175020,40134.671930,18751.620000,30297.090000,true,true,120,1780406220000,1.327000,1.327000
binance,VANRY_USDT,VANRYUSDT,55.081602,84.520672,37359.575658,60870.702130,8432965.000000,13747209.000000,true,true,120,1780406220000,0.004447,0.004447
binance,VELODROME_USDT,VELODROMEUSDT,66.440215,85.695708,18573.279600,25049.624070,1209463.000000,1631356.000000,true,true,120,1780406220000,0.015400,0.015400
binance,VELVET_USDT,VELVETUSDT,44.738464,56.797129,10882.531150,17445.747800,117303.000000,188068.000000,true,true,120,1780406220000,0.092730,0.092730
binance,VET_USDT,VETUSDT,44.938369,62.850769,134711.527762,214672.892662,23285045.000000,37106255.000000,true,true,120,1780406220000,0.005793,0.005793
binance,VIC_USDT,VICUSDT,136.574223,191.572669,320451.873750,758039.054080,6922946.000000,16327876.000000,true,true,120,1780406220000,0.046570,0.046570
binance,VIRTUAL_USDT,VIRTUALUSDT,91.198829,124.516590,1662446.074050,3401019.546510,2207654.900000,4518521.200000,true,true,120,1780406220000,0.755300,0.755300
binance,VTHO_USDT,VTHOUSDT,42.782035,58.122756,44949.271046,106853.695234,93970045.000000,223493045.000000,true,true,120,1780406220000,0.000479,0.000479
binance,VVV_USDT,VVVUSDT,163.476290,197.255772,1513611.791390,2481289.751490,83712.960000,136760.500000,true,true,120,1780406220000,18.320000,18.320000
binance,WAL_USDT,WALUSDT,72.030011,90.288448,68998.327830,115955.040000,1311841.000000,2204241.000000,true,true,120,1780406220000,0.052690,0.052690
binance,WAXP_USDT,WAXPUSDT,33.684507,47.104097,12148.587649,27863.585463,2043636.000000,4689134.000000,true,true,120,1780406220000,0.005955,0.005955
binance,WCT_USDT,WCTUSDT,42.975864,64.783245,20302.551800,32945.199860,378704.000000,614711.000000,true,true,120,1780406220000,0.053840,0.053840
binance,WET_USDT,WETUSDT,81.468396,100.057379,15067.331680,32690.259500,215218.000000,467529.000000,true,true,120,1780406220000,0.070230,0.070230
binance,WIF_USDT,WIFUSDT,67.229771,97.027534,433939.185060,862519.432760,2300293.400000,4577147.700000,true,true,120,1780406220000,0.189100,0.189100
binance,WLD_USDT,WLDUSDT,144.483592,217.651187,8080178.048400,19049980.446400,19302694.000000,45681674.000000,true,true,120,1780406220000,0.418500,0.418500
binance,WLFI_USDT,WLFIUSDT,63.272493,94.063354,189502.406600,558336.874400,3200852.000000,9438048.000000,true,true,120,1780406220000,0.059200,0.059200
binance,WOO_USDT,WOOUSDT,57.419625,98.201670,25330.928440,74058.460400,1515466.000000,4434757.000000,true,true,120,1780406220000,0.016720,0.016720
binance,W_USDT,WUSDT,63.758514,119.186899,171903.770541,349190.324789,13372520.100000,27193278.600000,true,true,120,1780406220000,0.012890,0.012890
binance,XAI_USDT,XAIUSDT,87.555329,174.218864,73894.401310,288186.713300,7343957.000000,28552764.000000,true,true,120,1780406220000,0.010030,0.010030
binance,XAN_USDT,XANUSDT,119.484185,169.834014,133390.821765,249108.697326,13464677.000000,24944560.000000,true,true,120,1780406220000,0.009934,0.009934
binance,XAUT_USDT,XAUTUSDT,16.998127,30.477233,1122949.837790,1777019.334740,249.739000,394.849000,true,true,120,1780406220000,4493.810000,4493.810000
binance,XLM_USDT,XLMUSDT,127.241685,150.464993,7428622.251430,12893037.786540,31924300.000000,55717350.000000,true,true,120,1780406220000,0.233250,0.233250
binance,XMR_USDT,XMRUSDT,94.508924,122.538450,1073060.459420,2020294.723550,3120.633000,5872.605000,true,true,120,1780406220000,343.020000,343.020000
binance,XNY_USDT,XNYUSDT,93.860752,155.873947,15694.675531,47545.160793,2405063.000000,7257487.000000,true,true,120,1780406220000,0.006576,0.006576
binance,XPIN_USDT,XPINUSDT,86.116527,120.803851,42476.646419,91687.093372,32474960.000000,70048737.000000,true,true,120,1780406220000,0.001314,0.001314
binance,XPL_USDT,XPLUSDT,124.019754,191.381626,584563.185200,2032350.470900,6166080.000000,21469658.000000,true,true,120,1780406220000,0.095100,0.095100
binance,XRP_USDT,XRPUSDT,32.039582,44.284494,8869218.042200,18623349.548610,7016584.400000,14747851.400000,true,true,120,1780406220000,1.265800,1.265800
binance,XTZ_USDT,XTZUSDT,38.371884,50.841145,34903.234700,55853.328850,111609.600000,178539.000000,true,true,120,1780406220000,0.312900,0.312900
binance,XVS_USDT,XVSUSDT,39.318999,56.403989,6831.702800,18829.129900,2659.100000,7326.200000,true,true,120,1780406220000,2.572000,2.572000
binance,YB_USDT,YBUSDT,101.956976,126.697845,52494.870000,89069.255400,500976.000000,850338.000000,true,true,120,1780406220000,0.105200,0.105200
binance,YFI_USDT,YFIUSDT,45.212405,56.023480,80959.175000,111653.471000,35.902000,49.483000,true,true,120,1780406220000,2259.000000,2259.000000
binance,YGG_USDT,YGGUSDT,58.529599,81.103782,67833.553650,173579.088680,1860104.000000,4768477.000000,true,true,120,1780406220000,0.036460,0.036460
binance,ZAMA_USDT,ZAMAUSDT,56.799745,82.539674,62526.085640,155607.342390,1819373.000000,4517276.000000,true,true,120,1780406220000,0.034420,0.034420
binance,ZBT_USDT,ZBTUSDT,41.473010,57.814635,99921.999440,153330.022840,815243.000000,1249504.000000,true,true,120,1780406220000,0.122390,0.122390
binance,ZEC_USDT,ZECUSDT,177.033001,204.265353,47537844.163920,80391635.892660,82323.738000,140015.755000,true,true,120,1780406220000,582.840000,582.840000
binance,ZEREBRO_USDT,ZEREBROUSDT,98.108931,147.398761,32532.113304,131139.663348,1287884.000000,5216161.000000,true,true,120,1780406220000,0.025430,0.025430
binance,ZETA_USDT,ZETAUSDT,95.508411,118.839773,41466.880670,70878.508790,823281.000000,1412101.000000,true,true,120,1780406220000,0.050430,0.050430
binance,ZIL_USDT,ZILUSDT,93.183880,154.543781,28164.750590,53312.814730,7571360.000000,14336367.000000,true,true,121,1780406280000,0.003730,0.003730
binance,ZKC_USDT,ZKCUSDT,45.344265,58.558579,16386.591020,27801.410840,265741.000000,451077.000000,true,true,121,1780406280000,0.061750,0.061750
binance,ZKP_USDT,ZKPUSDT,41.152767,56.569168,16725.509150,43232.290210,249764.000000,645551.000000,true,true,121,1780406280000,0.067030,0.067030
binance,ZK_USDT,ZKUSDT,57.050517,80.140418,80742.999750,155851.169180,5895595.000000,11394677.000000,true,true,121,1780406280000,0.013710,0.013710
binance,ZORA_USDT,ZORAUSDT,283.055045,304.746543,1086275.827150,1255230.276510,93632883.000000,108584710.000000,true,true,121,1780406280000,0.011600,0.011600
binance,ZRO_USDT,ZROUSDT,60.073644,80.560899,147103.449560,246135.335890,129743.400000,217243.200000,true,true,121,1780406280000,1.137700,1.137700
binance,ZRX_USDT,ZRXUSDT,50.340472,75.664713,23885.320420,34682.272610,231322.700000,335918.200000,true,true,121,1780406280000,0.103500,0.103500
binance,币安人生_USDT,币安人生USDT,130.688741,183.160908,1169041.148880,2441766.821880,1894037.000000,3953395.000000,true,true,121,1780406280000,0.617140,0.617140
binance,我踏马来了_USDT,我踏马来了USDT,63.221663,142.828850,12050.009292,55276.176908,1432055.000000,6553080.000000,true,true,121,1780406280000,0.008431,0.008431
binance,龙虾_USDT,龙虾USDT,172.873466,199.743606,98949.403618,119986.206907,14399751.000000,17434549.000000,true,true,121,1780406280000,0.006838,0.006838
