exchange,symbol,exchange_symbol,vol_30m_bps,vol_60m_bps,quote_volume_30m,quote_volume_60m,volume_30m,volume_60m,valid_30m,valid_60m,close_count,latest_closed_open_time_ms,reference_price
gate,0G_USDT,0G_USDT,9.732361,9.732361,102.800000,102.800000,250.000000,250.000000,true,true,120,1780406220000,0.411200
gate,1INCH_USDT,1INCH_USDT,0.000000,43.556951,0.000000,158.072190,0.000000,1891.000000,true,true,120,1780406220000,0.083770
gate,2Z_USDT,2Z_USDT,6.464021,28.453602,58.321000,100.003000,7.000000,12.000000,true,true,120,1780406220000,0.083280
gate,4_USDT,4_USDT,64.523413,99.624885,890.864160,1352.704350,10094.000000,15328.000000,true,true,120,1780406220000,0.008850
gate,AAVE_USDT,AAVE_USDT,44.871119,64.896725,32159.158600,45422.559800,41477.000000,58634.000000,true,true,120,1780406220000,77.510000
gate,ACE_USDT,ACE_USDT,33.512030,77.868789,911.525830,1679.168940,78862.000000,145051.000000,true,true,120,1780406220000,0.115400
gate,ACH_USDT,ACH_USDT,90.156824,104.685841,10717.706912,20867.081994,156000.000000,304811.000000,true,true,120,1780406220000,0.006208
gate,ACT_USDT,ACT_USDT,67.486834,87.290460,4843.652200,7121.626900,40966.000000,60206.000000,true,true,120,1780406220000,0.011870
gate,ACU_USDT,ACU_USDT,101.709622,135.639766,930.457200,1797.749900,1012.000000,1957.000000,true,true,120,1780406220000,0.092180
gate,ADA_USDT,ADA_USDT,46.178351,66.785829,579807.585000,1373592.126000,260032.000000,617437.000000,true,true,120,1780406220000,0.223200
gate,AERO_USDT,AERO_USDT,52.876430,69.748671,1756.942200,2558.769000,4523.000000,6593.000000,true,true,120,1780406220000,0.387800
gate,AEVO_USDT,AEVO_USDT,56.475944,69.187293,4207.181580,5842.083590,175905.000000,244115.000000,true,true,120,1780406220000,0.023880
gate,AGLD_USDT,AGLD_USDT,41.046329,66.043122,1168.769600,1812.843900,5352.000000,8312.000000,true,true,120,1780406220000,0.218600
gate,AGT_USDT,AGT_USDT,95.005897,125.797231,1798.158000,2897.765300,1424.000000,2300.000000,true,true,120,1780406220000,0.012574
gate,AIA_USDT,AIA_USDT,199.803933,226.070623,52166.691000,78548.543900,73912.000000,110347.000000,true,true,120,1780406220000,0.070280
gate,AIGENSYN_USDT,AIGENSYN_USDT,121.023475,172.615280,11961.257000,13536.170000,3997.000000,4520.000000,true,true,120,1780406220000,0.029720
gate,AIN_USDT,AIN_USDT,378.689610,385.400751,1175.676000,1256.018000,158.000000,169.000000,true,true,120,1780406220000,0.076330
gate,AIOT_USDT,AIOT_USDT,203.753557,211.537520,308.258700,654.144200,510.000000,1093.000000,true,true,120,1780406220000,0.060720
gate,AIO_USDT,AIO_USDT,98.954088,246.712820,2723.796400,7493.464400,2819.000000,7709.000000,true,true,120,1780406220000,0.096550
gate,AIXBT_USDT,AIXBT_USDT,192.255675,213.461676,41581.965600,42161.263500,146169.000000,148241.000000,true,true,120,1780406220000,0.028730
gate,AKE_USDT,AKE_USDT,60.906699,79.440763,4200.743700,5840.160200,12856.000000,17878.000000,true,true,120,1780406220000,0.000327
gate,AKT_USDT,AKT_USDT,95.841054,140.606616,1042.730300,5070.393700,1359.000000,6614.000000,true,true,120,1780406220000,0.766300
gate,ALCH_USDT,ALCH_USDT,0.000000,65.241113,0.000000,152.875300,0.000000,211.000000,true,true,120,1780406220000,0.072230
gate,ALGO_USDT,ALGO_USDT,54.358185,85.499381,4971.867800,8584.917500,4190.000000,7257.000000,true,true,120,1780406220000,0.119100
gate,ALICE_USDT,ALICE_USDT,71.330655,94.785121,914.717520,1063.363320,74974.000000,87160.000000,true,true,120,1780406220000,0.122200
gate,ALLO_USDT,ALLO_USDT,168.964023,218.014589,172381.843190,228988.122910,1047705.000000,1387786.000000,true,true,120,1780406220000,0.165560
gate,ALL_USDT,ALL_USDT,37.499126,78.581571,231.493200,1361.051900,463.000000,2728.000000,true,true,120,1780406220000,0.501600
gate,ALPINE_USDT,ALPINE_USDT,58.410496,76.576392,600.414400,2489.106800,1424.000000,5894.000000,true,true,120,1780406220000,0.421600
gate,ALT_USDT,ALT_USDT,63.239366,95.682603,1179.789832,6598.751049,168782.000000,943507.000000,true,true,120,1780406220000,0.006982
gate,ANIME_USDT,ANIME_USDT,22.207753,35.513621,114.738310,159.647480,2981.000000,4152.000000,true,true,120,1780406220000,0.003848
gate,ANKR_USDT,ANKR_USDT,34.488129,46.972191,367.767430,912.992670,8122.000000,20170.000000,true,true,120,1780406220000,0.004526
gate,APE_USDT,APE_USDT,72.550781,113.123376,4476.496210,12483.435730,30210.000000,84305.000000,true,true,120,1780406220000,0.148180
gate,API3_USDT,API3_USDT,25.349267,40.983654,2150.606400,5036.007000,7101.000000,16641.000000,true,true,120,1780406220000,0.303100
gate,APR_USDT,APR_USDT,113.023305,116.335657,4780.024900,5075.972500,2751.000000,2920.000000,true,true,120,1780406220000,0.174180
gate,APT_USDT,APT_USDT,72.198952,94.653710,34754.428540,51030.400870,381832.000000,561101.000000,true,true,120,1780406220000,0.912700
gate,ARB_USDT,ARB_USDT,56.798944,78.042230,118056.373830,234652.763720,1200988.000000,2389562.000000,true,true,120,1780406220000,0.098400
gate,ARC_USDT,ARC_USDT,10.901480,25.488392,12094.771500,26081.717800,16482.000000,35535.000000,true,true,120,1780406220000,0.073400
gate,ARIA_USDT,ARIA_USDT,49.765341,80.346573,6090.437300,6828.211500,1590.000000,1780.000000,true,true,120,1780406220000,0.038230
gate,ARKM_USDT,ARKM_USDT,138.389564,186.415516,19081.229100,26248.945000,130590.000000,179884.000000,true,true,120,1780406220000,0.147900
gate,ARK_USDT,ARK_USDT,15.862861,24.232415,55.131300,90.022300,357.000000,583.000000,true,true,120,1780406220000,0.154300
gate,ARPA_USDT,ARPA_USDT,23.286378,48.495438,223.142950,237.347620,2225.000000,2367.000000,true,true,120,1780406220000,0.010037
gate,AR_USDT,AR_USDT,108.779860,150.877132,28059.412600,43188.937200,119840.000000,185225.000000,true,true,120,1780406220000,2.356000
gate,ASR_USDT,ASR_USDT,40.080214,44.784205,99.595000,204.495000,100.000000,205.000000,true,true,120,1780406220000,0.996000
gate,ASTER_USDT,ASTER_USDT,34.470553,56.091837,63599.143000,171301.317000,9364.000000,25186.000000,true,true,120,1780406220000,0.679000
gate,ASTR_USDT,ASTR_USDT,16.808589,23.573903,0.429450,142.631640,6.000000,1993.000000,true,true,120,1780406220000,0.007157
gate,ATH_USDT,ATH_USDT,46.800160,75.823962,1613.501800,1985.864000,2735.000000,3367.000000,true,true,120,1780406220000,0.005896
gate,ATOM_USDT,ATOM_USDT,29.954236,47.438374,4398.867000,6743.673000,2328.000000,3569.000000,true,true,120,1780406220000,1.889000
gate,AT_USDT,AT_USDT,17.636925,35.894421,1717.539500,3090.439300,1440.000000,2588.000000,true,true,120,1780406220000,0.119350
gate,AUCTION_USDT,AUCTION_USDT,0.000000,12.055954,0.000000,230.178600,0.000000,515.000000,true,true,120,1780406220000,4.470000
gate,AVAAI_USDT,AVAAI_USDT,140.234299,183.111791,8802.350800,12366.870970,133381.000000,186174.000000,true,true,120,1780406220000,0.006610
gate,AVAX_USDT,AVAX_USDT,40.997046,55.761070,188955.306000,332628.799000,21737.000000,38286.000000,true,true,120,1780406220000,8.702000
gate,AVA_USDT,AVA_USDT,44.313329,52.272624,238.974700,310.269000,1105.000000,1434.000000,true,true,120,1780406220000,0.216100
gate,AVNT_USDT,AVNT_USDT,49.088698,76.235274,3701.530000,7764.160000,2743.000000,5779.000000,true,true,120,1780406220000,0.135900
gate,AWE_USDT,AWE_USDT,113.054585,122.904270,4018.096000,7244.380000,729.000000,1312.000000,true,true,120,1780406220000,0.055570
gate,AXS_USDT,AXS_USDT,147.270010,172.501976,42596.486020,70498.953440,356008.000000,591103.000000,true,true,120,1780406220000,1.197800
gate,AZTEC_USDT,AZTEC_USDT,108.135123,131.848964,59385.386000,101959.003000,25161.000000,43130.000000,true,true,120,1780406220000,0.023640
gate,A_USDT,A_USDT,34.918743,71.437776,16.283380,278.604700,217.000000,3709.000000,true,true,120,1780406220000,0.075050
gate,B2_USDT,B2_USDT,41.954074,72.212219,1144.621000,6232.805000,236.000000,1284.000000,true,true,120,1780406220000,0.485500
gate,BABY_USDT,BABY_USDT,73.347166,96.912995,1540.302000,1625.382000,1109.000000,1170.000000,true,true,120,1780406220000,0.013960
gate,BANANAS31_USDT,BANANAS31_USDT,17.533341,26.107080,1008.252000,1051.636000,93.000000,97.000000,true,true,120,1780406220000,0.010827
gate,BANANA_USDT,BANANA_USDT,34.375400,48.448770,113.998500,457.730100,319.000000,1279.000000,true,true,120,1780406220000,3.578000
gate,BAND_USDT,BAND_USDT,23.193367,41.950236,507.283990,535.607840,24541.000000,25913.000000,true,true,120,1780406220000,0.206700
gate,BANK_USDT,BANK_USDT,207.623634,215.682072,16884.038000,17962.970000,4816.000000,5128.000000,true,true,120,1780406220000,0.035380
gate,BAN_USDT,BAN_USDT,53.469217,84.161403,1381.946500,1520.909500,1867.000000,2055.000000,true,true,120,1780406220000,0.074400
gate,BARD_USDT,BARD_USDT,30.191086,56.442626,1189.681000,1288.947000,644.000000,698.000000,true,true,120,1780406220000,0.184600
gate,BASED_USDT,BASED_USDT,94.555685,185.036439,8377.871700,45258.410000,12095.000000,64946.000000,true,true,120,1780406220000,0.069440
gate,BAS_USDT,BAS_USDT,127.399964,154.174406,3087.967800,10486.541600,1295.000000,4391.000000,true,true,120,1780406220000,0.023802
gate,BAT_USDT,BAT_USDT,42.130728,50.578069,2.121600,40.407900,2.000000,38.000000,true,true,120,1780406220000,0.106250
gate,BB_USDT,BB_USDT,60.031045,92.085604,4166.584600,8215.714700,15439.000000,30483.000000,true,true,120,1780406220000,0.027000
gate,BCH_USDT,BCH_USDT,59.589932,74.581293,92759.524000,203089.462400,32520.000000,71428.000000,true,true,120,1780406220000,286.190000
gate,BEAMX_USDT,BEAMX_USDT,0.000000,45.166465,0.000000,85.095400,0.000000,500.000000,true,true,120,1780406220000,0.001705
gate,BEAT_USDT,BEAT_USDT,145.840982,199.458587,40917.909000,121297.474000,3696.000000,10957.000000,true,true,120,1780406220000,1.105600
gate,BEL_USDT,BEL_USDT,3.562324,28.058183,1007.042500,1047.332280,9951.000000,10349.000000,true,true,120,1780406220000,0.101220
gate,BERA_USDT,BERA_USDT,37.228848,83.862772,2758.096000,4818.973600,8018.000000,14046.000000,true,true,120,1780406220000,0.343800
gate,BICO_USDT,BICO_USDT,49.625835,58.709874,337.218009,590.954655,140928.000000,247146.000000,true,true,120,1780406220000,0.023970
gate,BIGTIME_USDT,BIGTIME_USDT,33.439684,43.789837,1032.239000,2148.881000,924.000000,1922.000000,true,true,120,1780406220000,0.011190
gate,BILL_USDT,BILL_USDT,1161.612011,1238.000025,1215867.305000,1398043.018000,140977.000000,160042.000000,true,true,120,1780406220000,0.084290
gate,BIO_USDT,BIO_USDT,440.328208,470.413580,185719.066920,262683.660730,5605675.000000,7995132.000000,true,true,120,1780406220000,0.032640
gate,BIRB_USDT,BIRB_USDT,77.644926,78.520973,108.513900,132.011000,115.000000,140.000000,true,true,120,1780406220000,0.094690
gate,BLESS_USDT,BLESS_USDT,53.019764,125.016608,2332.181100,6249.142600,4537.000000,12171.000000,true,true,120,1780406220000,0.005154
gate,BLUAI_USDT,BLUAI_USDT,573.027456,579.939487,40954.870300,62990.967400,32973.000000,49951.000000,true,true,120,1780406220000,0.012163
gate,BLUR_USDT,BLUR_USDT,47.101914,78.732219,5658.530360,7171.458660,271974.000000,344848.000000,true,true,120,1780406220000,0.020840
gate,BMT_USDT,BMT_USDT,0.000000,6.449533,0.000000,29.617500,0.000000,191.000000,true,true,120,1780406220000,0.015500
gate,BNB_USDT,BNB_USDT,36.781992,51.207815,2714600.490800,3350506.465600,4018550.000000,4957090.000000,true,true,120,1780406220000,675.600000
gate,BNT_USDT,BNT_USDT,0.000000,23.008337,0.000000,129.964300,0.000000,411.000000,true,true,120,1780406220000,0.316900
gate,BOME_USDT,BOME_USDT,69.622603,104.350561,539.311000,7242.658100,1059.000000,14259.000000,true,true,120,1780406220000,0.000513
gate,BRETT_USDT,BRETT_USDT,62.455093,98.542857,1468.920450,1986.671530,21923.000000,29695.000000,true,true,120,1780406220000,0.006709
gate,BREV_USDT,BREV_USDT,16.775328,46.641556,3370.953000,6055.785000,3264.000000,5867.000000,true,true,120,1780406220000,0.103400
gate,BROCCOLIF3B_USDT,BROCCOLIF3B_USDT,62.034544,97.729965,1277.163700,2159.512100,2292.000000,3873.000000,true,true,120,1780406220000,0.005580
gate,BR_USDT,BR_USDT,43.007738,60.711768,4290.488700,5797.576400,3695.000000,5004.000000,true,true,120,1780406220000,0.115680
gate,BSB_USDT,BSB_USDT,178.886615,248.322395,106686.094300,193103.921900,39399.000000,70916.000000,true,true,120,1780406220000,0.270420
gate,BSV_USDT,BSV_USDT,42.749583,86.922999,5255.022700,41999.899800,35994.000000,285583.000000,true,true,120,1780406220000,14.630000
gate,BTC_USDT,BTC_USDT,36.540801,45.220860,320907742.191240,583701385.939560,46493808.000000,84471850.000000,true,true,120,1780406220000,68962.900000
gate,BTR_USDT,BTR_USDT,63.584894,79.878384,835.730500,1410.534000,3405.000000,5760.000000,true,true,120,1780406220000,0.024600
gate,BULLA_USDT,BULLA_USDT,65.418601,88.825877,94.242170,2186.757910,1716.000000,40000.000000,true,true,120,1780406220000,0.005475
gate,B_USDT,B_USDT,76.031367,93.344674,7325.522000,8532.341000,3055.000000,3562.000000,true,true,120,1780406220000,0.242100
gate,C98_USDT,C98_USDT,44.335934,59.402176,164.002380,256.486980,8815.000000,13795.000000,true,true,120,1780406220000,0.018640
gate,CAKE_USDT,CAKE_USDT,56.660409,73.295748,875.193740,2692.335040,6238.000000,19162.000000,true,true,120,1780406220000,1.401900
gate,CARV_USDT,CARV_USDT,21.090672,43.277047,485.686700,3528.657000,972.000000,7072.000000,true,true,120,1780406220000,0.049920
gate,CATI_USDT,CATI_USDT,113.775890,356.172069,6754.812880,22314.343080,137017.000000,445831.000000,true,true,120,1780406220000,0.048780
gate,CC_USDT,CC_USDT,42.666778,62.903364,4170.236200,5063.215700,2685.000000,3264.000000,true,true,120,1780406220000,0.155480
gate,CELO_USDT,CELO_USDT,0.000000,0.000000,20.179450,20.179450,277.000000,277.000000,true,true,120,1780406220000,0.072850
gate,CELR_USDT,CELR_USDT,0.000000,0.000000,0.000000,0.000000,0.000000,0.000000,true,true,120,1780406220000,0.002568
gate,CETUS_USDT,CETUS_USDT,26.227257,67.890661,26.392700,187.951500,117.000000,837.000000,true,true,120,1780406220000,0.022550
gate,CFG_USDT,CFG_USDT,108.819735,140.359757,7255.023500,10464.024000,2816.000000,4065.000000,true,true,120,1780406220000,0.256180
gate,CFX_USDT,CFX_USDT,41.118951,61.034854,6525.257900,11150.847100,12503.000000,21398.000000,true,true,120,1780406220000,0.052070
gate,CGPT_USDT,CGPT_USDT,20.026765,122.688521,698.005600,1235.606700,2795.000000,4958.000000,true,true,120,1780406220000,0.024980
gate,CHILLGUY_USDT,CHILLGUY_USDT,70.113977,88.535396,187.951520,1637.981990,1996.000000,17307.000000,true,true,120,1780406220000,0.009420
gate,CHIP_USDT,CHIP_USDT,268.289762,378.267928,139619.624000,618644.299000,32323.000000,142266.000000,true,true,120,1780406220000,0.043470
gate,CHR_USDT,CHR_USDT,36.255180,107.618734,835.621000,1529.717600,3946.000000,7218.000000,true,true,120,1780406220000,0.021150
gate,CHZ_USDT,CHZ_USDT,89.020193,120.555226,23524.266000,35448.079000,6618.000000,9982.000000,true,true,120,1780406220000,0.035720
gate,CKB_USDT,CKB_USDT,22.423378,57.314313,141.357400,588.584600,1121.000000,4674.000000,true,true,120,1780406220000,0.001262
gate,CLANKER_USDT,CLANKER_USDT,21.516953,34.434671,7.430000,83.687000,4.000000,45.000000,true,true,120,1780406220000,18.570000
gate,CLO_USDT,CLO_USDT,225.882274,331.838361,46654.710600,111527.565400,34954.000000,84434.000000,true,true,120,1780406220000,0.133760
gate,COAI_USDT,COAI_USDT,41.543255,110.218008,2180.609000,22726.597000,746.000000,7766.000000,true,true,120,1780406220000,0.293500
gate,COLLECT_USDT,COLLECT_USDT,202.389720,226.297264,6602.545000,12743.932000,1078.000000,2089.000000,true,true,120,1780406220000,0.060270
gate,COMP_USDT,COMP_USDT,28.187764,47.219527,1247.311100,1400.363600,7039.000000,7902.000000,true,true,120,1780406220000,17.750000
gate,COOKIE_USDT,COOKIE_USDT,64.890581,90.568273,120.327500,267.066300,934.000000,2067.000000,true,true,120,1780406220000,0.012930
gate,COS_USDT,COS_USDT,66.719319,66.992105,229.640800,313.122800,198.000000,270.000000,true,true,120,1780406220000,0.001162
gate,COTI_USDT,COTI_USDT,83.432596,87.180785,97.685800,159.566580,7810.000000,12763.000000,true,true,120,1780406220000,0.012460
gate,COW_USDT,COW_USDT,81.937643,126.991193,11.436000,456.603000,7.000000,278.000000,true,true,120,1780406220000,0.164400
gate,CROSS_USDT,CROSS_USDT,96.064764,177.392238,1337.495100,4414.821500,1303.000000,4281.000000,true,true,120,1780406220000,0.102940
gate,CRV_USDT,CRV_USDT,47.343819,66.757370,9136.547210,10315.369980,432770.000000,488746.000000,true,true,120,1780406220000,0.211600
gate,CTK_USDT,CTK_USDT,0.000000,39.262254,0.000000,368.087700,0.000000,2446.000000,true,true,120,1780406220000,0.151100
gate,CTR_USDT,CTR_USDT,210.935546,247.264380,23025.768000,50166.529000,13360.000000,28953.000000,true,true,120,1780406220000,0.017050
gate,CTSI_USDT,CTSI_USDT,39.851045,63.815502,10.642760,43.433800,384.000000,1568.000000,true,true,120,1780406220000,0.027730
gate,CVC_USDT,CVC_USDT,9.498787,24.863467,668.089000,1965.950700,2398.000000,7054.000000,true,true,120,1780406220000,0.027870
gate,CVX_USDT,CVX_USDT,83.067497,92.367347,537.562500,539.370500,3589.000000,3601.000000,true,true,120,1780406220000,1.500000
gate,CYBER_USDT,CYBER_USDT,4.953300,4.953300,273.984940,273.984940,6067.000000,6067.000000,true,true,120,1780406220000,0.451600
gate,CYS_USDT,CYS_USDT,184.889451,199.813034,19513.806000,22576.074000,4266.000000,4954.000000,true,true,120,1780406220000,0.463400
gate,C_USDT,C_USDT,159.740212,223.429367,1774.582800,8926.499400,1985.000000,10023.000000,true,true,120,1780406220000,0.090080
gate,DASH_USDT,DASH_USDT,82.342016,108.408559,38370.023000,61284.816700,96540.000000,154222.000000,true,true,120,1780406220000,39.920000
gate,DEEP_USDT,DEEP_USDT,52.101784,69.563981,5714.496000,9725.621000,2170.000000,3694.000000,true,true,120,1780406220000,0.026370
gate,DEXE_USDT,DEXE_USDT,57.233978,145.693618,14439.848100,34076.008600,8068.000000,18965.000000,true,true,120,1780406220000,17.810000
gate,DIA_USDT,DIA_USDT,33.468710,37.819625,160.950000,258.634000,1000.000000,1608.000000,true,true,120,1780406220000,0.161200
gate,DOGE_USDT,DOGE_USDT,36.852863,49.449393,1519719.036500,3291686.393100,1539201.000000,3335174.000000,true,true,120,1780406220000,0.098900
gate,DOGS_USDT,DOGS_USDT,66.982015,91.066350,2165.437560,4607.929174,4315865.000000,9189106.000000,true,true,120,1780406220000,0.000050
gate,DOLO_USDT,DOLO_USDT,20.130830,42.633611,605.360000,972.835000,209.000000,336.000000,true,true,120,1780406220000,0.029000
gate,DOOD_USDT,DOOD_USDT,0.000000,23.856363,0.000000,27.754000,0.000000,13.000000,true,true,120,1780406220000,0.002134
gate,DOT_USDT,DOT_USDT,64.029773,90.551956,51849.994000,119028.800000,45555.000000,104609.000000,true,true,120,1780406220000,1.138000
gate,DRIFT_USDT,DRIFT_USDT,76.400474,135.096568,4521.604300,8211.597500,22236.000000,40348.000000,true,true,120,1780406220000,0.020370
gate,DUSK_USDT,DUSK_USDT,30.132174,30.132174,234.286600,234.286600,202.000000,202.000000,true,true,120,1780406220000,0.116330
gate,DYDX_USDT,DYDX_USDT,70.865664,94.692753,13460.661603,15963.382029,774102.000000,918742.000000,true,true,120,1780406220000,0.174960
gate,DYM_USDT,DYM_USDT,57.784271,89.210795,1058.114490,13113.403790,54855.000000,680990.000000,true,true,120,1780406220000,0.019270
gate,D_USDT,D_USDT,6.288463,79.199139,632.961700,2096.404650,5933.000000,19618.000000,true,true,120,1780406220000,0.010664
gate,EDEN_USDT,EDEN_USDT,67.128450,115.714091,5274.221600,10968.640400,11588.000000,24092.000000,true,true,120,1780406220000,0.045320
gate,EDGE_USDT,EDGE_USDT,50.726652,62.691922,2439.816900,3186.574500,3075.000000,4012.000000,true,true,120,1780406220000,0.079170
gate,EDU_USDT,EDU_USDT,68.203941,99.079966,1348.093200,3629.069710,30071.000000,81025.000000,true,true,120,1780406220000,0.044910
gate,EGLD_USDT,EGLD_USDT,42.364750,66.664319,22763.971000,48154.756300,65130.000000,137863.000000,true,true,120,1780406220000,3.498000
gate,EIGEN_USDT,EIGEN_USDT,141.403722,168.582049,94456.254100,132468.784800,427478.000000,599863.000000,true,true,120,1780406220000,0.224100
gate,ELSA_USDT,ELSA_USDT,4.811934,53.954368,9.972800,643.888800,16.000000,1031.000000,true,true,120,1780406220000,0.062330
gate,ENA_USDT,ENA_USDT,73.995314,106.339257,154908.687500,282311.311300,177665.000000,324494.000000,true,true,120,1780406220000,0.087410
gate,ENJ_USDT,ENJ_USDT,22.948544,62.797583,0.707640,2353.972770,19.000000,63306.000000,true,true,120,1780406220000,0.037300
gate,ENSO_USDT,ENSO_USDT,23.974526,62.065414,43618.068700,48635.224000,63148.000000,70428.000000,true,true,120,1780406220000,0.691000
gate,ENS_USDT,ENS_USDT,46.185414,60.523194,2713.949500,3502.320500,4776.000000,6168.000000,true,true,120,1780406220000,5.676000
gate,EPIC_USDT,EPIC_USDT,418.743581,857.407233,113501.577600,472482.115900,276353.000000,1097192.000000,true,true,120,1780406220000,0.425700
gate,ERA_USDT,ERA_USDT,26.555920,32.556219,2109.817000,2662.589000,1772.000000,2237.000000,true,true,120,1780406220000,0.119100
gate,ESPORTS_USDT,ESPORTS_USDT,259.624579,407.571458,120591.774100,501525.035500,25394.000000,105197.000000,true,true,120,1780406220000,0.046880
gate,ESP_USDT,ESP_USDT,44.677077,47.151988,1562.894700,1865.081700,2580.000000,3080.000000,true,true,120,1780406220000,0.060530
gate,ETC_USDT,ETC_USDT,34.269973,46.969307,9456.921800,13424.341500,11871.000000,16863.000000,true,true,120,1780406220000,7.975000
gate,ETHFI_USDT,ETHFI_USDT,62.812472,92.961396,5726.572950,21966.428940,150453.000000,577865.000000,true,true,120,1780406220000,0.381900
gate,ETHW_USDT,ETHW_USDT,16.980188,31.071634,26.036490,57.914380,922.000000,2050.000000,true,true,120,1780406220000,0.282200
gate,ETH_USDT,ETH_USDT,33.704994,46.943579,111301746.028280,235544306.018810,5634143.000000,11919725.000000,true,true,120,1780406220000,1977.210000
gate,EUL_USDT,EUL_USDT,251.763209,303.156805,9463.609600,10029.880900,6764.000000,7177.000000,true,true,120,1780406220000,1.390100
gate,EVAA_USDT,EVAA_USDT,100.600218,110.222671,4347.376500,4764.220700,10885.000000,11924.000000,true,true,120,1780406220000,0.399600
gate,FARTCOIN_USDT,FARTCOIN_USDT,59.101565,93.833257,90013.562550,187370.489520,602167.000000,1254119.000000,true,true,120,1780406220000,0.149550
gate,FET_USDT,FET_USDT,123.025852,170.463472,168797.969300,360540.820700,617108.000000,1324202.000000,true,true,120,1780406220000,0.275500
gate,FF_USDT,FF_USDT,122.988500,161.637636,107418.380400,154001.555200,100976.000000,144374.000000,true,true,120,1780406220000,0.106600
gate,FHE_USDT,FHE_USDT,92.599068,133.057077,845.374000,2275.634000,346.000000,933.000000,true,true,120,1780406220000,0.024440
gate,FIDA_USDT,FIDA_USDT,36.513332,85.111987,1014.804010,5409.450610,44599.000000,238504.000000,true,true,120,1780406220000,0.022730
gate,FIGHT_USDT,FIGHT_USDT,105.220989,129.196430,1521.783500,4367.758200,3609.000000,10321.000000,true,true,120,1780406220000,0.004213
gate,FIL_USDT,FIL_USDT,65.387463,102.627934,61738.764104,187453.112875,6572153.000000,19963146.000000,true,true,120,1780406220000,0.941600
gate,FLOCK_USDT,FLOCK_USDT,69.814592,141.843523,1048.624540,3527.261840,19303.000000,64860.000000,true,true,120,1780406220000,0.054410
gate,FLOW_USDT,FLOW_USDT,25.693540,61.393510,2.218826,1035.960981,712.000000,334576.000000,true,true,120,1780406220000,0.031180
gate,FLUID_USDT,FLUID_USDT,35.045611,50.659504,559.863000,1464.992000,409.000000,1072.000000,true,true,120,1780406220000,1.372000
gate,FLUX_USDT,FLUX_USDT,27.632808,53.417170,69.078570,489.287780,1059.000000,7523.000000,true,true,120,1780406220000,0.065230
gate,FOGO_USDT,FOGO_USDT,43.163379,73.213922,3298.594000,6397.443000,2279.000000,4428.000000,true,true,120,1780406220000,0.014470
gate,FOLKS_USDT,FOLKS_USDT,7.377352,36.899854,5781.104000,6258.593000,4265.000000,4617.000000,true,true,120,1780406220000,1.356000
gate,FORM_USDT,FORM_USDT,39.750310,68.491954,207.637200,1268.278400,833.000000,5116.000000,true,true,120,1780406220000,0.250200
gate,FRAX_USDT,FRAX_USDT,0.000000,11.170289,0.000000,760.440000,0.000000,190.000000,true,true,120,1780406220000,0.400100
gate,F_USDT,F_USDT,16.185926,45.843199,2016.782500,4884.797130,41453.000000,100511.000000,true,true,120,1780406220000,0.004863
gate,GALA_USDT,GALA_USDT,48.673728,64.230558,31482.930380,56429.301250,1032869.000000,1851645.000000,true,true,120,1780406220000,0.003052
gate,GAS_USDT,GAS_USDT,15.984476,15.984476,96.563000,96.563000,69.000000,69.000000,true,true,120,1780406220000,1.399000
gate,GENIUS_USDT,GENIUS_USDT,54.533959,80.708580,3084.371000,12354.607000,686.000000,2759.000000,true,true,120,1780406220000,0.449300
gate,GIGGLE_USDT,GIGGLE_USDT,62.814565,83.369657,17863.818600,21695.182400,59115.000000,71740.000000,true,true,120,1780406220000,30.250000
gate,GLM_USDT,GLM_USDT,33.157493,45.648629,10.519000,22.371000,8.000000,17.000000,true,true,120,1780406220000,0.131600
gate,GMT_USDT,GMT_USDT,54.915484,79.441487,3983.476200,6841.943350,380357.000000,653740.000000,true,true,120,1780406220000,0.010470
gate,GMX_USDT,GMX_USDT,30.108201,37.663690,560.135900,591.291640,8454.000000,8923.000000,true,true,120,1780406220000,6.637000
gate,GOAT_USDT,GOAT_USDT,55.988620,113.993740,9223.028800,55009.426900,54533.000000,324372.000000,true,true,120,1780406220000,0.016854
gate,GPS_USDT,GPS_USDT,183.169545,229.741188,5023.160700,7697.831100,6211.000000,9508.000000,true,true,120,1780406220000,0.008126
gate,GRASS_USDT,GRASS_USDT,112.581647,141.608348,8005.078000,12024.623000,1648.000000,2484.000000,true,true,120,1780406220000,0.486000
gate,GRIFFAIN_USDT,GRIFFAIN_USDT,54.650847,98.378042,788.382680,890.982690,7834.000000,8855.000000,true,true,120,1780406220000,0.010086
gate,GRT_USDT,GRT_USDT,59.236304,84.553348,2786.168900,14479.100300,11228.000000,58504.000000,true,true,120,1780406220000,0.024760
gate,GUA_USDT,GUA_USDT,224.412042,334.885729,15012.999400,41934.777800,1852.000000,5143.000000,true,true,120,1780406220000,0.804120
gate,GUN_USDT,GUN_USDT,76.990141,87.742837,3414.313570,4153.018460,47285.000000,57535.000000,true,true,120,1780406220000,0.007242
gate,GWEI_USDT,GWEI_USDT,111.569146,127.013808,22968.229900,23337.570100,2246.000000,2283.000000,true,true,120,1780406220000,0.102418
gate,G_USDT,G_USDT,26.155460,59.892172,1452.712400,3826.683600,4332.000000,11414.000000,true,true,120,1780406220000,0.003360
gate,HAEDAL_USDT,HAEDAL_USDT,0.000000,25.949968,0.000000,24.784800,0.000000,92.000000,true,true,120,1780406220000,0.026940
gate,HANA_USDT,HANA_USDT,34.024465,37.314874,10786.956000,14572.171000,3378.000000,4562.000000,true,true,120,1780406220000,0.031850
gate,HBAR_USDT,HBAR_USDT,42.654687,57.918497,20768.269000,35656.760900,23048.000000,39598.000000,true,true,120,1780406220000,0.090240
gate,HEI_USDT,HEI_USDT,130.633629,162.645769,20196.876050,25581.414560,282453.000000,356300.000000,true,true,120,1780406220000,0.071810
gate,HEMI_USDT,HEMI_USDT,48.759269,73.375905,2442.481600,3479.669000,3471.000000,4935.000000,true,true,120,1780406220000,0.007047
gate,HFT_USDT,HFT_USDT,67.717573,72.227366,1239.585700,1363.789840,104220.000000,114605.000000,true,true,120,1780406220000,0.011920
gate,HIGH_USDT,HIGH_USDT,39.129316,75.269450,1443.046600,1665.532200,11528.000000,13299.000000,true,true,120,1780406220000,0.125600
gate,HIVE_USDT,HIVE_USDT,75.094291,131.784809,29328.271550,43016.233040,477775.000000,699914.000000,true,true,120,1780406220000,0.061370
gate,HMSTR_USDT,HMSTR_USDT,35.878977,68.171744,697.253460,1442.319140,42313.000000,87557.000000,true,true,120,1780406220000,0.000165
gate,HOLO_USDT,HOLO_USDT,23.178905,60.340805,649.511600,729.990500,924.000000,1039.000000,true,true,120,1780406220000,0.070340
gate,HOME_USDT,HOME_USDT,228.773449,342.245844,44472.637000,102115.561000,9056.000000,20892.000000,true,true,120,1780406220000,0.049230
gate,HUMA_USDT,HUMA_USDT,35.902607,35.902607,940.665000,940.665000,361.000000,361.000000,true,true,120,1780406220000,0.026060
gate,HYPER_USDT,HYPER_USDT,61.965302,67.672881,4616.350000,9301.377000,5134.000000,10345.000000,true,true,120,1780406220000,0.089900
gate,HYPE_USDT,HYPE_USDT,118.391635,142.145207,3495583.677400,5539734.142700,476660.000000,756285.000000,true,true,120,1780406220000,72.967000
gate,H_USDT,H_USDT,518.364862,572.634669,1866463.225800,2872938.345600,279471.000000,418962.000000,true,true,120,1780406220000,0.659970
gate,ICNT_USDT,ICNT_USDT,0.000000,94.377217,0.000000,2512.984000,0.000000,1065.000000,true,true,120,1780406220000,0.235800
gate,ICP_USDT,ICP_USDT,159.166695,213.884509,99230.537775,203923.542185,32489193.000000,66729049.000000,true,true,120,1780406220000,3.095000
gate,ICX_USDT,ICX_USDT,0.000000,35.876617,0.000000,30.048230,0.000000,803.000000,true,true,120,1780406220000,0.037390
gate,IDOL_USDT,IDOL_USDT,242.827465,405.583745,2575.735300,41871.658900,801.000000,12590.000000,true,true,120,1780406220000,0.032337
gate,ID_USDT,ID_USDT,59.857240,93.775082,5100.205660,9526.087470,157662.000000,294172.000000,true,true,120,1780406220000,0.032400
gate,ILV_USDT,ILV_USDT,0.000000,36.698175,0.000000,300.241900,0.000000,7738.000000,true,true,120,1780406220000,3.892000
gate,IMX_USDT,IMX_USDT,53.637960,73.821993,1488.671400,4202.425600,9412.000000,26640.000000,true,true,120,1780406220000,0.158400
gate,INIT_USDT,INIT_USDT,1.456346,72.573342,387.985500,1494.615000,565.000000,2177.000000,true,true,120,1780406220000,0.068670
gate,INJ_USDT,INJ_USDT,89.823446,163.689435,78078.080700,145659.457700,110002.000000,204896.000000,true,true,120,1780406220000,7.086000
gate,INX_USDT,INX_USDT,60.817498,91.652499,915.461000,23738.654000,1001.000000,25921.000000,true,true,120,1780406220000,0.009110
gate,IN_USDT,IN_USDT,77.192612,171.710068,6159.305000,22208.644000,708.000000,2553.000000,true,true,120,1780406220000,0.087030
gate,IOST_USDT,IOST_USDT,31.559670,42.362920,837.339190,1184.541740,83605.000000,118286.000000,true,true,120,1780406220000,0.001003
gate,IOTA_USDT,IOTA_USDT,43.185121,76.450717,1445.425420,2520.565310,25797.000000,44992.000000,true,true,120,1780406220000,0.056080
gate,IOTX_USDT,IOTX_USDT,35.825469,77.311545,326.826460,1087.663940,7799.000000,26058.000000,true,true,120,1780406220000,0.004185
gate,IO_USDT,IO_USDT,129.467351,187.576426,42320.830100,78809.414620,238617.000000,446838.000000,true,true,120,1780406220000,0.176770
gate,IP_USDT,IP_USDT,53.074054,79.852125,10120.072300,12700.183500,23495.000000,29499.000000,true,true,120,1780406220000,0.431000
gate,IRYS_USDT,IRYS_USDT,57.617402,103.407966,8796.047000,21783.398000,3820.000000,9475.000000,true,true,120,1780406220000,0.023030
gate,JASMY_USDT,JASMY_USDT,33.067364,59.466530,1025.494564,1721.181711,191778.000000,322468.000000,true,true,120,1780406220000,0.005342
gate,JCT_USDT,JCT_USDT,142.683047,151.052649,2295.321000,5900.981000,591.000000,1512.000000,true,true,120,1780406220000,0.003865
gate,JELLYJELLY_USDT,JELLYJELLY_USDT,134.699501,147.645719,3411.175600,5870.121300,5646.000000,9739.000000,true,true,120,1780406220000,0.061090
gate,JOE_USDT,JOE_USDT,17.043637,47.107442,39.813430,74.912920,1011.000000,1902.000000,true,true,120,1780406220000,0.039380
gate,JST_USDT,JST_USDT,17.325049,17.325049,28.528000,28.528000,3.000000,3.000000,true,true,120,1780406220000,0.095080
gate,JTO_USDT,JTO_USDT,212.110343,251.198710,163728.453200,247612.738400,266596.000000,403947.000000,true,true,120,1780406220000,0.620900
gate,JUP_USDT,JUP_USDT,90.760425,138.808536,20694.212500,45078.599300,100787.000000,219893.000000,true,true,120,1780406220000,0.205700
gate,KAIA_USDT,KAIA_USDT,44.081047,56.639027,380.363000,1992.333700,811.000000,4238.000000,true,true,120,1780406220000,0.046830
gate,KAITO_USDT,KAITO_USDT,32.826378,35.359897,0.915400,682.129000,2.000000,1495.000000,true,true,120,1780406220000,0.457700
gate,KAS_USDT,KAS_USDT,66.068568,107.795175,11738.412000,23274.425000,3939.000000,7824.000000,true,true,120,1780406220000,0.029710
gate,KAT_USDT,KAT_USDT,75.068374,85.140138,3134.979000,4401.853000,4445.000000,6244.000000,true,true,120,1780406220000,0.007060
gate,KAVA_USDT,KAVA_USDT,58.026539,60.926021,214.765810,273.522870,3912.000000,4981.000000,true,true,120,1780406220000,0.054860
gate,KERNEL_USDT,KERNEL_USDT,22.327684,37.689162,493.996800,526.490200,790.000000,842.000000,true,true,120,1780406220000,0.062500
gate,KGEN_USDT,KGEN_USDT,152.427374,201.490202,16558.364200,25104.824400,7913.000000,12052.000000,true,true,120,1780406220000,0.210200
gate,KITE_USDT,KITE_USDT,41.171295,46.050085,988.123700,2502.534600,481.000000,1218.000000,true,true,120,1780406220000,0.205120
gate,KMNO_USDT,KMNO_USDT,23.094698,58.216196,9.883800,42.873700,57.000000,248.000000,true,true,120,1780406220000,0.017340
gate,KNC_USDT,KNC_USDT,21.859702,21.859702,155.858900,155.858900,1136.000000,1136.000000,true,true,120,1780406220000,0.137300
gate,KOMA_USDT,KOMA_USDT,10.336886,100.858617,41.436830,1611.701180,606.000000,23374.000000,true,true,120,1780406220000,0.006835
gate,KSM_USDT,KSM_USDT,41.255432,50.221901,1406.282000,2259.816000,3190.000000,5128.000000,true,true,120,1780406220000,4.414000
gate,LAB_USDT,LAB_USDT,386.505001,459.689023,11000009.486000,17736172.580700,5592.000000,9066.000000,true,true,120,1780406220000,19.417310
gate,LAYER_USDT,LAYER_USDT,68.598201,80.408538,3464.689830,25790.468070,43393.000000,322674.000000,true,true,120,1780406220000,0.080340
gate,LA_USDT,LA_USDT,42.622368,70.450127,329.019000,4134.082000,314.000000,3916.000000,true,true,120,1780406220000,0.105000
gate,LDO_USDT,LDO_USDT,65.830876,91.841569,6825.197600,10790.970100,21069.000000,33333.000000,true,true,120,1780406220000,0.325000
gate,LIGHT_USDT,LIGHT_USDT,109.217199,153.658404,11376.025000,15825.803000,8334.000000,11597.000000,true,true,120,1780406220000,0.136400
gate,LINEA_USDT,LINEA_USDT,44.575166,62.566970,1872.055200,4082.816200,6076.000000,13249.000000,true,true,120,1780406220000,0.003084
gate,LINK_USDT,LINK_USDT,44.143107,60.077609,245102.056000,426975.265000,27739.000000,48375.000000,true,true,120,1780406220000,8.857000
gate,LISTA_USDT,LISTA_USDT,45.365268,51.512086,17.232800,497.269600,26.000000,752.000000,true,true,120,1780406220000,0.066280
gate,LIT_USDT,LIT_USDT,133.052494,185.885621,26034.130000,64514.394000,19657.000000,48924.000000,true,true,120,1780406220000,1.332000
gate,LPT_USDT,LPT_USDT,29.160454,29.160454,1029.026700,1029.026700,5003.000000,5003.000000,true,true,120,1780406220000,2.055000
gate,LQTY_USDT,LQTY_USDT,99.103189,123.396890,1911.675000,4601.782400,6912.000000,16533.000000,true,true,120,1780406220000,0.275600
gate,LSK_USDT,LSK_USDT,12.712033,22.024490,12.902900,129.767900,116.000000,1166.000000,true,true,120,1780406220000,0.111300
gate,LTC_USDT,LTC_USDT,29.324910,41.491383,129503.591000,264157.131000,26199.000000,53542.000000,true,true,120,1780406220000,49.460000
gate,LUMIA_USDT,LUMIA_USDT,75.298773,80.680274,77.700750,80.673310,765.000000,794.000000,true,true,120,1780406220000,0.101470
gate,LYN_USDT,LYN_USDT,69.279180,99.919029,6461.783000,8947.024600,18146.000000,25092.000000,true,true,120,1780406220000,0.035500
gate,MAGIC_USDT,MAGIC_USDT,33.672865,38.801632,781.307420,827.109640,13687.000000,14489.000000,true,true,120,1780406220000,0.057270
gate,MAGMA_USDT,MAGMA_USDT,70.336519,70.546593,1399.613400,1410.639400,510.000000,514.000000,true,true,120,1780406220000,0.273510
gate,MANA_USDT,MANA_USDT,29.300473,41.498055,0.008203,0.016382,1.000000,2.000000,true,true,120,1780406220000,0.082030
gate,MANTA_USDT,MANTA_USDT,36.122840,64.001795,1720.935310,15448.198590,22730.000000,204410.000000,true,true,120,1780406220000,0.075830
gate,MANTRA_USDT,MANTRA_USDT,25.905476,63.842910,1035.170700,4132.661100,1274.000000,5091.000000,true,true,120,1780406220000,0.008126
gate,MASK_USDT,MASK_USDT,48.000833,74.853206,387.666950,2511.058420,8842.000000,57117.000000,true,true,120,1780406220000,0.437300
gate,MAVIA_USDT,MAVIA_USDT,39.898261,65.972090,100.337650,860.849410,3382.000000,28930.000000,true,true,120,1780406220000,0.029680
gate,MAV_USDT,MAV_USDT,69.691326,100.839466,5306.137000,6981.787400,40619.000000,53449.000000,true,true,120,1780406220000,0.013090
gate,MBOX_USDT,MBOX_USDT,120.674123,182.090566,2667.094150,9352.140664,2071046.000000,7255315.000000,true,true,120,1780406220000,0.012834
gate,MEGA_USDT,MEGA_USDT,54.351364,79.359223,39425.197900,46450.542800,68113.000000,80179.000000,true,true,120,1780406220000,0.057960
gate,MELANIA_USDT,MELANIA_USDT,111.848878,128.475011,6542.397070,14212.747730,70126.000000,151713.000000,true,true,120,1780406220000,0.093180
gate,MEME_USDT,MEME_USDT,64.259214,96.492910,4052.238256,6224.017822,775393.000000,1193467.000000,true,true,120,1780406220000,0.000525
gate,MERL_USDT,MERL_USDT,129.439924,175.972338,20590.604810,39460.011750,697176.000000,1336502.000000,true,true,120,1780406220000,0.029810
gate,METIS_USDT,METIS_USDT,32.076850,32.715140,20.355800,42.475010,652.000000,1363.000000,true,true,120,1780406220000,3.125000
gate,MET_USDT,MET_USDT,69.628114,86.970882,3243.937500,3636.336700,24260.000000,27211.000000,true,true,120,1780406220000,0.134200
gate,MEW_USDT,MEW_USDT,54.140124,88.032933,129.542500,449.477700,265.000000,922.000000,true,true,120,1780406220000,0.000488
gate,ME_USDT,ME_USDT,75.505863,104.884271,4192.646570,13529.674290,514072.000000,1664504.000000,true,true,120,1780406220000,0.081700
gate,MINA_USDT,MINA_USDT,48.656608,76.310266,182.334773,385.072780,33252.000000,70240.000000,true,true,120,1780406220000,0.054740
gate,MIRA_USDT,MIRA_USDT,54.127055,68.558674,295.740380,297.932720,3894.000000,3923.000000,true,true,120,1780406220000,0.076030
gate,MITO_USDT,MITO_USDT,65.408673,79.845372,1080.854100,1400.971600,3337.000000,4319.000000,true,true,120,1780406220000,0.032450
gate,MMT_USDT,MMT_USDT,54.518128,101.874521,2250.932000,8263.255000,1831.000000,6752.000000,true,true,120,1780406220000,0.123000
gate,MOCA_USDT,MOCA_USDT,36.030938,61.248833,7.300500,18.255900,62.000000,155.000000,true,true,120,1780406220000,0.011790
gate,MON_USDT,MON_USDT,70.234339,127.754285,5346.699400,11444.803600,24729.000000,53237.000000,true,true,120,1780406220000,0.021760
gate,MOODENG_USDT,MOODENG_USDT,58.551817,98.301115,9423.556800,27088.435400,19052.000000,54838.000000,true,true,120,1780406220000,0.049500
gate,MORPHO_USDT,MORPHO_USDT,60.298315,85.409837,249.902900,2757.473600,125.000000,1374.000000,true,true,120,1780406220000,1.991500
gate,MOVE_USDT,MOVE_USDT,389.707392,397.771026,41971.864650,42402.451120,2744988.000000,2774505.000000,true,true,120,1780406220000,0.015320
gate,MOVR_USDT,MOVR_USDT,51.736138,67.655088,259.723740,538.610720,15947.000000,33152.000000,true,true,120,1780406220000,1.625000
gate,MTL_USDT,MTL_USDT,0.000000,0.000000,0.000000,0.000000,0.000000,0.000000,true,true,120,1780406220000,0.277900
gate,MUBARAK_USDT,MUBARAK_USDT,53.718632,73.190082,722.693600,783.314600,6002.000000,6503.000000,true,true,120,1780406220000,0.012040
gate,MYX_USDT,MYX_USDT,350.462501,446.522366,282352.232000,378024.177500,843300.000000,1130009.000000,true,true,120,1780406220000,0.337000
gate,M_USDT,M_USDT,36.788605,74.445701,4038.103900,11262.773400,119.000000,332.000000,true,true,120,1780406220000,3.309000
gate,NAORIS_USDT,NAORIS_USDT,96.221944,137.002207,2530.723000,5287.615000,753.000000,1568.000000,true,true,120,1780406220000,0.033600
gate,NEAR_USDT,NEAR_USDT,139.963708,190.216576,444773.006200,1133213.575100,164130.000000,418062.000000,true,true,120,1780406220000,2.715300
gate,NEO_USDT,NEO_USDT,29.522701,46.588921,2806.556000,14449.156000,1068.000000,5516.000000,true,true,120,1780406220000,2.627000
gate,NEWT_USDT,NEWT_USDT,0.000000,0.000000,0.000000,0.000000,0.000000,0.000000,true,true,120,1780406220000,0.066220
gate,NFP_USDT,NFP_USDT,68.393341,118.884846,659.503490,1125.849830,64644.000000,110007.000000,true,true,120,1780406220000,0.010250
gate,NIGHT_USDT,NIGHT_USDT,44.080251,59.235973,191.279300,2193.458300,493.000000,5652.000000,true,true,120,1780406220000,0.038690
gate,NIL_USDT,NIL_USDT,229.105155,253.056801,36929.356540,42722.335810,586368.000000,676991.000000,true,true,120,1780406220000,0.063640
gate,NMR_USDT,NMR_USDT,24.956255,29.915327,94.311500,189.299600,111.000000,223.000000,true,true,120,1780406220000,8.493000
gate,NOM_USDT,NOM_USDT,209.088906,553.199750,17539.407200,35389.820700,73311.000000,149091.000000,true,true,120,1780406220000,0.002368
gate,NOT_USDT,NOT_USDT,41.183015,90.826329,262.391820,490.655370,5509.000000,10317.000000,true,true,120,1780406220000,0.000478
gate,NXPC_USDT,NXPC_USDT,47.338032,78.120378,1413.768100,5539.110900,3223.000000,12602.000000,true,true,120,1780406220000,0.440400
gate,OGN_USDT,OGN_USDT,30.978401,45.361483,642.101380,675.733070,30324.000000,31914.000000,true,true,120,1780406220000,0.021150
gate,OG_USDT,OG_USDT,0.000000,43.314372,0.000000,1735.335600,0.000000,6148.000000,true,true,120,1780406220000,2.816000
gate,ONDO_USDT,ONDO_USDT,173.395509,237.742190,462609.565900,819163.634200,1245456.000000,2222124.000000,true,true,120,1780406220000,0.372600
gate,ONE_USDT,ONE_USDT,30.927860,157.458757,0.019430,173.288720,1.000000,8935.000000,true,true,120,1780406220000,0.001943
gate,ONG_USDT,ONG_USDT,40.180914,49.514103,229.032900,872.923800,382.000000,1454.000000,true,true,120,1780406220000,0.060180
gate,ONT_USDT,ONT_USDT,38.274407,62.211641,384.141760,2483.059620,7513.000000,48818.000000,true,true,120,1780406220000,0.051290
gate,ON_USDT,ON_USDT,40.453734,55.042104,153.457700,162.543300,152.000000,161.000000,true,true,120,1780406220000,0.100650
gate,OPEN_USDT,OPEN_USDT,93.356455,102.089925,7146.618000,12523.056000,3567.000000,6240.000000,true,true,120,1780406220000,0.199500
gate,OPG_USDT,OPG_USDT,191.877387,334.162382,59837.775000,147704.227000,31345.000000,76043.000000,true,true,120,1780406220000,0.190100
gate,OPN_USDT,OPN_USDT,25.103441,68.938598,189.965000,6635.879000,159.000000,5550.000000,true,true,120,1780406220000,0.119500
gate,OP_USDT,OP_USDT,65.865493,96.800452,8134.660810,21815.785810,65179.000000,175659.000000,true,true,120,1780406220000,0.124980
gate,ORCA_USDT,ORCA_USDT,26.452928,42.844380,1314.236660,2040.874600,10755.000000,16697.000000,true,true,120,1780406220000,1.224000
gate,ORDER_USDT,ORDER_USDT,19.412524,35.685961,240.953800,742.652700,499.000000,1537.000000,true,true,120,1780406220000,0.048300
gate,ORDI_USDT,ORDI_USDT,83.431561,133.170337,30772.844100,95951.730000,82745.000000,258160.000000,true,true,120,1780406220000,3.731000
gate,PARTI_USDT,PARTI_USDT,258.966449,370.764569,2403.368100,5049.871900,4256.000000,8932.000000,true,true,120,1780406220000,0.056850
gate,PAXG_USDT,PAXG_USDT,23.466552,34.698755,51576.023900,87573.996000,11433.000000,19396.000000,true,true,120,1780406220000,4508.300000
gate,PENDLE_USDT,PENDLE_USDT,86.832516,118.713605,20064.731000,40606.260000,14131.000000,28627.000000,true,true,120,1780406220000,1.422000
gate,PENGU_USDT,PENGU_USDT,75.673970,97.586325,38389.971100,79280.262100,52376.000000,108501.000000,true,true,120,1780406220000,0.007366
gate,PEOPLE_USDT,PEOPLE_USDT,40.181832,97.089270,3275.350100,7996.164820,51796.000000,126528.000000,true,true,120,1780406220000,0.006339
gate,PHA_USDT,PHA_USDT,69.363086,116.350816,12032.841010,16164.181870,318196.000000,427589.000000,true,true,120,1780406220000,0.037760
gate,PIEVERSE_USDT,PIEVERSE_USDT,454.672458,552.028659,739408.360000,1023956.099000,69169.000000,96043.000000,true,true,120,1780406220000,1.037300
gate,PIPPIN_USDT,PIPPIN_USDT,133.125917,196.161001,13221.023000,38772.159000,71763.000000,210628.000000,true,true,120,1780406220000,0.018500
gate,PIXEL_USDT,PIXEL_USDT,85.962912,104.953351,230.183721,6467.057298,32861.000000,918327.000000,true,true,120,1780406220000,0.007017
gate,PLAY_USDT,PLAY_USDT,261.068409,335.792926,12097.964000,24237.832000,1114.000000,2239.000000,true,true,120,1780406220000,0.107420
gate,PLUME_USDT,PLUME_USDT,87.842363,145.363474,6478.538970,16415.703310,49799.000000,126587.000000,true,true,120,1780406220000,0.013007
gate,PNUT_USDT,PNUT_USDT,56.581764,89.837629,16001.014600,29221.554900,30425.000000,55530.000000,true,true,120,1780406220000,0.052470
gate,POLYX_USDT,POLYX_USDT,107.911802,126.141211,3843.862600,7085.151200,8254.000000,15169.000000,true,true,120,1780406220000,0.046660
gate,POL_USDT,POL_USDT,27.838354,47.705350,2413.931600,15423.377400,2631.000000,16818.000000,true,true,120,1780406220000,0.091750
gate,POPCAT_USDT,POPCAT_USDT,35.172692,63.804436,2787.383500,3296.638300,5277.000000,6241.000000,true,true,120,1780406220000,0.052770
gate,POWER_USDT,POWER_USDT,38.767219,78.559537,202.203100,283.465500,245.000000,344.000000,true,true,120,1780406220000,0.082610
gate,POWR_USDT,POWR_USDT,13.335558,13.335558,290.175600,290.175600,484.000000,484.000000,true,true,120,1780406220000,0.060030
gate,PRL_USDT,PRL_USDT,65.691264,103.246170,3270.346600,5443.353000,1584.000000,2641.000000,true,true,120,1780406220000,0.206730
gate,PROMPT_USDT,PROMPT_USDT,46.626570,56.822453,18424.246100,18937.095700,59416.000000,61066.000000,true,true,120,1780406220000,0.031120
gate,PROM_USDT,PROM_USDT,38.284508,47.433542,549.032700,700.967100,5427.000000,6931.000000,true,true,120,1780406220000,1.014000
gate,PROVE_USDT,PROVE_USDT,46.349102,83.733369,5180.736000,11865.842000,2505.000000,5727.000000,true,true,120,1780406220000,0.207200
gate,PTB_USDT,PTB_USDT,110.517208,141.585985,5399.917670,6972.351080,69418.000000,89721.000000,true,true,120,1780406220000,0.000771
gate,PUMP_USDT,PUMP_USDT,74.809475,118.133118,13162.059000,28840.935000,7193.000000,15810.000000,true,true,120,1780406220000,0.001830
gate,PUNDIX_USDT,PUNDIX_USDT,38.333819,42.696280,193.270600,299.485800,1377.000000,2132.000000,true,true,120,1780406220000,0.140700
gate,PYTH_USDT,PYTH_USDT,39.090521,61.793153,8318.745000,12797.118800,20297.000000,31216.000000,true,true,120,1780406220000,0.041060
gate,QNT_USDT,QNT_USDT,140.657919,219.122377,4281.996000,5901.618000,5655.000000,7794.000000,true,true,120,1780406220000,75.460000
gate,QTUM_USDT,QTUM_USDT,0.000000,33.448571,0.000000,129.862300,0.000000,154.000000,true,true,120,1780406220000,0.845600
gate,Q_USDT,Q_USDT,58.155392,123.357380,1755.728700,5456.493900,908.000000,2810.000000,true,true,120,1780406220000,0.019336
gate,RARE_USDT,RARE_USDT,32.866759,37.586986,536.505700,558.691200,3459.000000,3602.000000,true,true,120,1780406220000,0.015510
gate,RAVE_USDT,RAVE_USDT,85.541013,128.866497,41782.150400,79826.822500,9363.000000,17836.000000,true,true,120,1780406220000,0.445400
gate,RECALL_USDT,RECALL_USDT,40.942884,74.578871,8746.504100,9070.207500,17450.000000,18097.000000,true,true,120,1780406220000,0.050210
gate,RED_USDT,RED_USDT,46.639495,72.098026,29.587600,61.359100,248.000000,515.000000,true,true,120,1780406220000,0.119400
gate,RENDER_USDT,RENDER_USDT,145.942043,202.511998,197411.871900,261503.498200,88206.000000,117081.000000,true,true,120,1780406220000,2.216800
gate,RESOLV_USDT,RESOLV_USDT,198.841030,253.692325,33616.716500,61478.826600,142942.000000,263567.000000,true,true,120,1780406220000,0.023650
gate,REZ_USDT,REZ_USDT,19.928152,33.698590,7.050650,72.632750,180.000000,1858.000000,true,true,120,1780406220000,0.003917
gate,RIF_USDT,RIF_USDT,170.887941,281.232633,10197.406900,12961.885800,11915.000000,15153.000000,true,true,120,1780406220000,0.086470
gate,RIVER_USDT,RIVER_USDT,108.009198,199.238187,12505.497100,54559.192700,2175.000000,9499.000000,true,true,120,1780406220000,5.726000
gate,RLC_USDT,RLC_USDT,14.064700,26.032598,131.099800,434.084000,307.000000,1019.000000,true,true,120,1780406220000,0.426900
gate,ROBO_USDT,ROBO_USDT,88.024636,145.375568,3140.969000,4203.949000,1625.000000,2172.000000,true,true,120,1780406220000,0.019350
gate,ROSE_USDT,ROSE_USDT,51.100096,69.630202,261.114000,1833.271000,291.000000,2040.000000,true,true,120,1780406220000,0.008980
gate,RPL_USDT,RPL_USDT,31.292651,32.520005,20.102920,766.289550,1258.000000,47971.000000,true,true,120,1780406220000,1.600000
gate,RSR_USDT,RSR_USDT,45.787672,59.994339,18.583700,37.405600,118.000000,238.000000,true,true,120,1780406220000,0.001577
gate,RUNE_USDT,RUNE_USDT,60.569736,89.962784,92.115150,1341.067880,2275.000000,33182.000000,true,true,120,1780406220000,0.405300
gate,RVN_USDT,RVN_USDT,22.465741,32.064071,467.858960,973.132300,9180.000000,19087.000000,true,true,120,1780406220000,0.005088
gate,SAFE_USDT,SAFE_USDT,2.528552,13.713357,0.118660,0.237290,1.000000,2.000000,true,true,120,1780406220000,0.118660
gate,SAGA_USDT,SAGA_USDT,68.422337,106.815870,8448.146400,14671.279700,476672.000000,825549.000000,true,true,120,1780406220000,0.017770
gate,SAHARA_USDT,SAHARA_USDT,196.978465,265.410985,297198.970000,546998.527000,82540.000000,152266.000000,true,true,120,1780406220000,0.036470
gate,SAND_USDT,SAND_USDT,60.189379,90.685146,8484.547220,15629.245990,130562.000000,240314.000000,true,true,120,1780406220000,0.065370
gate,SAPIEN_USDT,SAPIEN_USDT,35.941186,108.950692,918.312500,1118.550600,976.000000,1188.000000,true,true,120,1780406220000,0.094050
gate,SCRT_USDT,SCRT_USDT,80.289708,95.361514,303.030480,303.589710,3815.000000,3822.000000,true,true,120,1780406220000,0.079190
gate,SCR_USDT,SCR_USDT,51.122921,54.592780,0.209670,80.401330,5.000000,1923.000000,true,true,120,1780406220000,0.041860
gate,SEI_USDT,SEI_USDT,82.570223,130.061861,23432.964300,88509.604900,34195.000000,129527.000000,true,true,120,1780406220000,0.068760
gate,SENT_USDT,SENT_USDT,27.902665,27.902665,831.044000,831.044000,562.000000,562.000000,true,true,120,1780406220000,0.014780
gate,SFP_USDT,SFP_USDT,0.000000,0.000000,0.000000,0.000000,0.000000,0.000000,true,true,120,1780406220000,0.276600
gate,SHELL_USDT,SHELL_USDT,101.095382,217.711820,3901.123700,11531.282400,12271.000000,36438.000000,true,true,120,1780406220000,0.031970
gate,SIGN_USDT,SIGN_USDT,69.436253,79.361491,760.754000,841.250000,685.000000,758.000000,true,true,120,1780406220000,0.011120
gate,SIREN_USDT,SIREN_USDT,86.898244,155.087338,22991.027800,56871.360900,380.000000,943.000000,true,true,120,1780406220000,0.588180
gate,SKL_USDT,SKL_USDT,43.482175,53.249337,2660.873000,4704.592800,47206.000000,83509.000000,true,true,120,1780406220000,0.005630
gate,SKR_USDT,SKR_USDT,37.062956,59.652211,1397.027100,1448.585700,1055.000000,1094.000000,true,true,120,1780406220000,0.013231
gate,SKYAI_USDT,SKYAI_USDT,504.534284,845.535711,1452682.812000,2493665.433800,936260.000000,1541226.000000,true,true,120,1780406220000,0.150690
gate,SKY_USDT,SKY_USDT,37.842281,45.029890,80.320000,611.557000,12.000000,91.000000,true,true,120,1780406220000,0.066920
gate,SLP_USDT,SLP_USDT,31.897954,47.885154,14.970892,724.990611,23839.000000,1156322.000000,true,true,120,1780406220000,0.000628
gate,SLX_USDT,SLX_USDT,310.429892,397.863418,558255.070500,1208794.430200,165017.000000,352808.000000,true,true,120,1780406220000,0.346390
gate,SNX_USDT,SNX_USDT,30.398665,52.481211,35.270750,43.747510,1245.000000,1545.000000,true,true,120,1780406220000,0.282800
gate,SOLV_USDT,SOLV_USDT,79.141906,80.174225,891.346660,943.605610,22793.000000,24134.000000,true,true,120,1780406220000,0.003915
gate,SOL_USDT,SOL_USDT,38.046234,52.749260,9433902.769000,19942177.176000,119512.000000,252747.000000,true,true,120,1780406220000,79.020000
gate,SOMI_USDT,SOMI_USDT,38.707247,50.409703,7082.502600,7800.016500,47640.000000,52472.000000,true,true,120,1780406220000,0.148300
gate,SONIC_USDT,SONIC_USDT,7.054644,32.507049,29.527100,79.444700,85.000000,229.000000,true,true,120,1780406220000,0.034740
gate,SOON_USDT,SOON_USDT,73.346253,110.984490,1833.436000,4424.600000,1106.000000,2669.000000,true,true,120,1780406220000,0.165700
gate,SOPH_USDT,SOPH_USDT,25.809972,25.809972,15.479100,15.479100,21.000000,21.000000,true,true,120,1780406220000,0.007371
gate,SPACE_USDT,SPACE_USDT,69.714914,85.543236,13198.471100,25009.462400,20362.000000,38560.000000,true,true,120,1780406220000,0.006514
gate,SPELL_USDT,SPELL_USDT,42.625665,55.974491,1454.084700,3475.228200,9819.000000,23411.000000,true,true,120,1780406220000,0.000148
gate,SPK_USDT,SPK_USDT,66.714137,80.128503,1942.220000,3445.784000,869.000000,1544.000000,true,true,120,1780406220000,0.022380
gate,SPX_USDT,SPX_USDT,79.720441,100.052109,7353.543000,10256.474000,2244.000000,3128.000000,true,true,120,1780406220000,0.328800
gate,SQD_USDT,SQD_USDT,27.723649,36.422854,1434.789600,1579.195500,4130.000000,4547.000000,true,true,120,1780406220000,0.034870
gate,SSV_USDT,SSV_USDT,61.627646,90.721086,349.501100,374.297900,1455.000000,1558.000000,true,true,120,1780406220000,2.408000
gate,STABLE_USDT,STABLE_USDT,99.702170,127.763689,17600.877000,33491.342000,4870.000000,9268.000000,true,true,120,1780406220000,0.035930
gate,STAR_USDT,STAR_USDT,124.770508,142.446336,3861.208200,4527.249800,2090.000000,2456.000000,true,true,120,1780406220000,0.186510
gate,STBL_USDT,STBL_USDT,78.313890,87.677553,1290.126200,1985.692100,3854.000000,5941.000000,true,true,120,1780406220000,0.033520
gate,STEEM_USDT,STEEM_USDT,32.620030,50.368660,202.286200,595.127700,400.000000,1178.000000,true,true,120,1780406220000,0.050630
gate,STG_USDT,STG_USDT,303.649297,378.303778,17579.616900,38788.767700,58130.000000,128385.000000,true,true,120,1780406220000,0.305400
gate,STORJ_USDT,STORJ_USDT,47.344494,81.936987,7742.423690,12080.129640,85597.000000,133412.000000,true,true,120,1780406220000,0.090500
gate,STO_USDT,STO_USDT,49.057792,62.418222,729.701100,3370.004800,1230.000000,5699.000000,true,true,120,1780406220000,0.059590
gate,STRK_USDT,STRK_USDT,98.271557,127.052119,10450.908240,19550.839410,276363.000000,519320.000000,true,true,120,1780406220000,0.037940
gate,STX_USDT,STX_USDT,64.672205,80.939831,9309.309600,18597.276800,41289.000000,82284.000000,true,true,120,1780406220000,0.226000
gate,SUI_USDT,SUI_USDT,56.658872,74.740543,303741.551900,593361.878900,358347.000000,701018.000000,true,true,120,1780406220000,0.849500
gate,SUN_USDT,SUN_USDT,39.235106,39.814976,343.132549,349.301383,190782.000000,194204.000000,true,true,120,1780406220000,0.017955
gate,SUPER_USDT,SUPER_USDT,55.499861,72.721031,230.534800,279.385700,2077.000000,2519.000000,true,true,120,1780406220000,0.111400
gate,SUSHI_USDT,SUSHI_USDT,37.803640,64.360481,543.022900,8074.739000,2628.000000,38959.000000,true,true,120,1780406220000,0.206800
gate,SWARMS_USDT,SWARMS_USDT,114.084956,151.312368,6951.727960,13058.242500,98518.000000,184777.000000,true,true,120,1780406220000,0.007091
gate,SYRUP_USDT,SYRUP_USDT,83.331066,101.839996,234.949800,261.867200,157.000000,175.000000,true,true,120,1780406220000,0.150920
gate,S_USDT,S_USDT,46.168004,77.776995,809.371650,861.180630,20211.000000,21506.000000,true,true,120,1780406220000,0.040020
gate,TAC_USDT,TAC_USDT,221.182594,235.565911,4780.225640,5234.197870,27780.000000,30379.000000,true,true,120,1780406220000,0.017206
gate,TAG_USDT,TAG_USDT,46.405724,112.873944,703.690000,4116.088000,57.000000,331.000000,true,true,120,1780406220000,0.001234
gate,TAIKO_USDT,TAIKO_USDT,21.556634,36.089102,246.979700,910.368900,2383.000000,8797.000000,true,true,120,1780406220000,0.103600
gate,TAKE_USDT,TAKE_USDT,77.312335,78.658778,268.414000,442.562000,1304.000000,2145.000000,true,true,120,1780406220000,0.020580
gate,TAO_USDT,TAO_USDT,70.120282,104.140540,61354.751000,118273.664000,24705.000000,47640.000000,true,true,120,1780406220000,249.200000
gate,TA_USDT,TA_USDT,188.031977,360.762101,26343.337500,83169.530600,27801.000000,87647.000000,true,true,120,1780406220000,0.094380
gate,THETA_USDT,THETA_USDT,45.633482,71.836054,3060.624300,14457.795800,16234.000000,76836.000000,true,true,120,1780406220000,0.188100
gate,THE_USDT,THE_USDT,68.761790,75.219965,1169.083100,1215.955400,13356.000000,13896.000000,true,true,120,1780406220000,0.087100
gate,TIA_USDT,TIA_USDT,96.590424,125.935192,34631.295500,55965.016700,87031.000000,140934.000000,true,true,120,1780406220000,0.398300
gate,TLM_USDT,TLM_USDT,55.192574,66.141691,434.230469,1574.463211,303659.000000,1104172.000000,true,true,120,1780406220000,0.001429
gate,TNSR_USDT,TNSR_USDT,27.359798,49.346979,0.109500,0.146100,3.000000,4.000000,true,true,120,1780406220000,0.036500
gate,TON_USDT,TON_USDT,142.657633,163.645404,212766.377750,297352.449360,1052904.000000,1470325.000000,true,true,120,1780406220000,2.014400
gate,TOSHI_USDT,TOSHI_USDT,40.349752,40.349752,536.384000,536.384000,360.000000,360.000000,true,true,120,1780406220000,0.000149
gate,TOWNS_USDT,TOWNS_USDT,46.087870,69.069807,55.434800,966.852900,182.000000,3171.000000,true,true,120,1780406220000,0.003049
gate,TRADOOR_USDT,TRADOOR_USDT,104.448237,174.029085,4940.238000,12717.197000,10144.000000,25985.000000,true,true,120,1780406220000,0.486000
gate,TRB_USDT,TRB_USDT,18.066869,28.929672,3272.995000,3955.715000,1969.000000,2381.000000,true,true,120,1780406220000,16.630000
gate,TREE_USDT,TREE_USDT,21.965222,36.536966,253.190200,1809.097300,422.000000,3015.000000,true,true,120,1780406220000,0.060020
gate,TRIA_USDT,TRIA_USDT,153.637352,162.310956,2484.942000,2499.422000,674.000000,678.000000,true,true,120,1780406220000,0.036720
gate,TRUMP_USDT,TRUMP_USDT,121.235687,152.435045,234785.303500,447353.402900,1139343.000000,2184767.000000,true,true,120,1780406220000,2.060000
gate,TRUST_USDT,TRUST_USDT,61.034323,71.534680,2600.634300,4404.539600,4105.000000,6960.000000,true,true,120,1780406220000,0.063650
gate,TRUTH_USDT,TRUTH_USDT,81.988506,98.038360,7977.643200,14034.808400,6614.000000,11638.000000,true,true,120,1780406220000,0.012043
gate,TRX_USDT,TRX_USDT,18.263398,30.903868,102300.117900,305672.893100,2990.000000,8949.000000,true,true,120,1780406220000,0.341090
gate,TURBO_USDT,TURBO_USDT,51.901663,85.081350,4505.186000,7600.592800,4396.000000,7419.000000,true,true,120,1780406220000,0.001027
gate,TURTLE_USDT,TURTLE_USDT,0.000000,21.134210,0.000000,2.127000,0.000000,5.000000,true,true,120,1780406220000,0.042540
gate,TUT_USDT,TUT_USDT,46.193685,76.507187,20721.640200,30459.592400,20278.000000,29796.000000,true,true,120,1780406220000,0.010219
gate,TWT_USDT,TWT_USDT,10.937330,20.631648,2.744400,1120.527200,6.000000,2460.000000,true,true,120,1780406220000,0.457400
gate,T_USDT,T_USDT,20.717454,53.909120,10.510400,18.153400,22.000000,38.000000,true,true,120,1780406220000,0.004776
gate,UAI_USDT,UAI_USDT,141.013580,188.393712,8172.395000,14082.336500,3005.000000,5149.000000,true,true,120,1780406220000,0.269900
gate,UB_USDT,UB_USDT,177.246408,230.183184,176900.927000,297368.236000,833.000000,1403.000000,true,true,120,1780406220000,0.211380
gate,UMA_USDT,UMA_USDT,16.868945,21.873471,39.293900,58.266700,91.000000,135.000000,true,true,120,1780406220000,0.431700
gate,UNI_USDT,UNI_USDT,46.769084,72.064610,20775.899000,48150.395000,7122.000000,16519.000000,true,true,120,1780406220000,2.919000
gate,USDC_USDT,USDC_USDT,0.000000,0.000000,0.000000,87.995600,0.000000,88.000000,true,true,120,1780406220000,0.999800
gate,USELESS_USDT,USELESS_USDT,136.526597,283.176215,50649.262900,89411.571900,51872.000000,92307.000000,true,true,120,1780406220000,0.098320
gate,USTC_USDT,USTC_USDT,60.621804,72.715956,3140.437200,9279.210700,4854.000000,14409.000000,true,true,120,1780406220000,0.006451
gate,USUAL_USDT,USUAL_USDT,32.088659,75.214210,354.339630,1312.665080,27580.000000,102377.000000,true,true,120,1780406220000,0.012830
gate,US_USDT,US_USDT,489.837333,617.994007,220781.478800,403199.764000,195241.000000,365266.000000,true,true,120,1780406220000,0.011509
gate,VANA_USDT,VANA_USDT,53.142883,92.445004,175.285100,175.815600,1313.000000,1317.000000,true,true,120,1780406220000,1.335000
gate,VANRY_USDT,VANRY_USDT,61.749706,82.091356,2570.272250,3373.341730,58118.000000,76309.000000,true,true,120,1780406220000,0.004437
gate,VELODROME_USDT,VELODROME_USDT,18.390308,37.354196,234.080000,642.288100,1522.000000,4178.000000,true,true,120,1780406220000,0.015360
gate,VELVET_USDT,VELVET_USDT,0.000000,0.000000,0.000000,0.000000,0.000000,0.000000,true,true,120,1780406220000,0.093080
gate,VET_USDT,VET_USDT,8.628873,42.166894,97.301300,163.126100,168.000000,282.000000,true,true,120,1780406220000,0.005792
gate,VIC_USDT,VIC_USDT,126.274775,202.978537,3562.056400,14226.670800,7682.000000,30448.000000,true,true,120,1780406220000,0.046480
gate,VIRTUAL_USDT,VIRTUAL_USDT,94.803600,139.802023,31395.441000,73972.003000,4170.000000,9824.000000,true,true,120,1780406220000,0.754500
gate,VTHO_USDT,VTHO_USDT,39.336777,58.007807,1541.332240,5717.120260,32201.000000,119541.000000,true,true,120,1780406220000,0.000479
gate,VVV_USDT,VVV_USDT,156.971350,189.730062,171713.069700,257409.398800,94980.000000,141984.000000,true,true,120,1780406220000,18.326000
gate,WAL_USDT,WAL_USDT,105.891732,126.247873,436.395200,563.895100,831.000000,1074.000000,true,true,120,1780406220000,0.052730
gate,WAXP_USDT,WAXP_USDT,15.405838,33.918195,2.946679,8.148460,495.000000,1369.000000,true,true,120,1780406220000,0.005951
gate,WCT_USDT,WCT_USDT,41.330916,60.395903,83.154200,116.914100,155.000000,218.000000,true,true,120,1780406220000,0.053800
gate,WET_USDT,WET_USDT,32.972577,32.972577,1957.068000,1957.068000,280.000000,280.000000,true,true,120,1780406220000,0.069870
gate,WIF_USDT,WIF_USDT,72.857039,101.179388,29723.337200,60466.784500,157329.000000,320552.000000,true,true,120,1780406220000,0.189000
gate,WLD_USDT,WLD_USDT,145.573466,223.683469,605988.619200,1160647.784900,1448077.000000,2781875.000000,true,true,120,1780406220000,0.418700
gate,WLFI_USDT,WLFI_USDT,30.360326,61.517851,6169.938600,29097.485800,10443.000000,49246.000000,true,true,120,1780406220000,0.059200
gate,WOO_USDT,WOO_USDT,56.227902,97.937426,281.956280,10611.182150,16914.000000,635496.000000,true,true,120,1780406220000,0.016680
gate,W_USDT,W_USDT,61.754198,109.635043,18428.106548,38318.406609,1432450.000000,2983320.000000,true,true,120,1780406220000,0.012890
gate,XAI_USDT,XAI_USDT,74.090222,141.048758,459.387942,10416.827087,45415.000000,1028048.000000,true,true,120,1780406220000,0.010037
gate,XAN_USDT,XAN_USDT,123.065140,180.975836,59907.615500,124446.710500,60173.000000,124039.000000,true,true,120,1780406220000,0.009979
gate,XAUT_USDT,XAUT_USDT,17.595450,30.286303,1299089.615300,1815970.757400,288917.000000,403621.000000,true,true,120,1780406220000,4494.200000
gate,XLM_USDT,XLM_USDT,125.165542,149.743262,512259.839700,879740.672700,220174.000000,379945.000000,true,true,120,1780406220000,0.233240
gate,XMR_USDT,XMR_USDT,111.544912,145.575309,30796.368000,53517.759700,8939.000000,15548.000000,true,true,120,1780406220000,342.950000
gate,XNY_USDT,XNY_USDT,37.364743,131.646182,5.824500,1300.442300,9.000000,1980.000000,true,true,120,1780406220000,0.006461
gate,XPIN_USDT,XPIN_USDT,102.601534,152.408749,765.106000,10162.361400,586.000000,7767.000000,true,true,120,1780406220000,0.001313
gate,XPL_USDT,XPL_USDT,113.403401,162.224313,89440.215600,184366.903800,94430.000000,194760.000000,true,true,120,1780406220000,0.095040
gate,XRP_USDT,XRP_USDT,31.974408,44.241195,1734162.950800,3732489.406300,137168.000000,295496.000000,true,true,120,1780406220000,1.265800
gate,XTZ_USDT,XTZ_USDT,31.663199,35.603138,64.965800,158.328700,208.000000,506.000000,true,true,120,1780406220000,0.313000
gate,XVS_USDT,XVS_USDT,19.860464,41.233198,6.900550,211.725120,269.000000,8236.000000,true,true,120,1780406220000,2.566000
gate,YB_USDT,YB_USDT,87.185099,109.121819,3351.311000,5581.923300,31947.000000,53273.000000,true,true,120,1780406220000,0.104900
gate,YFI_USDT,YFI_USDT,63.914048,63.914048,1752.631400,1752.631400,7762.000000,7762.000000,true,true,120,1780406220000,2259.800000
gate,YGG_USDT,YGG_USDT,50.354642,76.519325,1347.747500,9071.530990,36992.000000,249318.000000,true,true,120,1780406220000,0.036480
gate,ZAMA_USDT,ZAMA_USDT,35.390180,93.196433,1213.593500,6111.219100,3530.000000,17718.000000,true,true,120,1780406220000,0.034450
gate,ZBT_USDT,ZBT_USDT,45.100052,61.567185,15495.131800,20719.563600,12630.000000,16877.000000,true,true,120,1780406220000,0.122560
gate,ZEC_USDT,ZEC_USDT,178.992604,208.420163,2963190.614900,4154793.736200,513110.000000,722289.000000,true,true,120,1780406220000,582.730000
gate,ZEREBRO_USDT,ZEREBRO_USDT,74.245090,133.986174,7747.006370,22198.048840,30721.000000,88342.000000,true,true,120,1780406220000,0.025363
gate,ZETA_USDT,ZETA_USDT,102.252850,107.837768,1787.866250,1933.379430,35580.000000,38499.000000,true,true,119,1780406220000,0.050220
gate,ZIL_USDT,ZIL_USDT,0.000000,21.712759,0.000000,51.119300,0.000000,1377.000000,true,true,120,1780406280000,0.003718
gate,ZKC_USDT,ZKC_USDT,30.968276,36.938429,30.228900,49.976000,49.000000,81.000000,true,true,120,1780406280000,0.061790
gate,ZKP_USDT,ZKP_USDT,29.626291,42.108268,1405.446300,1983.733100,2100.000000,2964.000000,true,true,120,1780406280000,0.067000
gate,ZK_USDT,ZK_USDT,58.008562,78.164967,4342.763443,8153.925752,3173349.000000,5971521.000000,true,true,120,1780406280000,0.013710
gate,ZORA_USDT,ZORA_USDT,299.574136,335.040495,44052.657000,51396.310000,37912.000000,44418.000000,true,true,120,1780406280000,0.011610
gate,ZRO_USDT,ZRO_USDT,49.878681,71.790867,1237.396000,2167.785000,1091.000000,1913.000000,true,true,120,1780406280000,1.137000
gate,ZRX_USDT,ZRX_USDT,4.841912,48.657978,0.619740,545.237130,6.000000,5273.000000,true,true,120,1780406280000,0.103290
gate,币安人生_USDT,币安人生_USDT,120.248178,192.932135,44605.039400,61128.573500,7227.000000,9903.000000,true,true,120,1780406280000,0.617290
gate,我踏马来了_USDT,我踏马来了_USDT,46.311952,166.360732,2274.345500,39640.537600,269.000000,4680.000000,true,true,120,1780406280000,0.008416
gate,龙虾_USDT,龙虾_USDT,153.862070,174.214887,4265.304200,4960.428200,6216.000000,7213.000000,true,true,120,1780406280000,0.006866
